name,address,postalC,startDate,endDate,description,Keywords,Halal
4FINGERS CRISPY CHICKEN,"Balestier, 601 Balestier Road",329903,1/11/2025,31/12/2026,"PASSION MEMBERSHIP PRIVILEGE:
- 10% off regular-priced items with a minimum spending of $20","food, beverages, fast food, casual dining, chicken, crispy chicken, fried chicken, Korean-style chicken, chicken wings, burgers, fries, spicy food, snacks, takeaway, halal food",Yes
4FINGERS CRISPY CHICKEN,"Causeway Point, 1 Woodlands Square, #01-38/39",738099,1/11/2025,31/12/2026,"PASSION MEMBERSHIP PRIVILEGE:
- 10% off regular-priced items with a minimum spending of $20","food, beverages, fast food, casual dining, chicken, crispy chicken, fried chicken, Korean-style chicken, chicken wings, burgers, fries, spicy food, snacks, takeaway, halal food",Yes
4FINGERS CRISPY CHICKEN,"Hillion Mall, 17 Petir Road, #B1-65A",678278,1/11/2025,31/12/2026,"PASSION MEMBERSHIP PRIVILEGE:
- 10% off regular-priced items with a minimum spending of $20","food, beverages, fast food, casual dining, chicken, crispy chicken, fried chicken, Korean-style chicken, chicken wings, burgers, fries, spicy food, snacks, takeaway, halal food",Yes
4FINGERS CRISPY CHICKEN,"Jalan Kayu, 225 Jalan Kayu",799449,1/11/2025,31/12/2026,"PASSION MEMBERSHIP PRIVILEGE:
- 10% off regular-priced items with a minimum spending of $20","food, beverages, fast food, casual dining, chicken, crispy chicken, fried chicken, Korean-style chicken, chicken wings, burgers, fries, spicy food, snacks, takeaway, halal food",Yes
4FINGERS CRISPY CHICKEN,"Jem, 50 Jurong Gateway Road, #01-15/15A",608549,1/11/2025,31/12/2026,"PASSION MEMBERSHIP PRIVILEGE:
- 10% off regular-priced items with a minimum spending of $20","food, beverages, fast food, casual dining, chicken, crispy chicken, fried chicken, Korean-style chicken, chicken wings, burgers, fries, spicy food, snacks, takeaway, halal food",Yes
4FINGERS CRISPY CHICKEN,"Junction 8, 9 Bishan Place, #01-32",579837,1/11/2025,31/12/2026,"PASSION MEMBERSHIP PRIVILEGE:
- 10% off regular-priced items with a minimum spending of $20","food, beverages, fast food, casual dining, chicken, crispy chicken, fried chicken, Korean-style chicken, chicken wings, burgers, fries, spicy food, snacks, takeaway, halal food",Yes
4FINGERS CRISPY CHICKEN,"Jurong Point, 1 Jurong West Central 2, #02-42",648886,1/11/2025,31/12/2026,"PASSION MEMBERSHIP PRIVILEGE:
- 10% off regular-priced items with a minimum spending of $20","food, beverages, fast food, casual dining, chicken, crispy chicken, fried chicken, Korean-style chicken, chicken wings, burgers, fries, spicy food, snacks, takeaway, halal food",Yes
4FINGERS CRISPY CHICKEN,"Le Quest Mall, 4 Bukit Batok Street 41, #01-14/15",657991,1/11/2025,31/12/2026,"PASSION MEMBERSHIP PRIVILEGE:
- 10% off regular-priced items with a minimum spending of $20","food, beverages, fast food, casual dining, chicken, crispy chicken, fried chicken, Korean-style chicken, chicken wings, burgers, fries, spicy food, snacks, takeaway, halal food",Yes
4FINGERS CRISPY CHICKEN,"Maju Garden, 2 Maju Avenue, Serangoon Garden Estate",556680,1/11/2025,31/12/2026,"PASSION MEMBERSHIP PRIVILEGE:
- 10% off regular-priced items with a minimum spending of $20","food, beverages, fast food, casual dining, chicken, crispy chicken, fried chicken, Korean-style chicken, chicken wings, burgers, fries, spicy food, snacks, takeaway, halal food",Yes
4FINGERS CRISPY CHICKEN,"Nee Soon East Community Club, No. 1 Yishun Avenue 9, #01-03",768893,1/11/2025,31/12/2026,"PASSION MEMBERSHIP PRIVILEGE:
- 10% off regular-priced items with a minimum spending of $20","food, beverages, fast food, casual dining, chicken, crispy chicken, fried chicken, Korean-style chicken, chicken wings, burgers, fries, spicy food, snacks, takeaway, halal food",Yes
4FINGERS CRISPY CHICKEN,"New Upper Changi, Blk 56 New Upper Changi Road, #01-1316",461056,1/11/2025,31/12/2026,"PASSION MEMBERSHIP PRIVILEGE:
- 10% off regular-priced items with a minimum spending of $20","food, beverages, fast food, casual dining, chicken, crispy chicken, fried chicken, Korean-style chicken, chicken wings, burgers, fries, spicy food, snacks, takeaway, halal food",Yes
4FINGERS CRISPY CHICKEN,"NEX, 23 Serangoon Central, #B2-50/51",556083,1/11/2025,31/12/2026,"PASSION MEMBERSHIP PRIVILEGE:
- 10% off regular-priced items with a minimum spending of $20","food, beverages, fast food, casual dining, chicken, crispy chicken, fried chicken, Korean-style chicken, chicken wings, burgers, fries, spicy food, snacks, takeaway, halal food",Yes
4FINGERS CRISPY CHICKEN,"Northshore Plaza 2, 418 Northshore Drive, #01-09",820418,1/11/2025,31/12/2026,"PASSION MEMBERSHIP PRIVILEGE:
- 10% off regular-priced items with a minimum spending of $20","food, beverages, fast food, casual dining, chicken, crispy chicken, fried chicken, Korean-style chicken, chicken wings, burgers, fries, spicy food, snacks, takeaway, halal food",Yes
4FINGERS CRISPY CHICKEN,"Orchard Gateway, 277 Orchard Road, #01-04/05",238858,1/11/2025,31/12/2026,"PASSION MEMBERSHIP PRIVILEGE:
- 10% off regular-priced items with a minimum spending of $20","food, beverages, fast food, casual dining, chicken, crispy chicken, fried chicken, Korean-style chicken, chicken wings, burgers, fries, spicy food, snacks, takeaway, halal food",Yes
4FINGERS CRISPY CHICKEN,"Pasir Ris Mall, 7 Pasir Ris Central, #B1-36",519612,1/11/2025,31/12/2026,"PASSION MEMBERSHIP PRIVILEGE:
- 10% off regular-priced items with a minimum spending of $20","food, beverages, fast food, casual dining, chicken, crispy chicken, fried chicken, Korean-style chicken, chicken wings, burgers, fries, spicy food, snacks, takeaway, halal food",Yes
4FINGERS CRISPY CHICKEN,"Paya Lebar Square, 60 Paya Lebar Road, #01-80/90 and #01-K1",409051,1/11/2025,31/12/2026,"PASSION MEMBERSHIP PRIVILEGE:
- 10% off regular-priced items with a minimum spending of $20","food, beverages, fast food, casual dining, chicken, crispy chicken, fried chicken, Korean-style chicken, chicken wings, burgers, fries, spicy food, snacks, takeaway, halal food",Yes
4FINGERS CRISPY CHICKEN,"Stars of Kovan, 988 Upper Serangoon Road, #01-29",534733,1/11/2025,31/12/2026,"PASSION MEMBERSHIP PRIVILEGE:
- 10% off regular-priced items with a minimum spending of $20","food, beverages, fast food, casual dining, chicken, crispy chicken, fried chicken, Korean-style chicken, chicken wings, burgers, fries, spicy food, snacks, takeaway, halal food",Yes
4FINGERS CRISPY CHICKEN,"Tampines 1, 10 Tampines Central 1, #01-39/40",529536,1/11/2025,31/12/2026,"PASSION MEMBERSHIP PRIVILEGE:
- 10% off regular-priced items with a minimum spending of $20","food, beverages, fast food, casual dining, chicken, crispy chicken, fried chicken, Korean-style chicken, chicken wings, burgers, fries, spicy food, snacks, takeaway, halal food",Yes
4FINGERS CRISPY CHICKEN,"Tiong Bahru Plaza, 302 Tiong Bahru Road, #01-105",168732,1/11/2025,31/12/2026,"PASSION MEMBERSHIP PRIVILEGE:
- 10% off regular-priced items with a minimum spending of $20","food, beverages, fast food, casual dining, chicken, crispy chicken, fried chicken, Korean-style chicken, chicken wings, burgers, fries, spicy food, snacks, takeaway, halal food",Yes
4FINGERS CRISPY CHICKEN,"VivoCity, 1 Harbourfront Walk, #02-120",98585,1/11/2025,31/12/2026,"PASSION MEMBERSHIP PRIVILEGE:
- 10% off regular-priced items with a minimum spending of $20","food, beverages, fast food, casual dining, chicken, crispy chicken, fried chicken, Korean-style chicken, chicken wings, burgers, fries, spicy food, snacks, takeaway, halal food",Yes
AcuMed Medical Group,"Bedok, Blk 214 Bedok North Street 1, #01-165",460214,-,-,"PASSION MEMBERSHIP PRIVILEGES:
- AcuMed DYNAMIC Health Screening at $52.32 nett
- AcuMed ELEVATE Health Screening at $74.12 nett
- AcuMed FRESH Health Screening at $85.02 nett
- AcuMed GLOW Health Screening at $106.82 nett
- AcuMed PRIME Health Screening at $158.05 nett
- AcuMed REJUVENATE Health Screening at $212.55 nett
- AcuMed STRENGTH Health Screening at $297.57 nett
- AcuMed TENACITY Health Screening at $341.17 nett
- AcuMed ULTRA Health Screening at $373.87 nett
- AcuMed VITALITY Health Screening at $395.67 nett
- AcuMed WELLNESS Health Screening at $537.37 nett
- AcuMed ZEST Health Screening at $646.37 nett","healthcare, medical clinic, doctors, family medicine, general practitioner, medical services, health screening",Not verified
AcuMed Medical Group,"Boon Lay MRT, 301 Boon Lay Way, #01-18/19",649846,-,-,"PASSION MEMBERSHIP PRIVILEGES:
- AcuMed DYNAMIC Health Screening at $52.32 nett
- AcuMed ELEVATE Health Screening at $74.12 nett
- AcuMed FRESH Health Screening at $85.02 nett
- AcuMed GLOW Health Screening at $106.82 nett
- AcuMed PRIME Health Screening at $158.05 nett
- AcuMed REJUVENATE Health Screening at $212.55 nett
- AcuMed STRENGTH Health Screening at $297.57 nett
- AcuMed TENACITY Health Screening at $341.17 nett
- AcuMed ULTRA Health Screening at $373.87 nett
- AcuMed VITALITY Health Screening at $395.67 nett
- AcuMed WELLNESS Health Screening at $537.37 nett
- AcuMed ZEST Health Screening at $646.37 nett","healthcare, medical clinic, doctors, family medicine, general practitioner, medical services, health screening",Not verified
AcuMed Medical Group,"FairPrice Hub, 1 Joo Koon Circle, #01-23",629117,-,-,"PASSION MEMBERSHIP PRIVILEGES:
- AcuMed DYNAMIC Health Screening at $52.32 nett
- AcuMed ELEVATE Health Screening at $74.12 nett
- AcuMed FRESH Health Screening at $85.02 nett
- AcuMed GLOW Health Screening at $106.82 nett
- AcuMed PRIME Health Screening at $158.05 nett
- AcuMed REJUVENATE Health Screening at $212.55 nett
- AcuMed STRENGTH Health Screening at $297.57 nett
- AcuMed TENACITY Health Screening at $341.17 nett
- AcuMed ULTRA Health Screening at $373.87 nett
- AcuMed VITALITY Health Screening at $395.67 nett
- AcuMed WELLNESS Health Screening at $537.37 nett
- AcuMed ZEST Health Screening at $646.37 nett","healthcare, medical clinic, doctors, family medicine, general practitioner, medical services, health screening",Not verified
AcuMed Medical Group,"Jurong Point, 1 Jurong West Central 2, #B1A-19E",648886,-,-,"PASSION MEMBERSHIP PRIVILEGES:
- AcuMed DYNAMIC Health Screening at $52.32 nett
- AcuMed ELEVATE Health Screening at $74.12 nett
- AcuMed FRESH Health Screening at $85.02 nett
- AcuMed GLOW Health Screening at $106.82 nett
- AcuMed PRIME Health Screening at $158.05 nett
- AcuMed REJUVENATE Health Screening at $212.55 nett
- AcuMed STRENGTH Health Screening at $297.57 nett
- AcuMed TENACITY Health Screening at $341.17 nett
- AcuMed ULTRA Health Screening at $373.87 nett
- AcuMed VITALITY Health Screening at $395.67 nett
- AcuMed WELLNESS Health Screening at $537.37 nett
- AcuMed ZEST Health Screening at $646.37 nett","healthcare, medical clinic, doctors, family medicine, general practitioner, medical services, health screening",Not verified
AcuMed Medical Group,"Sengkang, Blk 215C Compassvale Drive, #01-02",543215,-,-,"PASSION MEMBERSHIP PRIVILEGES:
- AcuMed DYNAMIC Health Screening at $52.32 nett
- AcuMed ELEVATE Health Screening at $74.12 nett
- AcuMed FRESH Health Screening at $85.02 nett
- AcuMed GLOW Health Screening at $106.82 nett
- AcuMed PRIME Health Screening at $158.05 nett
- AcuMed REJUVENATE Health Screening at $212.55 nett
- AcuMed STRENGTH Health Screening at $297.57 nett
- AcuMed TENACITY Health Screening at $341.17 nett
- AcuMed ULTRA Health Screening at $373.87 nett
- AcuMed VITALITY Health Screening at $395.67 nett
- AcuMed WELLNESS Health Screening at $537.37 nett
- AcuMed ZEST Health Screening at $646.37 nett","healthcare, medical clinic, doctors, family medicine, general practitioner, medical services, health screening",Not verified
AcuMed Medical Group,"Taman Jurong, Blk 64 Yung Kuang Road, #01-107/111",610064,-,-,"PASSION MEMBERSHIP PRIVILEGES:
- AcuMed DYNAMIC Health Screening at $52.32 nett
- AcuMed ELEVATE Health Screening at $74.12 nett
- AcuMed FRESH Health Screening at $85.02 nett
- AcuMed GLOW Health Screening at $106.82 nett
- AcuMed PRIME Health Screening at $158.05 nett
- AcuMed REJUVENATE Health Screening at $212.55 nett
- AcuMed STRENGTH Health Screening at $297.57 nett
- AcuMed TENACITY Health Screening at $341.17 nett
- AcuMed ULTRA Health Screening at $373.87 nett
- AcuMed VITALITY Health Screening at $395.67 nett
- AcuMed WELLNESS Health Screening at $537.37 nett
- AcuMed ZEST Health Screening at $646.37 nett","healthcare, medical clinic, doctors, family medicine, general practitioner, medical services, health screening",Not verified
AcuMed Medical Group,"Tampines Polyview, Blk 801 Tampines Avenue 4, #01-269",520801,-,-,"PASSION MEMBERSHIP PRIVILEGES:
- AcuMed DYNAMIC Health Screening at $52.32 nett
- AcuMed ELEVATE Health Screening at $74.12 nett
- AcuMed FRESH Health Screening at $85.02 nett
- AcuMed GLOW Health Screening at $106.82 nett
- AcuMed PRIME Health Screening at $158.05 nett
- AcuMed REJUVENATE Health Screening at $212.55 nett
- AcuMed STRENGTH Health Screening at $297.57 nett
- AcuMed TENACITY Health Screening at $341.17 nett
- AcuMed ULTRA Health Screening at $373.87 nett
- AcuMed VITALITY Health Screening at $395.67 nett
- AcuMed WELLNESS Health Screening at $537.37 nett
- AcuMed ZEST Health Screening at $646.37 nett","healthcare, medical clinic, doctors, family medicine, general practitioner, medical services, health screening",Not verified
AcuMed Medical Group,"Guoco Tower, 7 Wallich Street, #B1-15",78884,-,-,"PASSION MEMBERSHIP PRIVILEGES:
- AcuMed DYNAMIC Health Screening at $52.32 nett
- AcuMed ELEVATE Health Screening at $74.12 nett
- AcuMed FRESH Health Screening at $85.02 nett
- AcuMed GLOW Health Screening at $106.82 nett
- AcuMed PRIME Health Screening at $158.05 nett
- AcuMed REJUVENATE Health Screening at $212.55 nett
- AcuMed STRENGTH Health Screening at $297.57 nett
- AcuMed TENACITY Health Screening at $341.17 nett
- AcuMed ULTRA Health Screening at $373.87 nett
- AcuMed VITALITY Health Screening at $395.67 nett
- AcuMed WELLNESS Health Screening at $537.37 nett
- AcuMed ZEST Health Screening at $646.37 nett","healthcare, medical clinic, doctors, family medicine, general practitioner, medical services, health screening",Not verified
AcuMed Medical Group,"Teban Gardens, Blk 38 Teban Gardens Road, #01-318/319",600038,-,-,"PASSION MEMBERSHIP PRIVILEGES:
- AcuMed DYNAMIC Health Screening at $52.32 nett
- AcuMed ELEVATE Health Screening at $74.12 nett
- AcuMed FRESH Health Screening at $85.02 nett
- AcuMed GLOW Health Screening at $106.82 nett
- AcuMed PRIME Health Screening at $158.05 nett
- AcuMed REJUVENATE Health Screening at $212.55 nett
- AcuMed STRENGTH Health Screening at $297.57 nett
- AcuMed TENACITY Health Screening at $341.17 nett
- AcuMed ULTRA Health Screening at $373.87 nett
- AcuMed VITALITY Health Screening at $395.67 nett
- AcuMed WELLNESS Health Screening at $537.37 nett
- AcuMed ZEST Health Screening at $646.37 nett","healthcare, medical clinic, doctors, family medicine, general practitioner, medical services, health screening",Not verified
AcuMed Medical Group,"Tuas Amenity Centre, 71 Pioneer Road, #01-06",639591,-,-,"PASSION MEMBERSHIP PRIVILEGES:
- AcuMed DYNAMIC Health Screening at $52.32 nett
- AcuMed ELEVATE Health Screening at $74.12 nett
- AcuMed FRESH Health Screening at $85.02 nett
- AcuMed GLOW Health Screening at $106.82 nett
- AcuMed PRIME Health Screening at $158.05 nett
- AcuMed REJUVENATE Health Screening at $212.55 nett
- AcuMed STRENGTH Health Screening at $297.57 nett
- AcuMed TENACITY Health Screening at $341.17 nett
- AcuMed ULTRA Health Screening at $373.87 nett
- AcuMed VITALITY Health Screening at $395.67 nett
- AcuMed WELLNESS Health Screening at $537.37 nett
- AcuMed ZEST Health Screening at $646.37 nett","healthcare, medical clinic, doctors, family medicine, general practitioner, medical services, health screening",Not verified
AcuMed Medical Group,"Woodlands, Blk 111 Woodlands Street 13, #01-78",730111,-,-,"PASSION MEMBERSHIP PRIVILEGES:
- AcuMed DYNAMIC Health Screening at $52.32 nett
- AcuMed ELEVATE Health Screening at $74.12 nett
- AcuMed FRESH Health Screening at $85.02 nett
- AcuMed GLOW Health Screening at $106.82 nett
- AcuMed PRIME Health Screening at $158.05 nett
- AcuMed REJUVENATE Health Screening at $212.55 nett
- AcuMed STRENGTH Health Screening at $297.57 nett
- AcuMed TENACITY Health Screening at $341.17 nett
- AcuMed ULTRA Health Screening at $373.87 nett
- AcuMed VITALITY Health Screening at $395.67 nett
- AcuMed WELLNESS Health Screening at $537.37 nett
- AcuMed ZEST Health Screening at $646.37 nett","healthcare, medical clinic, doctors, family medicine, general practitioner, medical services, health screening",Not verified
AIBI,"IMM, 2 Jurong East Street 21, #02-43",609601,1/1/2026,31/12/2026,"PASSION MEMBERSHIP PRIVILEGE:
- 10% off accessories","fitness, gym, exercise equipment, home fitness, sports equipment, treadmills, weights, strength training, cardio",Not verified
AIBI,"AIBI Maxwell, 30 Maxwell Road, #01-01",69114,1/1/2026,31/12/2026,"PASSION MEMBERSHIP PRIVILEGE:
- 10% off accessories","fitness, gym, exercise equipment, home fitness, sports equipment, treadmills, weights, strength training, cardio",Not verified
AIBI,"Plaza Singapura, 68 Orchard Road, #03-06",238839,1/1/2026,31/12/2026,"PASSION MEMBERSHIP PRIVILEGE:
- 10% off accessories","fitness, gym, exercise equipment, home fitness, sports equipment, treadmills, weights, strength training, cardio",Not verified
AIBI,"VivoCity, 1 Harbourfront Walk, #02-160/161",98585,1/1/2026,31/12/2026,"PASSION MEMBERSHIP PRIVILEGE:
- 10% off accessories","fitness, gym, exercise equipment, home fitness, sports equipment, treadmills, weights, strength training, cardio",Not verified
AIRZONE,"City Square Mall, 180 Kitchener Road, #02-K4/K10",208539,1/6/2026,31/5/2027,"PASSION MEMBERSHIP PRIVILEGES:
Standard Ticket + Silent Disco
- Off Peak: $30 (U.P $34.90)
- Peak: $32.50 (U.P $36.90)

Standard Ticket + Laser Tag (2 rounds)
- Off Peak: $32.90 ($39.90)
- Peak: $37.50 (U.P $41.90)","education, learning, enrichment, children, tuition, academic enrichment, student activities",Not verified
Aloft Singapore Novena,"21 on Rajah, Aloft Singapore Novena East Wing, 1 Jalan Rajah",329133,1/1/2026,31/12/2026,"PASSION MEMBERSHIP PRIVILEGES:   
- 25% off buffet for adults only @ 21 on Rajah (U.P. from $60++ to $80++) (Promo code: PASSION25)
- 25% off a la carte food menus items Yuè @ Aloft (Promo Code: PASSION25)

PASSION SILVER MEMBERSHIP PRIVILEGES:   
- 50% off buffet for seniors only @ 21 on Rajah (U.P. from $60++ to $80++) (Promo code: PASSION50)
- 25% off a la carte food menus items Yuè @ Aloft (Promo Code: PASSION25)","hotel, accommodation, staycation, travel, business travel, hotel dining, meetings, events",Not verified
Aloft Singapore Novena,"Yuè @ Aloft, Aloft Singapore Novena West Wing, 16 Ah Hood Road",329982,1/1/2026,31/12/2026,"PASSION MEMBERSHIP PRIVILEGES:   
- 25% off buffet for adults only @ 21 on Rajah (U.P. from $60++ to $80++) (Promo code: PASSION25)
- 25% off a la carte food menus items Yuè @ Aloft (Promo Code: PASSION25)

PASSION SILVER MEMBERSHIP PRIVILEGES:   
- 50% off buffet for seniors only @ 21 on Rajah (U.P. from $60++ to $80++) (Promo code: PASSION50)
- 25% off a la carte food menus items Yuè @ Aloft (Promo Code: PASSION25)","hotel, accommodation, staycation, travel, business travel, hotel dining, meetings, events",Not verified
AltitudeX,"43 Siloso Beach Walk, #01-01",99010,1/2/2026,31/1/2027,"PASSION MEMBERSHIP PRIVILEGE:
- 10% off AltitudeX Teaser Packages (U.P. $99)","sports, fitness, adventure, outdoor activities, high altitude, climbing, recreation, challenge",Not verified
Amore Define,"Bugis Junction, 200 Victoria Street, #03-29",188021,1/8/2026,31/7/2027,"BLACK PASSION MEMBERSHIP PRIVILEGES:
- 15% off spa treatment for first-time customers
- 10% off a la carte spa treatment for existing customers

PASSION SILVER / PLATINUM MEMBERSHIP PRIVILEGES:
- 20% off spa treatment for first-time customers
- 10% off a la carte spa treatment for existing customers","beauty, wellness, slimming, body care, spa, aesthetics, women, fitness, beauty treatments",Not verified
Amore Define,"Heartland Mall, 205 Hougang Street 21, #03-31/32/33",530205,1/8/2026,31/7/2027,"BLACK PASSION MEMBERSHIP PRIVILEGES:
- 15% off spa treatment for first-time customers
- 10% off a la carte spa treatment for existing customers

PASSION SILVER / PLATINUM MEMBERSHIP PRIVILEGES:
- 20% off spa treatment for first-time customers
- 10% off a la carte spa treatment for existing customers","beauty, wellness, slimming, body care, spa, aesthetics, women, fitness, beauty treatments",Not verified
Amore Define,"Hillion Mall, 17 Petir Road, #B1-18/19",678278,1/8/2026,31/7/2027,"BLACK PASSION MEMBERSHIP PRIVILEGES:
- 15% off spa treatment for first-time customers
- 10% off a la carte spa treatment for existing customers

PASSION SILVER / PLATINUM MEMBERSHIP PRIVILEGES:
- 20% off spa treatment for first-time customers
- 10% off a la carte spa treatment for existing customers","beauty, wellness, slimming, body care, spa, aesthetics, women, fitness, beauty treatments",Not verified
Amore Define,"iMall, 5 Marine Parade Central, #06-01",449410,1/8/2026,31/7/2027,"BLACK PASSION MEMBERSHIP PRIVILEGES:
- 15% off spa treatment for first-time customers
- 10% off a la carte spa treatment for existing customers

PASSION SILVER / PLATINUM MEMBERSHIP PRIVILEGES:
- 20% off spa treatment for first-time customers
- 10% off a la carte spa treatment for existing customers","beauty, wellness, slimming, body care, spa, aesthetics, women, fitness, beauty treatments",Not verified
Amore Define,"Jurong East, 21 Jurong Gateway Road, CPF Building (Office Lobby), #03-08/09/10",608546,1/8/2026,31/7/2027,"BLACK PASSION MEMBERSHIP PRIVILEGES:
- 15% off spa treatment for first-time customers
- 10% off a la carte spa treatment for existing customers

PASSION SILVER / PLATINUM MEMBERSHIP PRIVILEGES:
- 20% off spa treatment for first-time customers
- 10% off a la carte spa treatment for existing customers","beauty, wellness, slimming, body care, spa, aesthetics, women, fitness, beauty treatments",Not verified
Amore Define,"Plaza Singapura, 60A Orchard Road, #04-53",238890,1/8/2026,31/7/2027,"BLACK PASSION MEMBERSHIP PRIVILEGES:
- 15% off spa treatment for first-time customers
- 10% off a la carte spa treatment for existing customers

PASSION SILVER / PLATINUM MEMBERSHIP PRIVILEGES:
- 20% off spa treatment for first-time customers
- 10% off a la carte spa treatment for existing customers","beauty, wellness, slimming, body care, spa, aesthetics, women, fitness, beauty treatments",Not verified
Amore Define,"Punggol Coast Mall, Tower 88 Punggol Way, #12-111/112",829913,1/8/2026,31/7/2027,"BLACK PASSION MEMBERSHIP PRIVILEGES:
- 15% off spa treatment for first-time customers
- 10% off a la carte spa treatment for existing customers

PASSION SILVER / PLATINUM MEMBERSHIP PRIVILEGES:
- 20% off spa treatment for first-time customers
- 10% off a la carte spa treatment for existing customers","beauty, wellness, slimming, body care, spa, aesthetics, women, fitness, beauty treatments",Not verified
Amore Define,"Tampines 1, 10 Tampines Central 1, #05-18",529536,1/8/2026,31/7/2027,"BLACK PASSION MEMBERSHIP PRIVILEGES:
- 15% off spa treatment for first-time customers
- 10% off a la carte spa treatment for existing customers

PASSION SILVER / PLATINUM MEMBERSHIP PRIVILEGES:
- 20% off spa treatment for first-time customers
- 10% off a la carte spa treatment for existing customers","beauty, wellness, slimming, body care, spa, aesthetics, women, fitness, beauty treatments",Not verified
Amore Define,"Woodlands Civic Centre, 900 South Woodlands Drive, #06-11",730900,1/8/2026,31/7/2027,"BLACK PASSION MEMBERSHIP PRIVILEGES:
- 15% off spa treatment for first-time customers
- 10% off a la carte spa treatment for existing customers

PASSION SILVER / PLATINUM MEMBERSHIP PRIVILEGES:
- 20% off spa treatment for first-time customers
- 10% off a la carte spa treatment for existing customers","beauty, wellness, slimming, body care, spa, aesthetics, women, fitness, beauty treatments",Not verified
Annabella Patisserie,"Causeway Point, 1 Woodlands Square, #B1-K05",738099,1/5/2026,30/4/2027,"PASSION MEMBERSHIP PRIVILEGES:
- In-store: $2 off with a minimum spending of $25
- Online: $3 off with a minimum spending of $50 (Promo code: ABPxPA)","food, desserts, bakery, cakes, cookies, pastries, bakes, gifting, celebration cakes, halal food, sweet treats",Yes
Annabella Patisserie,"Compass One, 1 Sengkang Square, #01-22",545078,1/5/2026,30/4/2027,"PASSION MEMBERSHIP PRIVILEGES:
- In-store: $2 off with a minimum spending of $25
- Online: $3 off with a minimum spending of $50 (Promo code: ABPxPA)","food, desserts, bakery, cakes, cookies, pastries, bakes, gifting, celebration cakes, halal food, sweet treats",Yes
Annabella Patisserie,"Hillion Mall, 17 Petir Road, Basement 1 (next to Long John Silver)",678278,1/5/2026,30/4/2027,"PASSION MEMBERSHIP PRIVILEGES:
- In-store: $2 off with a minimum spending of $25
- Online: $3 off with a minimum spending of $50 (Promo code: ABPxPA)","food, desserts, bakery, cakes, cookies, pastries, bakes, gifting, celebration cakes, halal food, sweet treats",Yes
Aranda Country Club,60 Pasir Ris Drive 3,519497,1/10/2025,30/9/2027,"PASSION MEMBERSHIP PRIVILEGE:
- Executive Suite @ $267 (Off-Peak), $420 (Peak) & $441 (Super Peak) per night ","sports, recreation, leisure, family activities, clubhouse, swimming, fitness, dining, membership",Not verified
ASICS,"Bugis Junction, 200 Victoria Street, #01-53/53A/54/54A",188021,1/1/2026,31/12/2026,"PASSION MEMBERSHIP PRIVILEGES:
- 15% off selected regular-priced items
- Additional 5% off selected discounted items","sports, fitness, running, shoes, running shoes, sneakers, athletic footwear, sportswear, apparel, activewear",Not verified
ASICS,"Changi City Point Factory Outlet, 5 Changi Business Park Central 1, #02-20",486038,1/1/2026,31/12/2026,"PASSION MEMBERSHIP PRIVILEGES:
- 15% off selected regular-priced items
- Additional 5% off selected discounted items","sports, fitness, running, shoes, running shoes, sneakers, athletic footwear, sportswear, apparel, activewear",Not verified
ASICS,"IMM Factory Outlet, 2 Jurong East Street 21, #02-12",609601,1/1/2026,31/12/2026,"PASSION MEMBERSHIP PRIVILEGES:
- 15% off selected regular-priced items
- Additional 5% off selected discounted items","sports, fitness, running, shoes, running shoes, sneakers, athletic footwear, sportswear, apparel, activewear",Not verified
ASICS,"ION Orchard, 2 Orchard Turn, #B3-13",238801,1/1/2026,31/12/2026,"PASSION MEMBERSHIP PRIVILEGES:
- 15% off selected regular-priced items
- Additional 5% off selected discounted items","sports, fitness, running, shoes, running shoes, sneakers, athletic footwear, sportswear, apparel, activewear",Not verified
ASICS,"Jewel Changi Airport, 78 Changi Airport Boulevard, #02-226",819666,1/1/2026,31/12/2026,"PASSION MEMBERSHIP PRIVILEGES:
- 15% off selected regular-priced items
- Additional 5% off selected discounted items","sports, fitness, running, shoes, running shoes, sneakers, athletic footwear, sportswear, apparel, activewear",Not verified
ASICS,"NEX, 23 Serangoon Central, #01-09",556083,1/1/2026,31/12/2026,"PASSION MEMBERSHIP PRIVILEGES:
- 15% off selected regular-priced items
- Additional 5% off selected discounted items","sports, fitness, running, shoes, running shoes, sneakers, athletic footwear, sportswear, apparel, activewear",Not verified
ASICS,"Orchard Paragon, 290 Orchard Road, #04-43/44/44A",238859,1/1/2026,31/12/2026,"PASSION MEMBERSHIP PRIVILEGES:
- 15% off selected regular-priced items
- Additional 5% off selected discounted items","sports, fitness, running, shoes, running shoes, sneakers, athletic footwear, sportswear, apparel, activewear",Not verified
ASICS,"Parkway Parade, 80 Marine Parade Road, #01-49-52",449269,1/1/2026,31/12/2026,"PASSION MEMBERSHIP PRIVILEGES:
- 15% off selected regular-priced items
- Additional 5% off selected discounted items","sports, fitness, running, shoes, running shoes, sneakers, athletic footwear, sportswear, apparel, activewear",Not verified
ASICS,"Plaza Singapura, 68 Orchard Road, #02-04",238839,1/1/2026,31/12/2026,"PASSION MEMBERSHIP PRIVILEGES:
- 15% off selected regular-priced items
- Additional 5% off selected discounted items","sports, fitness, running, shoes, running shoes, sneakers, athletic footwear, sportswear, apparel, activewear",Not verified
ASICS,"Suntec City Mall, 3 Temasek Boulevard, #02-478",38983,1/1/2026,31/12/2026,"PASSION MEMBERSHIP PRIVILEGES:
- 15% off selected regular-priced items
- Additional 5% off selected discounted items","sports, fitness, running, shoes, running shoes, sneakers, athletic footwear, sportswear, apparel, activewear",Not verified
ASICS,"Takashimaya Departmental Store, 391A Orchard Road, Sports Department Level 4",238873,1/1/2026,31/12/2026,"PASSION MEMBERSHIP PRIVILEGES:
- 15% off selected regular-priced items
- Additional 5% off selected discounted items","sports, fitness, running, shoes, running shoes, sneakers, athletic footwear, sportswear, apparel, activewear",Not verified
ASICS,"Velocity @ Novena Square, 238 Thomson Road, #01-44/45",307683,1/1/2026,31/12/2026,"PASSION MEMBERSHIP PRIVILEGES:
- 15% off selected regular-priced items
- Additional 5% off selected discounted items","sports, fitness, running, shoes, running shoes, sneakers, athletic footwear, sportswear, apparel, activewear",Not verified
ASICS,"VivoCity, 1 Harbourfront Walk, #02-70/71",98585,1/1/2026,31/12/2026,"PASSION MEMBERSHIP PRIVILEGES:
- 15% off selected regular-priced items
- Additional 5% off selected discounted items","sports, fitness, running, shoes, running shoes, sneakers, athletic footwear, sportswear, apparel, activewear",Not verified
ASICS,"Westgate, 3 Gateway Drive, #01-40",608532,1/1/2026,31/12/2026,"PASSION MEMBERSHIP PRIVILEGES:
- 15% off selected regular-priced items
- Additional 5% off selected discounted items","sports, fitness, running, shoes, running shoes, sneakers, athletic footwear, sportswear, apparel, activewear",Not verified
Barani,"Great World City, 1 Kim Seng Promenade, #01-158A",237994,1/11/2025,31/10/2027,"PASSION MEMBERSHIP PRIVILEGE:
- 20% off regular-priced items","fashion, apparel, clothing, accessories, lifestyle",Not verified
Barani,"IMM, 2 Jurong East Street 21, #02-11A",609601,1/11/2025,31/10/2027,"PASSION MEMBERSHIP PRIVILEGE:
- 20% off regular-priced items","fashion, apparel, clothing, accessories, lifestyle",Not verified
Barani,"One@Kent Ridge (NUH Medical Centre), 1 Lower Kent Ridge Road, #03-05/06",119082,1/11/2025,31/10/2027,"PASSION MEMBERSHIP PRIVILEGE:
- 20% off regular-priced items","fashion, apparel, clothing, accessories, lifestyle",Not verified
Barani,"Parkway Parade, 80 Marine Parade Road, #02-61/61A",449269,1/11/2025,31/10/2027,"PASSION MEMBERSHIP PRIVILEGE:
- 20% off regular-priced items","fashion, apparel, clothing, accessories, lifestyle",Not verified
Barani,"Suntec City Mall,  3 Temasek Boulevard, North Wing, #02-461",38983,1/11/2025,31/10/2027,"PASSION MEMBERSHIP PRIVILEGE:
- 20% off regular-priced items","fashion, apparel, clothing, accessories, lifestyle",Not verified
Bata,"AMK Hub, 53 Ang Mo Kio Avenue 3, #B1-07",569933,1/7/2026,30/6/2027,"PASSION MEMBERSHIP PRIVILEGE:
- $6 off with a minimum spending of $60","fashion, footwear, shoes, sandals, sneakers, school shoes, casual shoes, work shoes, accessories",Not verified
Bata,"Bedok Mall, 311 New Upper Changi Road, #B1-21/22",467360,1/7/2026,30/6/2027,"PASSION MEMBERSHIP PRIVILEGE:
- $6 off with a minimum spending of $60","fashion, footwear, shoes, sandals, sneakers, school shoes, casual shoes, work shoes, accessories",Not verified
Bata,"Bukit Panjang Plaza, 1 Jelebu Road, #02-07",677743,1/7/2026,30/6/2027,"PASSION MEMBERSHIP PRIVILEGE:
- $6 off with a minimum spending of $60","fashion, footwear, shoes, sandals, sneakers, school shoes, casual shoes, work shoes, accessories",Not verified
Bata,"Causeway Point, 1 Woodlands Square, #02-16",738099,1/7/2026,30/6/2027,"PASSION MEMBERSHIP PRIVILEGE:
- $6 off with a minimum spending of $60","fashion, footwear, shoes, sandals, sneakers, school shoes, casual shoes, work shoes, accessories",Not verified
Bata,"Century Square, 2 Tampines Central 5, #01-26",529509,1/7/2026,30/6/2027,"PASSION MEMBERSHIP PRIVILEGE:
- $6 off with a minimum spending of $60","fashion, footwear, shoes, sandals, sneakers, school shoes, casual shoes, work shoes, accessories",Not verified
Bata,"Changi City Point, 5 Changi Business Park Central, #01-16",486038,1/7/2026,30/6/2027,"PASSION MEMBERSHIP PRIVILEGE:
- $6 off with a minimum spending of $60","fashion, footwear, shoes, sandals, sneakers, school shoes, casual shoes, work shoes, accessories",Not verified
Bata,"City Square Mall, 180 Kitchener Road, #02-34",208539,1/7/2026,30/6/2027,"PASSION MEMBERSHIP PRIVILEGE:
- $6 off with a minimum spending of $60","fashion, footwear, shoes, sandals, sneakers, school shoes, casual shoes, work shoes, accessories",Not verified
Bata,"Clementi, Blk 449 Clementi Avenue 3, #01-251",120449,1/7/2026,30/6/2027,"PASSION MEMBERSHIP PRIVILEGE:
- $6 off with a minimum spending of $60","fashion, footwear, shoes, sandals, sneakers, school shoes, casual shoes, work shoes, accessories",Not verified
Bata,"Compass One, 1 Sengkang Square, #01-31",545078,1/7/2026,30/6/2027,"PASSION MEMBERSHIP PRIVILEGE:
- $6 off with a minimum spending of $60","fashion, footwear, shoes, sandals, sneakers, school shoes, casual shoes, work shoes, accessories",Not verified
Bata,"Eastpoint Mall, 3 Simei Street 6, #02-24B",528833,1/7/2026,30/6/2027,"PASSION MEMBERSHIP PRIVILEGE:
- $6 off with a minimum spending of $60","fashion, footwear, shoes, sandals, sneakers, school shoes, casual shoes, work shoes, accessories",Not verified
Bata,"IMM, 2 Jurong East Street 21, #01-29",609601,1/7/2026,30/6/2027,"PASSION MEMBERSHIP PRIVILEGE:
- $6 off with a minimum spending of $60","fashion, footwear, shoes, sandals, sneakers, school shoes, casual shoes, work shoes, accessories",Not verified
Bata,"Jem, 50 Jurong Gateway Road, #03-43/44",608549,1/7/2026,30/6/2027,"PASSION MEMBERSHIP PRIVILEGE:
- $6 off with a minimum spending of $60","fashion, footwear, shoes, sandals, sneakers, school shoes, casual shoes, work shoes, accessories",Not verified
Bata,"Junction 8, 9 Bishan Place, #02-10/09A",579837,1/7/2026,30/6/2027,"PASSION MEMBERSHIP PRIVILEGE:
- $6 off with a minimum spending of $60","fashion, footwear, shoes, sandals, sneakers, school shoes, casual shoes, work shoes, accessories",Not verified
Bata,"Jurong Point, 1 Jurong West Central 2, #01-36/37/38/39",648886,1/7/2026,30/6/2027,"PASSION MEMBERSHIP PRIVILEGE:
- $6 off with a minimum spending of $60","fashion, footwear, shoes, sandals, sneakers, school shoes, casual shoes, work shoes, accessories",Not verified
Bata,"Lot One Shoppers' Mall, 21 Choa Chu Kang Avenue 4, #02-18",689812,1/7/2026,30/6/2027,"PASSION MEMBERSHIP PRIVILEGE:
- $6 off with a minimum spending of $60","fashion, footwear, shoes, sandals, sneakers, school shoes, casual shoes, work shoes, accessories",Not verified
Bata,"New Upper Changi, Blk 208 New Upper Changi Road, #01-681",460208,1/7/2026,30/6/2027,"PASSION MEMBERSHIP PRIVILEGE:
- $6 off with a minimum spending of $60","fashion, footwear, shoes, sandals, sneakers, school shoes, casual shoes, work shoes, accessories",Not verified
Bata,"NEX, 23 Serangoon Central, #01-71",556083,1/7/2026,30/6/2027,"PASSION MEMBERSHIP PRIVILEGE:
- $6 off with a minimum spending of $60","fashion, footwear, shoes, sandals, sneakers, school shoes, casual shoes, work shoes, accessories",Not verified
Bata,"Northpoint City, 1 Northpoint Drive, #01-141",768019,1/7/2026,30/6/2027,"PASSION MEMBERSHIP PRIVILEGE:
- $6 off with a minimum spending of $60","fashion, footwear, shoes, sandals, sneakers, school shoes, casual shoes, work shoes, accessories",Not verified
Bata,"Parkway Parade, 80 Marine Parade Road, #01-65/66/67",449269,1/7/2026,30/6/2027,"PASSION MEMBERSHIP PRIVILEGE:
- $6 off with a minimum spending of $60","fashion, footwear, shoes, sandals, sneakers, school shoes, casual shoes, work shoes, accessories",Not verified
Bata,"Pasir Ris Mall, 7 Pasir Ris Central, #02-35",519612,1/7/2026,30/6/2027,"PASSION MEMBERSHIP PRIVILEGE:
- $6 off with a minimum spending of $60","fashion, footwear, shoes, sandals, sneakers, school shoes, casual shoes, work shoes, accessories",Not verified
Bata,"Paya Lebar Quarter Mall (PLQ), 10 Paya Lebar Road, #02-31",409057,1/7/2026,30/6/2027,"PASSION MEMBERSHIP PRIVILEGE:
- $6 off with a minimum spending of $60","fashion, footwear, shoes, sandals, sneakers, school shoes, casual shoes, work shoes, accessories",Not verified
Bata,"Peninsula Plaza, 111 North Bridge Road, #01-27",179098,1/7/2026,30/6/2027,"PASSION MEMBERSHIP PRIVILEGE:
- $6 off with a minimum spending of $60","fashion, footwear, shoes, sandals, sneakers, school shoes, casual shoes, work shoes, accessories",Not verified
Bata,"Sun Plaza, 30 Sembawang Drive, #02-16/17",757713,1/7/2026,30/6/2027,"PASSION MEMBERSHIP PRIVILEGE:
- $6 off with a minimum spending of $60","fashion, footwear, shoes, sandals, sneakers, school shoes, casual shoes, work shoes, accessories",Not verified
Bata,"The Clementi Mall, 3155 Commonwealth Avenue West, #03-16/17",129588,1/7/2026,30/6/2027,"PASSION MEMBERSHIP PRIVILEGE:
- $6 off with a minimum spending of $60","fashion, footwear, shoes, sandals, sneakers, school shoes, casual shoes, work shoes, accessories",Not verified
Bata,"The Seletar Mall, 33 Sengkang West Avenue, #01-22ingapore ",797653,1/7/2026,30/6/2027,"PASSION MEMBERSHIP PRIVILEGE:
- $6 off with a minimum spending of $60","fashion, footwear, shoes, sandals, sneakers, school shoes, casual shoes, work shoes, accessories",Not verified
Bata,"Thomson Plaza, 301 Upper Thomson Road, #01-12/14/15",574408,1/7/2026,30/6/2027,"PASSION MEMBERSHIP PRIVILEGE:
- $6 off with a minimum spending of $60","fashion, footwear, shoes, sandals, sneakers, school shoes, casual shoes, work shoes, accessories",Not verified
Bata,"Tiong Bahru Plaza, 302 Tiong Bahru Road, #02-130",168732,1/7/2026,30/6/2027,"PASSION MEMBERSHIP PRIVILEGE:
- $6 off with a minimum spending of $60","fashion, footwear, shoes, sandals, sneakers, school shoes, casual shoes, work shoes, accessories",Not verified
Bata,"Toa Payoh Central, Blk 178 Toa Payoh Central, #01-198/200",310178,1/7/2026,30/6/2027,"PASSION MEMBERSHIP PRIVILEGE:
- $6 off with a minimum spending of $60","fashion, footwear, shoes, sandals, sneakers, school shoes, casual shoes, work shoes, accessories",Not verified
Bata,"United Square, 101 Thomson Road, #01-66/67/71",307591,1/7/2026,30/6/2027,"PASSION MEMBERSHIP PRIVILEGE:
- $6 off with a minimum spending of $60","fashion, footwear, shoes, sandals, sneakers, school shoes, casual shoes, work shoes, accessories",Not verified
Bata,"VivoCity, 1 Harbourfront Walk, #02-206/207/208",98585,1/7/2026,30/6/2027,"PASSION MEMBERSHIP PRIVILEGE:
- $6 off with a minimum spending of $60","fashion, footwear, shoes, sandals, sneakers, school shoes, casual shoes, work shoes, accessories",Not verified
Bata,"Waterway Point, 83 Punggol Central, #01-46/47",828761,1/7/2026,30/6/2027,"PASSION MEMBERSHIP PRIVILEGE:
- $6 off with a minimum spending of $60","fashion, footwear, shoes, sandals, sneakers, school shoes, casual shoes, work shoes, accessories",Not verified
Bata,"West Mall, 1 Bukit Batok Central Link, #02-28/29",658713,1/7/2026,30/6/2027,"PASSION MEMBERSHIP PRIVILEGE:
- $6 off with a minimum spending of $60","fashion, footwear, shoes, sandals, sneakers, school shoes, casual shoes, work shoes, accessories",Not verified
Batam Fast Ferry,"Singapore Cruise Centre, 5 Harbourfront Avenue, #01-07",99549,1/2/2026,31/1/2027,"BLACK PASSION MEMBERSHIP PRIVILEGES:
- $3 off return ferry ticket fare from Singapore to Batam (U.P. $76) 
- $8 off return ferry ticket fare from Singapore to Malaysia-Desaru Coast (U.P. $108) or Tanjung Pengelih (U.P. $73)

PASSION SILVER / PLATINUM MEMBERSHIP PRIVILEGES:
- $5 off return ferry ticket fare from Singapore to Batam (U.P. $76) 
- $10 off return ferry ticket fare from Singapore to Malaysia-Desaru Coast (U.P. $108) or Tanjung Pengelih (U.P. $73)","travel, transport, ferry, Batam, Indonesia, boat, tickets, holidays, weekend trips",Not verified
Batam Fast Ferry,"Tanah Merah, 50 Tanah Merah Road",498833,1/2/2026,31/1/2027,"BLACK PASSION MEMBERSHIP PRIVILEGES:
- $3 off return ferry ticket fare from Singapore to Batam (U.P. $76) 
- $8 off return ferry ticket fare from Singapore to Malaysia-Desaru Coast (U.P. $108) or Tanjung Pengelih (U.P. $73)

PASSION SILVER / PLATINUM MEMBERSHIP PRIVILEGES:
- $5 off return ferry ticket fare from Singapore to Batam (U.P. $76) 
- $10 off return ferry ticket fare from Singapore to Malaysia-Desaru Coast (U.P. $108) or Tanjung Pengelih (U.P. $73)","travel, transport, ferry, Batam, Indonesia, boat, tickets, holidays, weekend trips",Not verified
BBQ Express,"Junction 8, 9 Bishan Place, #B1-K10/K11",579837,1/7/2026,30/6/2027,"BLACK PASSION MEMBERSHIP PRIVILEGE:
- 10% off regular-priced items with a minimum spending of $10

PASSION SILVER / PLATINUM MEMBERSHIP PRIVILEGE:
- 15% off regular-priced items with a minimum spending of $10","food, drinks, barbecue, BBQ, grilled food, rice, meat, casual dining, takeaway",Not verified
BBQ Express,"Lot One Shoppers' Mall, 21 Choa Chu Kang Avenue 4, #B1-K33",689812,1/7/2026,30/6/2027,"BLACK PASSION MEMBERSHIP PRIVILEGE:
- 10% off regular-priced items with a minimum spending of $10

PASSION SILVER / PLATINUM MEMBERSHIP PRIVILEGE:
- 15% off regular-priced items with a minimum spending of $10","food, drinks, barbecue, BBQ, grilled food, rice, meat, casual dining, takeaway",Not verified
Better Vision,"Causeway Point, 1 Woodlands Square, #02-17",738099,1/7/2026,30/6/2027,"BLACK PASSION MEMBERSHIP PRIVILEGES:
- 10% off regular-priced frames & sunglasses
- 10% off regular-priced progressive lens 

PASSION SILVER / PLATINUM MEMBERSHIP PRIVILEGES:
- 20% off regular-priced frames & sunglasses
- 20% off regular-priced progressive lens","optical, eyewear, glasses, spectacles, contact lenses, eye care, sunglasses, vision",Not verified
Better Vision,"Northpoint City, 930 Yishun Avenue 2, #B1-34",769098,1/7/2026,30/6/2027,"BLACK PASSION MEMBERSHIP PRIVILEGES:
- 10% off regular-priced frames & sunglasses
- 10% off regular-priced progressive lens 

PASSION SILVER / PLATINUM MEMBERSHIP PRIVILEGES:
- 20% off regular-priced frames & sunglasses
- 20% off regular-priced progressive lens","optical, eyewear, glasses, spectacles, contact lenses, eye care, sunglasses, vision",Not verified
Better Vision,"Novena Square, 238 Thomson Road, #02-39/40",307683,1/7/2026,30/6/2027,"BLACK PASSION MEMBERSHIP PRIVILEGES:
- 10% off regular-priced frames & sunglasses
- 10% off regular-priced progressive lens 

PASSION SILVER / PLATINUM MEMBERSHIP PRIVILEGES:
- 20% off regular-priced frames & sunglasses
- 20% off regular-priced progressive lens","optical, eyewear, glasses, spectacles, contact lenses, eye care, sunglasses, vision",Not verified
Better Vision,"Parkway Parade, 80 Marine Parade Road, #B1-05/06",449269,1/7/2026,30/6/2027,"BLACK PASSION MEMBERSHIP PRIVILEGES:
- 10% off regular-priced frames & sunglasses
- 10% off regular-priced progressive lens 

PASSION SILVER / PLATINUM MEMBERSHIP PRIVILEGES:
- 20% off regular-priced frames & sunglasses
- 20% off regular-priced progressive lens","optical, eyewear, glasses, spectacles, contact lenses, eye care, sunglasses, vision",Not verified
Better Vision,"Waterway Point, 83 Punggol Central, #B1-02",828761,1/7/2026,30/6/2027,"BLACK PASSION MEMBERSHIP PRIVILEGES:
- 10% off regular-priced frames & sunglasses
- 10% off regular-priced progressive lens 

PASSION SILVER / PLATINUM MEMBERSHIP PRIVILEGES:
- 20% off regular-priced frames & sunglasses
- 20% off regular-priced progressive lens","optical, eyewear, glasses, spectacles, contact lenses, eye care, sunglasses, vision",Not verified
Better Vision,"Westgate, 3 Gateway Drive, #B1-32",608532,1/7/2026,30/6/2027,"BLACK PASSION MEMBERSHIP PRIVILEGES:
- 10% off regular-priced frames & sunglasses
- 10% off regular-priced progressive lens 

PASSION SILVER / PLATINUM MEMBERSHIP PRIVILEGES:
- 20% off regular-priced frames & sunglasses
- 20% off regular-priced progressive lens","optical, eyewear, glasses, spectacles, contact lenses, eye care, sunglasses, vision",Not verified
Beutea,"Aperia Mall, 12 Kallang Avenue, #01-71",339511,1/11/2025,31/10/2026,"BLACK PASSION MEMBERSHIP PRIVILEGE:
- 5% off total bill

PASSION SILVER / PLATINUM MEMBERSHIP PRIVILEGE:
- 5% off total bill with 1 free topping","food, drinks, beverages, tea, bubble tea, boba, milk tea, fruit tea, snacks, desserts, takeaway drinks",Not verified
Beutea,"Bugis Junction, 200 Victoria Street, #M01-K1",188021,1/11/2025,31/10/2026,"BLACK PASSION MEMBERSHIP PRIVILEGE:
- 5% off total bill

PASSION SILVER / PLATINUM MEMBERSHIP PRIVILEGE:
- 5% off total bill with 1 free topping","food, drinks, beverages, tea, bubble tea, boba, milk tea, fruit tea, snacks, desserts, takeaway drinks",Not verified
Beutea,"City Square Mall, 180 Kitchener Road, #01-12",208539,1/11/2025,31/10/2026,"BLACK PASSION MEMBERSHIP PRIVILEGE:
- 5% off total bill

PASSION SILVER / PLATINUM MEMBERSHIP PRIVILEGE:
- 5% off total bill with 1 free topping","food, drinks, beverages, tea, bubble tea, boba, milk tea, fruit tea, snacks, desserts, takeaway drinks",Not verified
Beutea,"iMall, 5 Marine Parade Central, #02-07",449410,1/11/2025,31/10/2026,"BLACK PASSION MEMBERSHIP PRIVILEGE:
- 5% off total bill

PASSION SILVER / PLATINUM MEMBERSHIP PRIVILEGE:
- 5% off total bill with 1 free topping","food, drinks, beverages, tea, bubble tea, boba, milk tea, fruit tea, snacks, desserts, takeaway drinks",Not verified
Beutea,"Junction 8, 9 Bishan Place, #02-30",579837,1/11/2025,31/10/2026,"BLACK PASSION MEMBERSHIP PRIVILEGE:
- 5% off total bill

PASSION SILVER / PLATINUM MEMBERSHIP PRIVILEGE:
- 5% off total bill with 1 free topping","food, drinks, beverages, tea, bubble tea, boba, milk tea, fruit tea, snacks, desserts, takeaway drinks",Not verified
Beutea,"Northpoint City, 1 Northpoint Drive, #01-127",768019,1/11/2025,31/10/2026,"BLACK PASSION MEMBERSHIP PRIVILEGE:
- 5% off total bill

PASSION SILVER / PLATINUM MEMBERSHIP PRIVILEGE:
- 5% off total bill with 1 free topping","food, drinks, beverages, tea, bubble tea, boba, milk tea, fruit tea, snacks, desserts, takeaway drinks",Not verified
Beutea,"Tampines MRT, 20 Tampines Central 1, #01-19",529538,1/11/2025,31/10/2026,"BLACK PASSION MEMBERSHIP PRIVILEGE:
- 5% off total bill

PASSION SILVER / PLATINUM MEMBERSHIP PRIVILEGE:
- 5% off total bill with 1 free topping","food, drinks, beverages, tea, bubble tea, boba, milk tea, fruit tea, snacks, desserts, takeaway drinks",Not verified
Beutea,"Tiong Bahru Plaza, 302 Tiong Bahru Road, #01-158",168732,1/11/2025,31/10/2026,"BLACK PASSION MEMBERSHIP PRIVILEGE:
- 5% off total bill

PASSION SILVER / PLATINUM MEMBERSHIP PRIVILEGE:
- 5% off total bill with 1 free topping","food, drinks, beverages, tea, bubble tea, boba, milk tea, fruit tea, snacks, desserts, takeaway drinks",Not verified
BHG Singapore,"Bugis Junction, 200 Victoria Street, #01-100 & #02-17",188021,1/9/2025,31/8/2027,"PASSION MEMBERSHIP PRIVILEGE:
- $5 off with a minimum spending of $60 nett","department store, shopping, fashion, beauty, home, lifestyle, family, apparel, accessories, household goods",Not verified
Bingxue Tea & Ice Cream,"Changi City Point, 5 Changi Business Park Central 1, #01-40B",486038,1/7/2026,30/6/2027,"PASSION MEMBERSHIP PRIVILEGE:
- 5% off all drinks (exclude ice cream cone and sundae)","food, drinks, beverages, tea, milk tea, bubble tea, boba, ice cream, desserts, sweet treats, takeaway",Not verified
Bingxue Tea & Ice Cream,"Haji Lane, 23 Haji Lane",189216,1/7/2026,30/6/2027,"PASSION MEMBERSHIP PRIVILEGE:
- 5% off all drinks (exclude ice cream cone and sundae)","food, drinks, beverages, tea, milk tea, bubble tea, boba, ice cream, desserts, sweet treats, takeaway",Not verified
Bingxue Tea & Ice Cream,"i12 Katong, 112 East Coast Road, #B1-36",428802,1/7/2026,30/6/2027,"PASSION MEMBERSHIP PRIVILEGE:
- 5% off all drinks (exclude ice cream cone and sundae)","food, drinks, beverages, tea, milk tea, bubble tea, boba, ice cream, desserts, sweet treats, takeaway",Not verified
Bingxue Tea & Ice Cream,"Jurong Lake Garden - Bonsai Garden, 70A Yuan Ching Road",619676,1/7/2026,30/6/2027,"PASSION MEMBERSHIP PRIVILEGE:
- 5% off all drinks (exclude ice cream cone and sundae)","food, drinks, beverages, tea, milk tea, bubble tea, boba, ice cream, desserts, sweet treats, takeaway",Not verified
Bingxue Tea & Ice Cream,"Le Quest Mall, 4 Bukit Batok Street 41, #01-46",657991,1/7/2026,30/6/2027,"PASSION MEMBERSHIP PRIVILEGE:
- 5% off all drinks (exclude ice cream cone and sundae)","food, drinks, beverages, tea, milk tea, bubble tea, boba, ice cream, desserts, sweet treats, takeaway",Not verified
Bingxue Tea & Ice Cream,"Lot One Shoppers’ Mall, 21 Choa Chu Kang Avenue 4 #04-18",689812,1/7/2026,30/6/2027,"PASSION MEMBERSHIP PRIVILEGE:
- 5% off all drinks (exclude ice cream cone and sundae)","food, drinks, beverages, tea, milk tea, bubble tea, boba, ice cream, desserts, sweet treats, takeaway",Not verified
Bingxue Tea & Ice Cream,"Loyang Point, 258 Pasir Ris Street 21, #02-19",510258,1/7/2026,30/6/2027,"PASSION MEMBERSHIP PRIVILEGE:
- 5% off all drinks (exclude ice cream cone and sundae)","food, drinks, beverages, tea, milk tea, bubble tea, boba, ice cream, desserts, sweet treats, takeaway",Not verified
Bingxue Tea & Ice Cream,"Sembawang Shopping Centre, 604 Sembawang Road, #02-07",758459,1/7/2026,30/6/2027,"PASSION MEMBERSHIP PRIVILEGE:
- 5% off all drinks (exclude ice cream cone and sundae)","food, drinks, beverages, tea, milk tea, bubble tea, boba, ice cream, desserts, sweet treats, takeaway",Not verified
Bingxue Tea & Ice Cream,"Suntec City Mall, 3 Temasek Boulevard, #B1-K13",38983,1/7/2026,30/6/2027,"PASSION MEMBERSHIP PRIVILEGE:
- 5% off all drinks (exclude ice cream cone and sundae)","food, drinks, beverages, tea, milk tea, bubble tea, boba, ice cream, desserts, sweet treats, takeaway",Not verified
Bingxue Tea & Ice Cream,"Yishun Junction Nine, 18 Yishun Avenue 9, #02-59",768897,1/7/2026,30/6/2027,"PASSION MEMBERSHIP PRIVILEGE:
- 5% off all drinks (exclude ice cream cone and sundae)","food, drinks, beverages, tea, milk tea, bubble tea, boba, ice cream, desserts, sweet treats, takeaway",Not verified
Bintan Resort Ferries,"50 Tanah Merah Ferry Road, #01-21",498833,1/1/2026,31/12/2026,"PASSION MEMBERSHIP PRIVILEGES:
- $6 off Economy Adult tickets
  - Regular Round trip @ $94 (U.P. $100)
  - Reg+Peak Round Trip @ $99 (U.P. $105)
  - Peak Round Trip @ $104 (U.P. $110)

- $8 off Economy Child tickets
  - Regular Round trip @ $80 (U.P. $88)
  - Reg+Peak Round Trip @ $85 (U.P. $93)
  - Peak Round Trip @ $90 (U.P. $98)","travel, transport, ferry, Bintan, Indonesia, boat, tickets, holidays, weekend trips",Not verified
BOARDING GATE,"Bedok Mall, 311 New Upper Changi Road, #B1-57-59",467360,1/4/2026,31/3/2027,"PASSION MEMBERSHIP PRIVILEGE:
- 10% off regular-priced items with a minimum spending of $100","travel, airport, luggage, bags, travel accessories, fashion, lifestyle, airport shopping",Not verified
BOARDING GATE,"Bugis Junction, 200 Victoria Street, #03-10A/10B",188021,1/4/2026,31/3/2027,"PASSION MEMBERSHIP PRIVILEGE:
- 10% off regular-priced items with a minimum spending of $100","travel, airport, luggage, bags, travel accessories, fashion, lifestyle, airport shopping",Not verified
BOARDING GATE,"Changi Airport Terminal 3, 65 Airport Boulevard, #B2-08/09",819663,1/4/2026,31/3/2027,"PASSION MEMBERSHIP PRIVILEGE:
- 10% off regular-priced items with a minimum spending of $100","travel, airport, luggage, bags, travel accessories, fashion, lifestyle, airport shopping",Not verified
BOARDING GATE,"Jem, 50 Jurong Gateway Road, #03-20",608549,1/4/2026,31/3/2027,"PASSION MEMBERSHIP PRIVILEGE:
- 10% off regular-priced items with a minimum spending of $100","travel, airport, luggage, bags, travel accessories, fashion, lifestyle, airport shopping",Not verified
BOARDING GATE,"Marina Square, 6 Raffles Boulevard, #02-155A",39594,1/4/2026,31/3/2027,"PASSION MEMBERSHIP PRIVILEGE:
- 10% off regular-priced items with a minimum spending of $100","travel, airport, luggage, bags, travel accessories, fashion, lifestyle, airport shopping",Not verified
BOARDING GATE,"Orchard Paragon, 290 Orchard Road, #04-41",238859,1/4/2026,31/3/2027,"PASSION MEMBERSHIP PRIVILEGE:
- 10% off regular-priced items with a minimum spending of $100","travel, airport, luggage, bags, travel accessories, fashion, lifestyle, airport shopping",Not verified
BOARDING GATE,"Raffles City Shopping Centre, 252 North Bridge Road, #03-09",179103,1/4/2026,31/3/2027,"PASSION MEMBERSHIP PRIVILEGE:
- 10% off regular-priced items with a minimum spending of $100","travel, airport, luggage, bags, travel accessories, fashion, lifestyle, airport shopping",Not verified
BOARDING GATE,"Waterway Point, 83 Punggol Central, #01-74",828761,1/4/2026,31/3/2027,"PASSION MEMBERSHIP PRIVILEGE:
- 10% off regular-priced items with a minimum spending of $100","travel, airport, luggage, bags, travel accessories, fashion, lifestyle, airport shopping",Not verified
BOUNCE Singapore,"Cathay Cineleisure Orchard, 8 Grange Road, #09-01",239695,1/10/2025,30/9/2027,"PASSION MEMBERSHIP PRIVILEGE:
- 10% off General Admission for 1st hour (U.P. $27.20)","sports, fitness, trampoline, indoor activity, jumping, kids, youth, family, adventure, recreation",Not verified
Bratpack,"Bugis Junction, 200 Victoria Street, #03-10",188021,1/11/2025,31/10/2026,"PASSION MEMBERSHIP PRIVILEGES:
- 15% off selected regular-priced items
- Additional 5% off selected discounted items
- Special Additional 5% off regular-priced items during birthday month","fashion, bags, backpacks, luggage, travel accessories, lifestyle, apparel, accessories, youth, students",Not verified
Bratpack,"The Centrepoint, 176 Orchard Road, #02-40/41",238843,1/11/2025,31/10/2026,"PASSION MEMBERSHIP PRIVILEGES:
- 15% off selected regular-priced items
- Additional 5% off selected discounted items
- Special Additional 5% off regular-priced items during birthday month","fashion, bags, backpacks, luggage, travel accessories, lifestyle, apparel, accessories, youth, students",Not verified
Bratpack,"Wheelock Place, 501 Orchard Road, #02-03",238880,1/11/2025,31/10/2026,"PASSION MEMBERSHIP PRIVILEGES:
- 15% off selected regular-priced items
- Additional 5% off selected discounted items
- Special Additional 5% off regular-priced items during birthday month","fashion, bags, backpacks, luggage, travel accessories, lifestyle, apparel, accessories, youth, students",Not verified
Brinda's,"Bukit Merah Central, Blk 162 Bukit Merah Central, #01-3533",150162,1/7/2026,30/6/2027,"PASSION MEMBERSHIP PRIVILEGES:
- 10% off total bill
- 15% off home delivery with a minimum spending of $50 (Promo code: passion15brindas)
- Additional 10% cashback for subsequent home delivery orders within 30 days from 1st purchase","food, catering, Indian food, Peranakan food, Western food, buffet, bento, lunch, dinner, halal food",Yes
Butter Studio,"Bugis Junction, 200 Victoria Street, #01-61/61A",188021,1/2/2026,31/1/2027,"BLACK PASSION MEMBERSHIP PRIVILEGE:
- 10% off with a minimum spending of $50

PASSION SILVER / PLATINUM MEMBERSHIP PRIVILEGE:
- 15% off with a minimum spending of $50","food, bakery, cakes, cupcakes, pastries, desserts, celebration cakes, brunch, cafe, halal food, sweet treats",Yes
Butter Studio,"Jalan Besar, 147 Jalan Besar",208865,1/2/2026,31/1/2027,"BLACK PASSION MEMBERSHIP PRIVILEGE:
- 10% off with a minimum spending of $50

PASSION SILVER / PLATINUM MEMBERSHIP PRIVILEGE:
- 15% off with a minimum spending of $50","food, bakery, cakes, cupcakes, pastries, desserts, celebration cakes, brunch, cafe, halal food, sweet treats",Yes
Butter Studio,"Ngee Ann City, 391A Orchard Road, #B2-0805",238872,1/2/2026,31/1/2027,"BLACK PASSION MEMBERSHIP PRIVILEGE:
- 10% off with a minimum spending of $50

PASSION SILVER / PLATINUM MEMBERSHIP PRIVILEGE:
- 15% off with a minimum spending of $50","food, bakery, cakes, cupcakes, pastries, desserts, celebration cakes, brunch, cafe, halal food, sweet treats",Yes
Canadian 2 For 1 Pizza,"Canadian 2 For 1 Pizza @ Ang Mo Kio, Blk 151 Ang Mo Kio Avenue 5, #01-3036",560151,1/10/2025,30/9/2026,"PASSION MEMBERSHIP PRIVILEGES:
- 2 regular pizzas for $17.90 (U.P $22)
- 8% off a la carte items (Promo code: PASSIONCP)","food, pizza, Italian, cheese pizza, takeaway, delivery, fast casual, snacks, halal food",Yes
Canadian 2 For 1 Pizza,"Canadian 2 For 1 Pizza @ Bedok, Blk 551 Bedok North Avenue 1, #01-542",460551,1/10/2025,30/9/2026,"PASSION MEMBERSHIP PRIVILEGES:
- 2 regular pizzas for $17.90 (U.P $22)
- 8% off a la carte items (Promo code: PASSIONCP)","food, pizza, Italian, cheese pizza, takeaway, delivery, fast casual, snacks, halal food",Yes
Canadian 2 For 1 Pizza,"Canadian 2 For 1 Pizza @ Bukit Batok, Blk 164 Bukit Batok Street 11, #01-134",650164,1/10/2025,30/9/2026,"PASSION MEMBERSHIP PRIVILEGES:
- 2 regular pizzas for $17.90 (U.P $22)
- 8% off a la carte items (Promo code: PASSIONCP)","food, pizza, Italian, cheese pizza, takeaway, delivery, fast casual, snacks, halal food",Yes
Canadian 2 For 1 Pizza,"Canadian 2 For 1 Pizza @ Clementi, Blk 352 Clementi Avenue 2, #01-109",120352,1/10/2025,30/9/2026,"PASSION MEMBERSHIP PRIVILEGES:
- 2 regular pizzas for $17.90 (U.P $22)
- 8% off a la carte items (Promo code: PASSIONCP)","food, pizza, Italian, cheese pizza, takeaway, delivery, fast casual, snacks, halal food",Yes
Canadian 2 For 1 Pizza,"Canadian 2 For 1 Pizza @ Jurong East, 242 Jurong East Street 24, #01-627",600242,1/10/2025,30/9/2026,"PASSION MEMBERSHIP PRIVILEGES:
- 2 regular pizzas for $17.90 (U.P $22)
- 8% off a la carte items (Promo code: PASSIONCP)","food, pizza, Italian, cheese pizza, takeaway, delivery, fast casual, snacks, halal food",Yes
Canadian 2 For 1 Pizza,"Canadian 2 For 1 Pizza @ Jurong West, Blk 557 Jurong West Street 42, #01-397",640557,1/10/2025,30/9/2026,"PASSION MEMBERSHIP PRIVILEGES:
- 2 regular pizzas for $17.90 (U.P $22)
- 8% off a la carte items (Promo code: PASSIONCP)","food, pizza, Italian, cheese pizza, takeaway, delivery, fast casual, snacks, halal food",Yes
Canadian 2 For 1 Pizza,"Canadian 2 For 1 Pizza @ Kampung Bahru​, 83 Kampung Bahru",169379,1/10/2025,30/9/2026,"PASSION MEMBERSHIP PRIVILEGES:
- 2 regular pizzas for $17.90 (U.P $22)
- 8% off a la carte items (Promo code: PASSIONCP)","food, pizza, Italian, cheese pizza, takeaway, delivery, fast casual, snacks, halal food",Yes
Canadian 2 For 1 Pizza,"Canadian 2 For 1 Pizza @Bukit Timah, KAP Mall, 9 King Albert Park, #01-68",598332,1/10/2025,30/9/2026,"PASSION MEMBERSHIP PRIVILEGES:
- 2 regular pizzas for $17.90 (U.P $22)
- 8% off a la carte items (Promo code: PASSIONCP)","food, pizza, Italian, cheese pizza, takeaway, delivery, fast casual, snacks, halal food",Yes
Canadian 2 For 1 Pizza,"Canadian 2 For 1 Pizza @ Kim Keat, 10 Kim Keat Road",328844,1/10/2025,30/9/2026,"PASSION MEMBERSHIP PRIVILEGES:
- 2 regular pizzas for $17.90 (U.P $22)
- 8% off a la carte items (Promo code: PASSIONCP)","food, pizza, Italian, cheese pizza, takeaway, delivery, fast casual, snacks, halal food",Yes
Canadian 2 For 1 Pizza,"Canadian 2 For 1 Pizza @ Kovan, 18 Lim Tua Tow Road",547765,1/10/2025,30/9/2026,"PASSION MEMBERSHIP PRIVILEGES:
- 2 regular pizzas for $17.90 (U.P $22)
- 8% off a la carte items (Promo code: PASSIONCP)","food, pizza, Italian, cheese pizza, takeaway, delivery, fast casual, snacks, halal food",Yes
Canadian 2 For 1 Pizza,"Canadian 2 For 1 Pizza @ Choa Chu Kang, Limbang Shopping Centre, 533 Choa Chu Kang Street 51, #01-02",680533,1/10/2025,30/9/2026,"PASSION MEMBERSHIP PRIVILEGES:
- 2 regular pizzas for $17.90 (U.P $22)
- 8% off a la carte items (Promo code: PASSIONCP)","food, pizza, Italian, cheese pizza, takeaway, delivery, fast casual, snacks, halal food",Yes
Canadian 2 For 1 Pizza,"Canadian 2 For 1 Pizza @ Geylang, Millage, 55 Changi Road, #02-07",419709,1/10/2025,30/9/2026,"PASSION MEMBERSHIP PRIVILEGES:
- 2 regular pizzas for $17.90 (U.P $22)
- 8% off a la carte items (Promo code: PASSIONCP)","food, pizza, Italian, cheese pizza, takeaway, delivery, fast casual, snacks, halal food",Yes
Canadian 2 For 1 Pizza,"Canadian 2 For 1 Pizza @ Pasir Ris, Pasir Ris Elias Community Club, 93 Pasir Ris Drive 3, #01-06",519498,1/10/2025,30/9/2026,"PASSION MEMBERSHIP PRIVILEGES:
- 2 regular pizzas for $17.90 (U.P $22)
- 8% off a la carte items (Promo code: PASSIONCP)","food, pizza, Italian, cheese pizza, takeaway, delivery, fast casual, snacks, halal food",Yes
Canadian 2 For 1 Pizza,"Canadian 2 For 1 Pizza @ Punggol, 11 Northshore Drive, #01-S2, Marina Country Club",828670,1/10/2025,30/9/2026,"PASSION MEMBERSHIP PRIVILEGES:
- 2 regular pizzas for $17.90 (U.P $22)
- 8% off a la carte items (Promo code: PASSIONCP)","food, pizza, Italian, cheese pizza, takeaway, delivery, fast casual, snacks, halal food",Yes
Canadian 2 For 1 Pizza,"Canadian 2 For 1 Pizza @ Serangoon Gardens, 67 Brighton Crescent",559212,1/10/2025,30/9/2026,"PASSION MEMBERSHIP PRIVILEGES:
- 2 regular pizzas for $17.90 (U.P $22)
- 8% off a la carte items (Promo code: PASSIONCP)","food, pizza, Italian, cheese pizza, takeaway, delivery, fast casual, snacks, halal food",Yes
Canadian 2 For 1 Pizza,"Canadian 2 For 1 Pizza @ Tampines, Blk 445 Tampines Street 42, #01-10",520445,1/10/2025,30/9/2026,"PASSION MEMBERSHIP PRIVILEGES:
- 2 regular pizzas for $17.90 (U.P $22)
- 8% off a la carte items (Promo code: PASSIONCP)","food, pizza, Italian, cheese pizza, takeaway, delivery, fast casual, snacks, halal food",Yes
Canadian 2 For 1 Pizza,"Canadian 2 For 1 Pizza @ Toa Payoh, Blk 206 Toa Payoh North, #01-1207",310206,1/10/2025,30/9/2026,"PASSION MEMBERSHIP PRIVILEGES:
- 2 regular pizzas for $17.90 (U.P $22)
- 8% off a la carte items (Promo code: PASSIONCP)","food, pizza, Italian, cheese pizza, takeaway, delivery, fast casual, snacks, halal food",Yes
Canadian 2 For 1 Pizza,"Canadian 2 For 1 Pizza @ Woodlands, Blk 806 Woodlands Street 81, #01-03",730806,1/10/2025,30/9/2026,"PASSION MEMBERSHIP PRIVILEGES:
- 2 regular pizzas for $17.90 (U.P $22)
- 8% off a la carte items (Promo code: PASSIONCP)","food, pizza, Italian, cheese pizza, takeaway, delivery, fast casual, snacks, halal food",Yes
Canadian 2 For 1 Pizza,"Canadian 2 For 1 Pizza @ Yishun, 369 Sembawang Road, #01-02, Sembawang Cottage",758382,1/10/2025,30/9/2026,"PASSION MEMBERSHIP PRIVILEGES:
- 2 regular pizzas for $17.90 (U.P $22)
- 8% off a la carte items (Promo code: PASSIONCP)","food, pizza, Italian, cheese pizza, takeaway, delivery, fast casual, snacks, halal food",Yes
Captain Kim Korean BBQ and Hotpot,"Grantral Mall @ Clementi, 3151 Commonwealth Avenue West, #02-05",129581,1/4/2026,31/3/2027,"PASSION MEMBERSHIP PRIVILEGE:
- 20% off Adult Lunch Buffet (U.P. $18.90++) (Mon - Fri)","food, Korean food, Korean BBQ, hotpot, grilled meat, buffet, group dining, casual dining, halal food",Yes
Captain Kim Korean BBQ and Hotpot,"Junction 10, 1 Woodlands Road, #01-24",677899,1/4/2026,31/3/2027,"PASSION MEMBERSHIP PRIVILEGE:
- 20% off Adult Lunch Buffet (U.P. $18.90++) (Mon - Fri)","food, Korean food, Korean BBQ, hotpot, grilled meat, buffet, group dining, casual dining, halal food",Yes
Captain Kim Korean BBQ and Hotpot,"NTUC Income Tampines Junction, 300 Tampines Avenue 5, #01-06",529653,1/4/2026,31/3/2027,"PASSION MEMBERSHIP PRIVILEGE:
- 20% off Adult Lunch Buffet (U.P. $18.90++) (Mon - Fri)","food, Korean food, Korean BBQ, hotpot, grilled meat, buffet, group dining, casual dining, halal food",Yes
Cash Studio,"Clarke Quay Central, 6 Eu Tong Sen Street, #03-21",59817,1/7/2026,30/6/2027,"PASSION MEMBERSHIP PRIVILEGES:
- 10% off total bill","electronics, audio, karaoke, entertainment, music, instruments, microphones, speakers, gadgets",Not verified
Cash Studio,"Cuppage Plaza, 5 Koek Road, #B2-09 to 20",228796,1/7/2026,30/6/2027,"PASSION MEMBERSHIP PRIVILEGES:
- 10% off total bill","electronics, audio, karaoke, entertainment, music, instruments, microphones, speakers, gadgets",Not verified
Cash Studio,"Djitsun Mall Bedok, 445 Bedok North Street 1, #03-03",469661,1/7/2026,30/6/2027,"PASSION MEMBERSHIP PRIVILEGES:
- 10% off total bill","electronics, audio, karaoke, entertainment, music, instruments, microphones, speakers, gadgets",Not verified
Cash Studio,"Prinsep Street, 72 Prinsep Street",188671,1/7/2026,30/6/2027,"PASSION MEMBERSHIP PRIVILEGES:
- 10% off total bill","electronics, audio, karaoke, entertainment, music, instruments, microphones, speakers, gadgets",Not verified
Cat & the Fiddle,"City Square Mall, 180 Kitchener Road, #02-50",208539,1/1/2026,31/12/2026,"BLACK PASSION MEMBERSHIP PRIVILEGE:
- 10% off whole cakes

PASSION SILVER / PLATINUM MEMBERSHIP PRIVILEGE:
- 15% off whole cakes","food, desserts, cheesecake, cakes, pastries, birthday cakes, gifting, sweet treats, halal food",Yes
Cat & the Fiddle,"Junction 8, 9 Bishan Place, #02-32A",579837,1/1/2026,31/12/2026,"BLACK PASSION MEMBERSHIP PRIVILEGE:
- 10% off whole cakes

PASSION SILVER / PLATINUM MEMBERSHIP PRIVILEGE:
- 15% off whole cakes","food, desserts, cheesecake, cakes, pastries, birthday cakes, gifting, sweet treats, halal food",Yes
Cat & the Fiddle,"Northpoint City, 1 Northpoint Drive, #01-155, South Wing",768019,1/1/2026,31/12/2026,"BLACK PASSION MEMBERSHIP PRIVILEGE:
- 10% off whole cakes

PASSION SILVER / PLATINUM MEMBERSHIP PRIVILEGE:
- 15% off whole cakes","food, desserts, cheesecake, cakes, pastries, birthday cakes, gifting, sweet treats, halal food",Yes
Cat & the Fiddle,"Punggol Golf Range, 60 Punggol East, #01-09",828825,1/1/2026,31/12/2026,"BLACK PASSION MEMBERSHIP PRIVILEGE:
- 10% off whole cakes

PASSION SILVER / PLATINUM MEMBERSHIP PRIVILEGE:
- 15% off whole cakes","food, desserts, cheesecake, cakes, pastries, birthday cakes, gifting, sweet treats, halal food",Yes
Cat & the Fiddle,"Westgate, 3 Gateway Drive, #01-11",608532,1/1/2026,31/12/2026,"BLACK PASSION MEMBERSHIP PRIVILEGE:
- 10% off whole cakes

PASSION SILVER / PLATINUM MEMBERSHIP PRIVILEGE:
- 15% off whole cakes","food, desserts, cheesecake, cakes, pastries, birthday cakes, gifting, sweet treats, halal food",Yes
Cat & the Fiddle,"Woods Square Cafe, 8 Woodlands Square, Solo 2, #01-15",737737,1/1/2026,31/12/2026,"BLACK PASSION MEMBERSHIP PRIVILEGE:
- 10% off whole cakes

PASSION SILVER / PLATINUM MEMBERSHIP PRIVILEGE:
- 15% off whole cakes","food, desserts, cheesecake, cakes, pastries, birthday cakes, gifting, sweet treats, halal food",Yes
Changi Experience Studio,"Jewel Changi Airport, 78 Airport Boulevard, #04-300",819666,1/1/2026,31/12/2026,"PASSION MEMBERSHIP PRIVILEGES:
- 15% off single tickets on weekdays, excluding Public Holidays
- 10% off single tickets on weekends, including Public Holidays

PASSION SILVER MEMBERSHIP PRIVILEGES:
- $10 single tickets on weekdays, excluding Public Holidays
- 10% off single tickets on weekends, including Public Holidays","travel, airport, Changi Airport, attractions, tourism, aviation, family, interactive experience",Not verified
Chewy Junior,"Bugis Junction, 230 Victoria Street, #B1-12",188024,1/10/2025,30/9/2026,"BLACK PASSION MEMBERSHIP PRIVILEGE:
- Free Chewy Original Cream Puff (worth $3.60 each) with any purchase of box of 6 

PASSION SILVER / PLATINUM MEMBERSHIP PRIVILEGE:
- Free Chocolate Madness (worth $4.00 each) with any purchase of box of 6 ","food, desserts, bakery, cream puffs, chewy puffs, pastries, cakes, sweet treats, snacks, halal food",Yes
Chewy Junior,"Causeway Point, 1 Woodlands Square, #B1-K25",738099,1/10/2025,30/9/2026,"BLACK PASSION MEMBERSHIP PRIVILEGE:
- Free Chewy Original Cream Puff (worth $3.60 each) with any purchase of box of 6 

PASSION SILVER / PLATINUM MEMBERSHIP PRIVILEGE:
- Free Chocolate Madness (worth $4.00 each) with any purchase of box of 6 ","food, desserts, bakery, cream puffs, chewy puffs, pastries, cakes, sweet treats, snacks, halal food",Yes
Chinatown Heritage Centre,48 Pagoda Street,59207,1/4/2026,31/3/2027,"PASSION MEMBERSHIP PRIVILEGE:
- On-site: 10% off Singapore Residence admission tickets","heritage, history, culture, Chinatown, museum, tourism, attractions, family, education",Not verified
Chilli Padi Nonya Restaurant,"Joo Chiat Place, 11 Joo Chiat Place, #01-03",427744,1/1/2026,31/12/2026,"PASSION MEMBERSHIP PRIVILEGE:
- 10% off regular-priced items","food, restaurant, Peranakan, Nonya, Singaporean food, heritage food, lunch, dinner",Not verified
Chilli Padi Tok Panjang,"Heng Mui Keng Terrace, 29 Heng Mui Keng Terrace, #06-21 (Ground Level)",119620,1/1/2026,31/12/2026,"PASSION MEMBERSHIP PRIVILEGE:
- 10% off Weekday Lunch (U.P. $24.94 per pax)","food, restaurant, Peranakan, Nonya, Singaporean food, buffet, nasi, heritage food, catering",Not verified
City Chain,"Bugis Junction, 200 Victoria Street, #01-65",188021,1/4/2026,31/3/2027,"PASSION MEMBERSHIP PRIVILEGES:
- Additional 5% off regular-priced watches with a minimum spending of $300","watches, fashion accessories, jewellery, gifts, lifestyle, men, women, watches",Not verified
City Chain,"IMM, 2 Jurong East Street 21, #01-K17",609601,1/4/2026,31/3/2027,"PASSION MEMBERSHIP PRIVILEGES:
- Additional 5% off regular-priced watches with a minimum spending of $300","watches, fashion accessories, jewellery, gifts, lifestyle, men, women, watches",Not verified
City Chain,"Jem, 50 Jurong Gateway Road, #01-29",608549,1/4/2026,31/3/2027,"PASSION MEMBERSHIP PRIVILEGES:
- Additional 5% off regular-priced watches with a minimum spending of $300","watches, fashion accessories, jewellery, gifts, lifestyle, men, women, watches",Not verified
City Chain,"Jurong Point Shopping Centre, 1 Jurong West Central 2, #01-03 (opening on 20 April)",648886,1/4/2026,31/3/2027,"PASSION MEMBERSHIP PRIVILEGES:
- Additional 5% off regular-priced watches with a minimum spending of $300","watches, fashion accessories, jewellery, gifts, lifestyle, men, women, watches",Not verified
City Chain,"NEX, 23 Serangoon Central, #01-77",556083,1/4/2026,31/3/2027,"PASSION MEMBERSHIP PRIVILEGES:
- Additional 5% off regular-priced watches with a minimum spending of $300","watches, fashion accessories, jewellery, gifts, lifestyle, men, women, watches",Not verified
City Chain,"Northpoint City, 930 Yishun Avenue 2, #01-48",769098,1/4/2026,31/3/2027,"PASSION MEMBERSHIP PRIVILEGES:
- Additional 5% off regular-priced watches with a minimum spending of $300","watches, fashion accessories, jewellery, gifts, lifestyle, men, women, watches",Not verified
City Chain,"Tampines Mall, 4 Tampines Central 5, #01-10",529510,1/4/2026,31/3/2027,"PASSION MEMBERSHIP PRIVILEGES:
- Additional 5% off regular-priced watches with a minimum spending of $300","watches, fashion accessories, jewellery, gifts, lifestyle, men, women, watches",Not verified
Clarks,"ION Orchard, 2 Orchard Turn, #B2-22",238801,1/11/2025,31/10/2026,"BLACK PASSION MEMBERSHIP PRIVILEGE:
- 15% off regular-priced shoes and handbags

PASSION SILVER / PLATINUM MEMBERSHIP PRIVILEGE:
- 20% off regular-priced shoes and handbags","fashion, footwear, shoes, leather shoes, casual shoes, work shoes, formal shoes, sandals",Not verified
Clarks,"Parkway Parade, 80 Marine Parade Road, #01-76/77",449269,1/11/2025,31/10/2026,"BLACK PASSION MEMBERSHIP PRIVILEGE:
- 15% off regular-priced shoes and handbags

PASSION SILVER / PLATINUM MEMBERSHIP PRIVILEGE:
- 20% off regular-priced shoes and handbags","fashion, footwear, shoes, leather shoes, casual shoes, work shoes, formal shoes, sandals",Not verified
Clarks,"Suntec City Mall, 3 Temasek Boulevard, #01-418",38983,1/11/2025,31/10/2026,"BLACK PASSION MEMBERSHIP PRIVILEGE:
- 15% off regular-priced shoes and handbags

PASSION SILVER / PLATINUM MEMBERSHIP PRIVILEGE:
- 20% off regular-priced shoes and handbags","fashion, footwear, shoes, leather shoes, casual shoes, work shoes, formal shoes, sandals",Not verified
Clarks,"Velocity @ Novena Square, 238 Thomson Road, #01- 43",307683,1/11/2025,31/10/2026,"BLACK PASSION MEMBERSHIP PRIVILEGE:
- 15% off regular-priced shoes and handbags

PASSION SILVER / PLATINUM MEMBERSHIP PRIVILEGE:
- 20% off regular-priced shoes and handbags","fashion, footwear, shoes, leather shoes, casual shoes, work shoes, formal shoes, sandals",Not verified
Clarks,"VivoCity, 1 Harbourfront Walk, #01-122/123/124",98585,1/11/2025,31/10/2026,"BLACK PASSION MEMBERSHIP PRIVILEGE:
- 15% off regular-priced shoes and handbags

PASSION SILVER / PLATINUM MEMBERSHIP PRIVILEGE:
- 20% off regular-priced shoes and handbags","fashion, footwear, shoes, leather shoes, casual shoes, work shoes, formal shoes, sandals",Not verified
COCA,"Suntec City Mall, 3 Temasek Boulevard, #02-440",38983,1/8/2026,31/7/2027,"PASSION MEMBERSHIP PRIVILEGE:
- 15% off total food bill
  - Regular Lunch Buffet: U.P. $39++ (weekday); U.P. $43++ (weekend)
  - Regular Dinner Buffet: U.P. $52++ (weekday); U.P. $56++ (weekend)","food, restaurant, Thai food, hotpot, steamboat, seafood, noodles, group dining",Not verified
Concorde Hotel Singapore,"Concorde Hotel, 100 Orchard Road",238840,1/5/2026,30/4/2027,"PASSION MEMBERSHIP PRIVILEGES:
- Weekend staycation with free upgrade (Rates from $228++ per room per night with breakfast for 2 pax)
- 20% off total bill @ Spices Café

- Singapore Flavours Buffet Lunch (Mon - Sun: 12:00PM - 2:30PM) last order: 2:15PM
 - Adult: U.P. $50++
 - Children: U.P. $26++ 

- Harvest of the Sea Buffet Dinner (Thu - Sun, Eve of & Public Holiday: 6:30PM - 10:00PM) last order: 9:45PM
 - Adult: $80++
 - Children: $40++

PASSION SILVER MEMBERSHIP PRIVILEGES:
- Weekend staycation with Free upgrade (Rates from $228++ per room per night with breakfast for 2 pax)

- Singapore Flavours Buffet Lunch (Mon - Sun: 12:00PM - 2:30PM) last order: 2:15PM
 - $36++ per senior citizen 

- Harvest of the Sea Buffet Dinner (Thu - Sun, Eve of & Public Holiday: 6:30PM - 10:00PM) last order: 9:45PM
 - $60++ per senior citizen

Every diner enjoys one complimentary serving of the following items;
- Baked Half Lobster (200gm) with choice of Cheese or Chef’s Specialties OR
- Braised 8 Head Baby Abalone (2 pcs) with Mushroom & Broccoli","hotel, accommodation, travel, Orchard, staycation, business travel, dining, meetings",Not verified
Concorde Hotel Singapore,"Spice Cafe, 100 Orchard Road, Level 2",238840,1/5/2026,30/4/2027,"PASSION MEMBERSHIP PRIVILEGES:
- Weekend staycation with free upgrade (Rates from $228++ per room per night with breakfast for 2 pax)
- 20% off total bill @ Spices Café

- Singapore Flavours Buffet Lunch (Mon - Sun: 12:00PM - 2:30PM) last order: 2:15PM
  - Adult: U.P. $50++
  - Children: U.P. $26++

- Harvest of the Sea Buffet Dinner (Thu - Sun, Eve of & Public Holiday: 6:30PM - 10:00PM) last order: 9:45PM
  - Adult: $80++
  - Children: $40++

PASSION SILVER MEMBERSHIP PRIVILEGES:
- Weekend staycation with Free upgrade (Rates from $228++ per room per night with breakfast for 2 pax)

- Singapore Flavours Buffet Lunch (Mon - Sun: 12:00PM - 2:30PM) last order: 2:15PM
  - $36++ per senior citizen

- Harvest of the Sea Buffet Dinner (Thu - Sun, Eve of & Public Holiday: 6:30PM - 10:00PM) last order: 9:45PM
  - $60++ per senior citizen","hotel, accommodation, travel, Orchard, staycation, business travel, dining, meetings",Not verified
COOKHOUSE,"Novena Square, 238 Thomson Road, #03-47/56",307683,1/1/2026,31/12/2026,"PASSION SILVER MEMBERSHIP PRIVILEGE:   
- Kaya Butter Bun + Hot Coffee / Tea @ $2.50 on Mon - Fri from 3:00 PM - 5:00 PM (U.P. $2.80 - $3.20)","food, cooking, kitchen, dining, meals, culinary, home food",Not verified
COOKHOUSE,"Waterway Point, 83 Punggol Central, #02-20",828761,1/1/2026,31/12/2026,"PASSION SILVER MEMBERSHIP PRIVILEGE:   
- Kaya Butter Bun + Hot Coffee / Tea @ $2.50 on Mon - Fri from 3:00 PM - 5:00 PM (U.P. $2.80 - $3.20)","food, cooking, kitchen, dining, meals, culinary, home food",Not verified
COOKHOUSE,"White Sands, 1 Pasir Ris Central Street 3, #03-01/02/26",518457,1/1/2026,31/12/2026,"PASSION SILVER MEMBERSHIP PRIVILEGE:   
- Kaya Butter Bun + Hot Coffee / Tea @ $2.50 on Mon - Fri from 3:00 PM - 5:00 PM (U.P. $2.80 - $3.20)","food, cooking, kitchen, dining, meals, culinary, home food",Not verified
Dal.Komm Coffee,"Funan Mall, 107 North Bridge Road, #03-17",179105,1/10/2025,30/9/2026,"PASSION MEMBERSHIP PRIVILEGE:
- 10% off a la carte food & non-alcoholic beverages","food, drinks, coffee, cafe, specialty coffee, tea, desserts, pastries, brunch, takeaway",Not verified
Dal.Komm Coffee,"Guoco Midtown, 124 Beach Road, #01-08",189771,1/10/2025,30/9/2026,"PASSION MEMBERSHIP PRIVILEGE:
- 10% off a la carte food & non-alcoholic beverages","food, drinks, coffee, cafe, specialty coffee, tea, desserts, pastries, brunch, takeaway",Not verified
Dal.Komm Coffee,"Marina Square, 6 Raffles Boulevard, #02-278",39594,1/10/2025,30/9/2026,"PASSION MEMBERSHIP PRIVILEGE:
- 10% off a la carte food & non-alcoholic beverages","food, drinks, coffee, cafe, specialty coffee, tea, desserts, pastries, brunch, takeaway",Not verified
Délifrance,"Causeway Point, 1 Woodlands Square, #B1-21",738099,1/1/2026,31/12/2026,"PASSION MEMBERSHIP PRIVILEGE:
- 10% off total bill with a minimum spending of $20 on a la carte items","food, bakery, cafe, French food, croissant, pastries, sandwiches, cakes, desserts, breakfast, halal food",Yes
Délifrance,"Changi General Hospital, 2 Simei Street 3, #01-32",529889,1/1/2026,31/12/2026,"PASSION MEMBERSHIP PRIVILEGE:
- 10% off total bill with a minimum spending of $20 on a la carte items","food, bakery, cafe, French food, croissant, pastries, sandwiches, cakes, desserts, breakfast, halal food",Yes
Délifrance,"Downtown East, 1 Pasir Ris Close, #02-321",519599,1/1/2026,31/12/2026,"PASSION MEMBERSHIP PRIVILEGE:
- 10% off total bill with a minimum spending of $20 on a la carte items","food, bakery, cafe, French food, croissant, pastries, sandwiches, cakes, desserts, breakfast, halal food",Yes
Délifrance,"Jem, 50 Jurong Gateway Road, #B1-K15/16",608549,1/1/2026,31/12/2026,"PASSION MEMBERSHIP PRIVILEGE:
- 10% off total bill with a minimum spending of $20 on a la carte items","food, bakery, cafe, French food, croissant, pastries, sandwiches, cakes, desserts, breakfast, halal food",Yes
Délifrance,"KK Women's & Children's Hospital, 100 Bukit Timah Road, #01-08/09/10",229899,1/1/2026,31/12/2026,"PASSION MEMBERSHIP PRIVILEGE:
- 10% off total bill with a minimum spending of $20 on a la carte items","food, bakery, cafe, French food, croissant, pastries, sandwiches, cakes, desserts, breakfast, halal food",Yes
Délifrance,"Lot One Shoppers' Mall, 21 Choa Chu Kang Avenue 4, #03-14A",689812,1/1/2026,31/12/2026,"PASSION MEMBERSHIP PRIVILEGE:
- 10% off total bill with a minimum spending of $20 on a la carte items","food, bakery, cafe, French food, croissant, pastries, sandwiches, cakes, desserts, breakfast, halal food",Yes
Délifrance,"Ng Teng Fong General Hospital, 1 Jurong East Street 21, #02-33",609606,1/1/2026,31/12/2026,"PASSION MEMBERSHIP PRIVILEGE:
- 10% off total bill with a minimum spending of $20 on a la carte items","food, bakery, cafe, French food, croissant, pastries, sandwiches, cakes, desserts, breakfast, halal food",Yes
Délifrance,"Northpoint City, 1 Northpoint Drive, South Wing, #01-168/169",768019,1/1/2026,31/12/2026,"PASSION MEMBERSHIP PRIVILEGE:
- 10% off total bill with a minimum spending of $20 on a la carte items","food, bakery, cafe, French food, croissant, pastries, sandwiches, cakes, desserts, breakfast, halal food",Yes
Délifrance,"NUH Medical Centre, 1 Lower Kent Ridge Road, #04-11/12",119082,1/1/2026,31/12/2026,"PASSION MEMBERSHIP PRIVILEGE:
- 10% off total bill with a minimum spending of $20 on a la carte items","food, bakery, cafe, French food, croissant, pastries, sandwiches, cakes, desserts, breakfast, halal food",Yes
Délifrance,"Sengkang General Hospital, 110 Sengkang East Way",544886,1/1/2026,31/12/2026,"PASSION MEMBERSHIP PRIVILEGE:
- 10% off total bill with a minimum spending of $20 on a la carte items","food, bakery, cafe, French food, croissant, pastries, sandwiches, cakes, desserts, breakfast, halal food",Yes
Délifrance,"SingPost Centre, 10 Eunos Road 8, #01-141A/141B",408600,1/1/2026,31/12/2026,"PASSION MEMBERSHIP PRIVILEGE:
- 10% off total bill with a minimum spending of $20 on a la carte items","food, bakery, cafe, French food, croissant, pastries, sandwiches, cakes, desserts, breakfast, halal food",Yes
Délifrance,"Tampines 1, 10 Tampines Central 1, #03-K3",529536,1/1/2026,31/12/2026,"PASSION MEMBERSHIP PRIVILEGE:
- 10% off total bill with a minimum spending of $20 on a la carte items","food, bakery, cafe, French food, croissant, pastries, sandwiches, cakes, desserts, breakfast, halal food",Yes
Délifrance,"Toa Payoh HDB Hub, 480 Lorong 6 Toa Payoh, #01-10",310480,1/1/2026,31/12/2026,"PASSION MEMBERSHIP PRIVILEGE:
- 10% off total bill with a minimum spending of $20 on a la carte items","food, bakery, cafe, French food, croissant, pastries, sandwiches, cakes, desserts, breakfast, halal food",Yes
Délifrance,"Waterway Point, 83 Punggol Central, #01-17A",828761,1/1/2026,31/12/2026,"PASSION MEMBERSHIP PRIVILEGE:
- 10% off total bill with a minimum spending of $20 on a la carte items","food, bakery, cafe, French food, croissant, pastries, sandwiches, cakes, desserts, breakfast, halal food",Yes
Denticare,"AMK Hub, 53 Ang Mo Kio Avenue 3, #03-17",569933,-,-,"PASSION MEMBERSHIP PRIVILEGES:
Corporate Price
- Consultation - $22.50 - $45
- Scaling and Polishing - $54 - $126
- Fluoride Treatment - $27
- Dental Fillings - $45 - $135
- Extractions - $58.50 - $180
- Retainers From $198
- Wisdom Tooth Surgery - $382.50 - $1,026","dental, dentist, oral care, teeth cleaning, dental treatment, braces, wisdom tooth, family dental",Not verified
Denticare,"Bishan, Blk 510 Bishan Street 13, #01-08",570510,-,-,"PASSION MEMBERSHIP PRIVILEGES:
Corporate Price
- Consultation - $22.50 - $45
- Scaling and Polishing - $54 - $126
- Fluoride Treatment - $27
- Dental Fillings - $45 - $135
- Extractions - $58.50 - $180
- Retainers From $198
- Wisdom Tooth Surgery - $382.50 - $1,026","dental, dentist, oral care, teeth cleaning, dental treatment, braces, wisdom tooth, family dental",Not verified
Denticare,"Choa Chu Kang Centre, 309 Choa Chu Kang Avenue 4, #03-01",680309,-,-,"PASSION MEMBERSHIP PRIVILEGES:
Corporate Price
- Consultation - $22.50 - $45
- Scaling and Polishing - $54 - $126
- Fluoride Treatment - $27
- Dental Fillings - $45 - $135
- Extractions - $58.50 - $180
- Retainers From $198
- Wisdom Tooth Surgery - $382.50 - $1,026","dental, dentist, oral care, teeth cleaning, dental treatment, braces, wisdom tooth, family dental",Not verified
Denticare,"Clementi, Blk 431 Clementi Avenue 3, #01-304",120431,-,-,"PASSION MEMBERSHIP PRIVILEGES:
Corporate Price
- Consultation - $22.50 - $45
- Scaling and Polishing - $54 - $126
- Fluoride Treatment - $27
- Dental Fillings - $45 - $135
- Extractions - $58.50 - $180
- Retainers From $198
- Wisdom Tooth Surgery - $382.50 - $1,026","dental, dentist, oral care, teeth cleaning, dental treatment, braces, wisdom tooth, family dental",Not verified
Denticare,"Harbourfront Centre, 1 Maritime Square, #03-17",99253,-,-,"PASSION MEMBERSHIP PRIVILEGES:
Corporate Price
- Consultation - $22.50 - $45
- Scaling and Polishing - $54 - $126
- Fluoride Treatment - $27
- Dental Fillings - $45 - $135
- Extractions - $58.50 - $180
- Retainers From $198
- Wisdom Tooth Surgery - $382.50 - $1,026","dental, dentist, oral care, teeth cleaning, dental treatment, braces, wisdom tooth, family dental",Not verified
Denticare,"Heartbeat@Bedok, 11 Bedok North Street 1, #01-04",469662,-,-,"PASSION MEMBERSHIP PRIVILEGES:
Corporate Price
- Consultation - $22.50 - $45
- Scaling and Polishing - $54 - $126
- Fluoride Treatment - $27
- Dental Fillings - $45 - $135
- Extractions - $58.50 - $180
- Retainers From $198
- Wisdom Tooth Surgery - $382.50 - $1,026","dental, dentist, oral care, teeth cleaning, dental treatment, braces, wisdom tooth, family dental",Not verified
Denticare,"Hougang, 682 Hougang Avenue 4, #01-324",530682,-,-,"PASSION MEMBERSHIP PRIVILEGES:
Corporate Price
- Consultation - $22.50 - $45
- Scaling and Polishing - $54 - $126
- Fluoride Treatment - $27
- Dental Fillings - $45 - $135
- Extractions - $58.50 - $180
- Retainers From $198
- Wisdom Tooth Surgery - $382.50 - $1,026","dental, dentist, oral care, teeth cleaning, dental treatment, braces, wisdom tooth, family dental",Not verified
Denticare,"Jurong Point, 1 Jurong West Central 2, #B1A-20B",648886,-,-,"PASSION MEMBERSHIP PRIVILEGES:
Corporate Price
- Consultation - $22.50 - $45
- Scaling and Polishing - $54 - $126
- Fluoride Treatment - $27
- Dental Fillings - $45 - $135
- Extractions - $58.50 - $180
- Retainers From $198
- Wisdom Tooth Surgery - $382.50 - $1,026","dental, dentist, oral care, teeth cleaning, dental treatment, braces, wisdom tooth, family dental",Not verified
Denticare,"Midpoint Orchard, 220 Orchard Road, #02-12",238852,-,-,"PASSION MEMBERSHIP PRIVILEGES:
Corporate Price
- Consultation - $22.50 - $45
- Scaling and Polishing - $54 - $126
- Fluoride Treatment - $27
- Dental Fillings - $45 - $135
- Extractions - $58.50 - $180
- Retainers From $198
- Wisdom Tooth Surgery - $382.50 - $1,026","dental, dentist, oral care, teeth cleaning, dental treatment, braces, wisdom tooth, family dental",Not verified
Denticare,"Parkway Parade, 80 Marine Parade Road, #05-02",449269,-,-,"PASSION MEMBERSHIP PRIVILEGES:
Corporate Price
- Consultation - $22.50 - $45
- Scaling and Polishing - $54 - $126
- Fluoride Treatment - $27
- Dental Fillings - $45 - $135
- Extractions - $58.50 - $180
- Retainers From $198
- Wisdom Tooth Surgery - $382.50 - $1,026","dental, dentist, oral care, teeth cleaning, dental treatment, braces, wisdom tooth, family dental",Not verified
Denticare,"Serangoon Central, Blk 261 Serangoon Central Drive, #01-09",550261,-,-,"PASSION MEMBERSHIP PRIVILEGES:
Corporate Price
- Consultation - $22.50 - $45
- Scaling and Polishing - $54 - $126
- Fluoride Treatment - $27
- Dental Fillings - $45 - $135
- Extractions - $58.50 - $180
- Retainers From $198
- Wisdom Tooth Surgery - $382.50 - $1,026","dental, dentist, oral care, teeth cleaning, dental treatment, braces, wisdom tooth, family dental",Not verified
Denticare,"Tampines Junction, 300 Tampines Avenue 5, #01-05",529653,-,-,"PASSION MEMBERSHIP PRIVILEGES:
Corporate Price
- Consultation - $22.50 - $45
- Scaling and Polishing - $54 - $126
- Fluoride Treatment - $27
- Dental Fillings - $45 - $135
- Extractions - $58.50 - $180
- Retainers From $198
- Wisdom Tooth Surgery - $382.50 - $1,026","dental, dentist, oral care, teeth cleaning, dental treatment, braces, wisdom tooth, family dental",Not verified
Denticare,"Tanjong Pagar Plaza, Blk 1, #01-55",82001,-,-,"PASSION MEMBERSHIP PRIVILEGES:
Corporate Price
- Consultation - $22.50 - $45
- Scaling and Polishing - $54 - $126
- Fluoride Treatment - $27
- Dental Fillings - $45 - $135
- Extractions - $58.50 - $180
- Retainers From $198
- Wisdom Tooth Surgery - $382.50 - $1,026","dental, dentist, oral care, teeth cleaning, dental treatment, braces, wisdom tooth, family dental",Not verified
Denticare,"The Woodgrove, 30 Woodlands Avenue 1, #02-05",739065,-,-,"PASSION MEMBERSHIP PRIVILEGES:
Corporate Price
- Consultation - $22.50 - $45
- Scaling and Polishing - $54 - $126
- Fluoride Treatment - $27
- Dental Fillings - $45 - $135
- Extractions - $58.50 - $180
- Retainers From $198
- Wisdom Tooth Surgery - $382.50 - $1,026","dental, dentist, oral care, teeth cleaning, dental treatment, braces, wisdom tooth, family dental",Not verified
Denticare,"Thomson Plaza, 301 Upper Thomson Road, #02-12",574408,-,-,"PASSION MEMBERSHIP PRIVILEGES:
Corporate Price
- Consultation - $22.50 - $45
- Scaling and Polishing - $54 - $126
- Fluoride Treatment - $27
- Dental Fillings - $45 - $135
- Extractions - $58.50 - $180
- Retainers From $198
- Wisdom Tooth Surgery - $382.50 - $1,026","dental, dentist, oral care, teeth cleaning, dental treatment, braces, wisdom tooth, family dental",Not verified
Denticare,"Toa Payoh HDB Hub, 500 Lorong 6 Toa Payoh, #B1-31",310500,-,-,"PASSION MEMBERSHIP PRIVILEGES:
Corporate Price
- Consultation - $22.50 - $45
- Scaling and Polishing - $54 - $126
- Fluoride Treatment - $27
- Dental Fillings - $45 - $135
- Extractions - $58.50 - $180
- Retainers From $198
- Wisdom Tooth Surgery - $382.50 - $1,026","dental, dentist, oral care, teeth cleaning, dental treatment, braces, wisdom tooth, family dental",Not verified
Domino's Pizza,"Ang Mo Kio, Blk 574 Ang Mo Kio Avenue 10, #01-1827",560574,1/12/2025,30/11/2026,"BLACK PASSION MEMBERSHIP PRIVILEGE:
- 1 Personal Pizza + 1 Mushroom Soup @ $7.90 (U.P. $17.90)

PASSION SILVER / PLATINUM MEMBERSHIP PRIVILEGE:
- 1 Personal Pizza + 1 Mushroom Soup @ $7.50 (U.P. $17.90)","food, pizza, Italian, delivery, takeaway, cheese, pizza delivery, fast food, family meals",Not verified
Domino's Pizza,"Arab Street, 146 Arab Street",199830,1/12/2025,30/11/2026,"BLACK PASSION MEMBERSHIP PRIVILEGE:
- 1 Personal Pizza + 1 Mushroom Soup @ $7.90 (U.P. $17.90)

PASSION SILVER / PLATINUM MEMBERSHIP PRIVILEGE:
- 1 Personal Pizza + 1 Mushroom Soup @ $7.50 (U.P. $17.90)","food, pizza, Italian, delivery, takeaway, cheese, pizza delivery, fast food, family meals",Not verified
Domino's Pizza,"Balestier Road, 429 Balestier Road",329811,1/12/2025,30/11/2026,"BLACK PASSION MEMBERSHIP PRIVILEGE:
- 1 Personal Pizza + 1 Mushroom Soup @ $7.90 (U.P. $17.90)

PASSION SILVER / PLATINUM MEMBERSHIP PRIVILEGE:
- 1 Personal Pizza + 1 Mushroom Soup @ $7.50 (U.P. $17.90)","food, pizza, Italian, delivery, takeaway, cheese, pizza delivery, fast food, family meals",Not verified
Domino's Pizza,"Bedok, 218 Bedok North Street 1, #01-15",460218,1/12/2025,30/11/2026,"BLACK PASSION MEMBERSHIP PRIVILEGE:
- 1 Personal Pizza + 1 Mushroom Soup @ $7.90 (U.P. $17.90)

PASSION SILVER / PLATINUM MEMBERSHIP PRIVILEGE:
- 1 Personal Pizza + 1 Mushroom Soup @ $7.50 (U.P. $17.90)","food, pizza, Italian, delivery, takeaway, cheese, pizza delivery, fast food, family meals",Not verified
Domino's Pizza,"Bedok Reservoir, Blk 631 Bedok Reservoir Road, #01-972",470631,1/12/2025,30/11/2026,"BLACK PASSION MEMBERSHIP PRIVILEGE:
- 1 Personal Pizza + 1 Mushroom Soup @ $7.90 (U.P. $17.90)

PASSION SILVER / PLATINUM MEMBERSHIP PRIVILEGE:
- 1 Personal Pizza + 1 Mushroom Soup @ $7.50 (U.P. $17.90)","food, pizza, Italian, delivery, takeaway, cheese, pizza delivery, fast food, family meals",Not verified
Domino's Pizza,"Bukit Batok, Blk 152 Bukit Batok Street 11, #01-258",650152,1/12/2025,30/11/2026,"BLACK PASSION MEMBERSHIP PRIVILEGE:
- 1 Personal Pizza + 1 Mushroom Soup @ $7.90 (U.P. $17.90)

PASSION SILVER / PLATINUM MEMBERSHIP PRIVILEGE:
- 1 Personal Pizza + 1 Mushroom Soup @ $7.50 (U.P. $17.90)","food, pizza, Italian, delivery, takeaway, cheese, pizza delivery, fast food, family meals",Not verified
Domino's Pizza,"Bukit Merah, 161 Bukit Merah Central, #01-3725",150161,1/12/2025,30/11/2026,"BLACK PASSION MEMBERSHIP PRIVILEGE:
- 1 Personal Pizza + 1 Mushroom Soup @ $7.90 (U.P. $17.90)

PASSION SILVER / PLATINUM MEMBERSHIP PRIVILEGE:
- 1 Personal Pizza + 1 Mushroom Soup @ $7.50 (U.P. $17.90)","food, pizza, Italian, delivery, takeaway, cheese, pizza delivery, fast food, family meals",Not verified
Domino's Pizza,"ESR BIZPARK @ Changi, 6 Changi Business Park Avenue 1, #01-30",486017,1/12/2025,30/11/2026,"BLACK PASSION MEMBERSHIP PRIVILEGE:
- 1 Personal Pizza + 1 Mushroom Soup @ $7.90 (U.P. $17.90)

PASSION SILVER / PLATINUM MEMBERSHIP PRIVILEGE:
- 1 Personal Pizza + 1 Mushroom Soup @ $7.50 (U.P. $17.90)","food, pizza, Italian, delivery, takeaway, cheese, pizza delivery, fast food, family meals",Not verified
Domino's Pizza,"Crown Centre, 557 Bukit Timah Road, #01-04/05",269694,1/12/2025,30/11/2026,"BLACK PASSION MEMBERSHIP PRIVILEGE:
- 1 Personal Pizza + 1 Mushroom Soup @ $7.90 (U.P. $17.90)

PASSION SILVER / PLATINUM MEMBERSHIP PRIVILEGE:
- 1 Personal Pizza + 1 Mushroom Soup @ $7.50 (U.P. $17.90)","food, pizza, Italian, delivery, takeaway, cheese, pizza delivery, fast food, family meals",Not verified
Domino's Pizza,"East Coast Road, 29 East Coast Road",428750,1/12/2025,30/11/2026,"BLACK PASSION MEMBERSHIP PRIVILEGE:
- 1 Personal Pizza + 1 Mushroom Soup @ $7.90 (U.P. $17.90)

PASSION SILVER / PLATINUM MEMBERSHIP PRIVILEGE:
- 1 Personal Pizza + 1 Mushroom Soup @ $7.50 (U.P. $17.90)","food, pizza, Italian, delivery, takeaway, cheese, pizza delivery, fast food, family meals",Not verified
Domino's Pizza,"Elias Mall, 625 Elias Road, #01-312",510625,1/12/2025,30/11/2026,"BLACK PASSION MEMBERSHIP PRIVILEGE:
- 1 Personal Pizza + 1 Mushroom Soup @ $7.90 (U.P. $17.90)

PASSION SILVER / PLATINUM MEMBERSHIP PRIVILEGE:
- 1 Personal Pizza + 1 Mushroom Soup @ $7.50 (U.P. $17.90)","food, pizza, Italian, delivery, takeaway, cheese, pizza delivery, fast food, family meals",Not verified
Domino's Pizza,"Greenridge Shopping Centre, 524A Jelapang Road, #01-02",671524,1/12/2025,30/11/2026,"BLACK PASSION MEMBERSHIP PRIVILEGE:
- 1 Personal Pizza + 1 Mushroom Soup @ $7.90 (U.P. $17.90)

PASSION SILVER / PLATINUM MEMBERSHIP PRIVILEGE:
- 1 Personal Pizza + 1 Mushroom Soup @ $7.50 (U.P. $17.90)","food, pizza, Italian, delivery, takeaway, cheese, pizza delivery, fast food, family meals",Not verified
Domino's Pizza,"Hillview Community Club, 1 Hillview Rise, #01-03",667970,1/12/2025,30/11/2026,"BLACK PASSION MEMBERSHIP PRIVILEGE:
- 1 Personal Pizza + 1 Mushroom Soup @ $7.90 (U.P. $17.90)

PASSION SILVER / PLATINUM MEMBERSHIP PRIVILEGE:
- 1 Personal Pizza + 1 Mushroom Soup @ $7.50 (U.P. $17.90)","food, pizza, Italian, delivery, takeaway, cheese, pizza delivery, fast food, family meals",Not verified
Domino's Pizza,"Holland Drive, Blk 42 Holland Drive, #01-81",270042,1/12/2025,30/11/2026,"BLACK PASSION MEMBERSHIP PRIVILEGE:
- 1 Personal Pizza + 1 Mushroom Soup @ $7.90 (U.P. $17.90)

PASSION SILVER / PLATINUM MEMBERSHIP PRIVILEGE:
- 1 Personal Pizza + 1 Mushroom Soup @ $7.50 (U.P. $17.90)","food, pizza, Italian, delivery, takeaway, cheese, pizza delivery, fast food, family meals",Not verified
Domino's Pizza,"ICON Link@ClubStreet, 8 Club Street, Icon Mercure Hotel, #B2-05",69472,1/12/2025,30/11/2026,"BLACK PASSION MEMBERSHIP PRIVILEGE:
- 1 Personal Pizza + 1 Mushroom Soup @ $7.90 (U.P. $17.90)

PASSION SILVER / PLATINUM MEMBERSHIP PRIVILEGE:
- 1 Personal Pizza + 1 Mushroom Soup @ $7.50 (U.P. $17.90)","food, pizza, Italian, delivery, takeaway, cheese, pizza delivery, fast food, family meals",Not verified
Domino's Pizza,"Jalan Kayu, 233 Jalan Kayu",799457,1/12/2025,30/11/2026,"BLACK PASSION MEMBERSHIP PRIVILEGE:
- 1 Personal Pizza + 1 Mushroom Soup @ $7.90 (U.P. $17.90)

PASSION SILVER / PLATINUM MEMBERSHIP PRIVILEGE:
- 1 Personal Pizza + 1 Mushroom Soup @ $7.50 (U.P. $17.90)","food, pizza, Italian, delivery, takeaway, cheese, pizza delivery, fast food, family meals",Not verified
Domino's Pizza,"Jalan Malu Malu, 59B Jalan Malu Malu",769674,1/12/2025,30/11/2026,"BLACK PASSION MEMBERSHIP PRIVILEGE:
- 1 Personal Pizza + 1 Mushroom Soup @ $7.90 (U.P. $17.90)

PASSION SILVER / PLATINUM MEMBERSHIP PRIVILEGE:
- 1 Personal Pizza + 1 Mushroom Soup @ $7.50 (U.P. $17.90)","food, pizza, Italian, delivery, takeaway, cheese, pizza delivery, fast food, family meals",Not verified
Domino's Pizza,"Jurong East, Blk 202 Jurong East Street 21, #01-115",600202,1/12/2025,30/11/2026,"BLACK PASSION MEMBERSHIP PRIVILEGE:
- 1 Personal Pizza + 1 Mushroom Soup @ $7.90 (U.P. $17.90)

PASSION SILVER / PLATINUM MEMBERSHIP PRIVILEGE:
- 1 Personal Pizza + 1 Mushroom Soup @ $7.50 (U.P. $17.90)","food, pizza, Italian, delivery, takeaway, cheese, pizza delivery, fast food, family meals",Not verified
Domino's Pizza,"Jurong Green Community Club, 6 Jurong West Avenue 1, #01-03",649520,1/12/2025,30/11/2026,"BLACK PASSION MEMBERSHIP PRIVILEGE:
- 1 Personal Pizza + 1 Mushroom Soup @ $7.90 (U.P. $17.90)

PASSION SILVER / PLATINUM MEMBERSHIP PRIVILEGE:
- 1 Personal Pizza + 1 Mushroom Soup @ $7.50 (U.P. $17.90)","food, pizza, Italian, delivery, takeaway, cheese, pizza delivery, fast food, family meals",Not verified
Domino's Pizza,"Kampong Bahru, 53 Kampong Bahru Road",169364,1/12/2025,30/11/2026,"BLACK PASSION MEMBERSHIP PRIVILEGE:
- 1 Personal Pizza + 1 Mushroom Soup @ $7.90 (U.P. $17.90)

PASSION SILVER / PLATINUM MEMBERSHIP PRIVILEGE:
- 1 Personal Pizza + 1 Mushroom Soup @ $7.50 (U.P. $17.90)","food, pizza, Italian, delivery, takeaway, cheese, pizza delivery, fast food, family meals",Not verified
Domino's Pizza,"Keat Hong Shopping Centre, 253 Choa Chu Kang Avenue 1, #01-01",680253,1/12/2025,30/11/2026,"BLACK PASSION MEMBERSHIP PRIVILEGE:
- 1 Personal Pizza + 1 Mushroom Soup @ $7.90 (U.P. $17.90)

PASSION SILVER / PLATINUM MEMBERSHIP PRIVILEGE:
- 1 Personal Pizza + 1 Mushroom Soup @ $7.50 (U.P. $17.90)","food, pizza, Italian, delivery, takeaway, cheese, pizza delivery, fast food, family meals",Not verified
Domino's Pizza,"Kebun Baru Community Club, 216 Ang Mo Kio Avenue 4, #01-04",569897,1/12/2025,30/11/2026,"BLACK PASSION MEMBERSHIP PRIVILEGE:
- 1 Personal Pizza + 1 Mushroom Soup @ $7.90 (U.P. $17.90)

PASSION SILVER / PLATINUM MEMBERSHIP PRIVILEGE:
- 1 Personal Pizza + 1 Mushroom Soup @ $7.50 (U.P. $17.90)","food, pizza, Italian, delivery, takeaway, cheese, pizza delivery, fast food, family meals",Not verified
Domino's Pizza,"Killiney Road, 73 Killiney Road",239528,1/12/2025,30/11/2026,"BLACK PASSION MEMBERSHIP PRIVILEGE:
- 1 Personal Pizza + 1 Mushroom Soup @ $7.90 (U.P. $17.90)

PASSION SILVER / PLATINUM MEMBERSHIP PRIVILEGE:
- 1 Personal Pizza + 1 Mushroom Soup @ $7.50 (U.P. $17.90)","food, pizza, Italian, delivery, takeaway, cheese, pizza delivery, fast food, family meals",Not verified
Domino's Pizza,"Kovan, 9 Simon Road, #01-01",545895,1/12/2025,30/11/2026,"BLACK PASSION MEMBERSHIP PRIVILEGE:
- 1 Personal Pizza + 1 Mushroom Soup @ $7.90 (U.P. $17.90)

PASSION SILVER / PLATINUM MEMBERSHIP PRIVILEGE:
- 1 Personal Pizza + 1 Mushroom Soup @ $7.50 (U.P. $17.90)","food, pizza, Italian, delivery, takeaway, cheese, pizza delivery, fast food, family meals",Not verified
Domino's Pizza,"NTU Foodcourt, 1 50 Nanyang Avenue",639778,1/12/2025,30/11/2026,"BLACK PASSION MEMBERSHIP PRIVILEGE:
- 1 Personal Pizza + 1 Mushroom Soup @ $7.90 (U.P. $17.90)

PASSION SILVER / PLATINUM MEMBERSHIP PRIVILEGE:
- 1 Personal Pizza + 1 Mushroom Soup @ $7.50 (U.P. $17.90)","food, pizza, Italian, delivery, takeaway, cheese, pizza delivery, fast food, family meals",Not verified
Domino's Pizza,"Pasir Ris East Community Club, 1 Pasir Ris Drive 4, #01-09",519457,1/12/2025,30/11/2026,"BLACK PASSION MEMBERSHIP PRIVILEGE:
- 1 Personal Pizza + 1 Mushroom Soup @ $7.90 (U.P. $17.90)

PASSION SILVER / PLATINUM MEMBERSHIP PRIVILEGE:
- 1 Personal Pizza + 1 Mushroom Soup @ $7.50 (U.P. $17.90)","food, pizza, Italian, delivery, takeaway, cheese, pizza delivery, fast food, family meals",Not verified
Domino's Pizza,"Rivervale Community Club, 2 Rivervale Close, #01-02",544583,1/12/2025,30/11/2026,"BLACK PASSION MEMBERSHIP PRIVILEGE:
- 1 Personal Pizza + 1 Mushroom Soup @ $7.90 (U.P. $17.90)

PASSION SILVER / PLATINUM MEMBERSHIP PRIVILEGE:
- 1 Personal Pizza + 1 Mushroom Soup @ $7.50 (U.P. $17.90)","food, pizza, Italian, delivery, takeaway, cheese, pizza delivery, fast food, family meals",Not verified
Domino's Pizza,"Rivervale Shores, 171 Sengkang East Drive, #01-13",540171,1/12/2025,30/11/2026,"BLACK PASSION MEMBERSHIP PRIVILEGE:
- 1 Personal Pizza + 1 Mushroom Soup @ $7.90 (U.P. $17.90)

PASSION SILVER / PLATINUM MEMBERSHIP PRIVILEGE:
- 1 Personal Pizza + 1 Mushroom Soup @ $7.50 (U.P. $17.90)","food, pizza, Italian, delivery, takeaway, cheese, pizza delivery, fast food, family meals",Not verified
Domino's Pizza,"Sembawang, 369 Sembawang Road, #01-06, Sembawang Cottage",758382,1/12/2025,30/11/2026,"BLACK PASSION MEMBERSHIP PRIVILEGE:
- 1 Personal Pizza + 1 Mushroom Soup @ $7.90 (U.P. $17.90)

PASSION SILVER / PLATINUM MEMBERSHIP PRIVILEGE:
- 1 Personal Pizza + 1 Mushroom Soup @ $7.50 (U.P. $17.90)","food, pizza, Italian, delivery, takeaway, cheese, pizza delivery, fast food, family meals",Not verified
Domino's Pizza,"Siglap, 918 East Coast Road",459111,1/12/2025,30/11/2026,"BLACK PASSION MEMBERSHIP PRIVILEGE:
- 1 Personal Pizza + 1 Mushroom Soup @ $7.90 (U.P. $17.90)

PASSION SILVER / PLATINUM MEMBERSHIP PRIVILEGE:
- 1 Personal Pizza + 1 Mushroom Soup @ $7.50 (U.P. $17.90)","food, pizza, Italian, delivery, takeaway, cheese, pizza delivery, fast food, family meals",Not verified
Domino's Pizza,"Sims Avenue, 123 Sims Avenue, #01-03",387446,1/12/2025,30/11/2026,"BLACK PASSION MEMBERSHIP PRIVILEGE:
- 1 Personal Pizza + 1 Mushroom Soup @ $7.90 (U.P. $17.90)

PASSION SILVER / PLATINUM MEMBERSHIP PRIVILEGE:
- 1 Personal Pizza + 1 Mushroom Soup @ $7.50 (U.P. $17.90)","food, pizza, Italian, delivery, takeaway, cheese, pizza delivery, fast food, family meals",Not verified
Domino's Pizza,"Sumang Walk, 322 Sumang Walk, #01-02",820322,1/12/2025,30/11/2026,"BLACK PASSION MEMBERSHIP PRIVILEGE:
- 1 Personal Pizza + 1 Mushroom Soup @ $7.90 (U.P. $17.90)

PASSION SILVER / PLATINUM MEMBERSHIP PRIVILEGE:
- 1 Personal Pizza + 1 Mushroom Soup @ $7.50 (U.P. $17.90)","food, pizza, Italian, delivery, takeaway, cheese, pizza delivery, fast food, family meals",Not verified
Domino's Pizza,"Tampines, Blk 462 Tampines Street 44, #01-76",520462,1/12/2025,30/11/2026,"BLACK PASSION MEMBERSHIP PRIVILEGE:
- 1 Personal Pizza + 1 Mushroom Soup @ $7.90 (U.P. $17.90)

PASSION SILVER / PLATINUM MEMBERSHIP PRIVILEGE:
- 1 Personal Pizza + 1 Mushroom Soup @ $7.50 (U.P. $17.90)","food, pizza, Italian, delivery, takeaway, cheese, pizza delivery, fast food, family meals",Not verified
Domino's Pizza,"Tampines North, 10 Tampines North Drive 4, #01-05",528553,1/12/2025,30/11/2026,"BLACK PASSION MEMBERSHIP PRIVILEGE:
- 1 Personal Pizza + 1 Mushroom Soup @ $7.90 (U.P. $17.90)

PASSION SILVER / PLATINUM MEMBERSHIP PRIVILEGE:
- 1 Personal Pizza + 1 Mushroom Soup @ $7.50 (U.P. $17.90)","food, pizza, Italian, delivery, takeaway, cheese, pizza delivery, fast food, family meals",Not verified
Domino's Pizza,"Tampines West, 139 Tampines Street 11, #01-40",521139,1/12/2025,30/11/2026,"BLACK PASSION MEMBERSHIP PRIVILEGE:
- 1 Personal Pizza + 1 Mushroom Soup @ $7.90 (U.P. $17.90)

PASSION SILVER / PLATINUM MEMBERSHIP PRIVILEGE:
- 1 Personal Pizza + 1 Mushroom Soup @ $7.50 (U.P. $17.90)","food, pizza, Italian, delivery, takeaway, cheese, pizza delivery, fast food, family meals",Not verified
Domino's Pizza,"Telok Blangah, 46 Telok Blangah Drive, #01-81, Blangah Court",100046,1/12/2025,30/11/2026,"BLACK PASSION MEMBERSHIP PRIVILEGE:
- 1 Personal Pizza + 1 Mushroom Soup @ $7.90 (U.P. $17.90)

PASSION SILVER / PLATINUM MEMBERSHIP PRIVILEGE:
- 1 Personal Pizza + 1 Mushroom Soup @ $7.50 (U.P. $17.90)","food, pizza, Italian, delivery, takeaway, cheese, pizza delivery, fast food, family meals",Not verified
Domino's Pizza,"The Venue Shoppes, 2 Tai Thong Crescent, #01-23",347836,1/12/2025,30/11/2026,"BLACK PASSION MEMBERSHIP PRIVILEGE:
- 1 Personal Pizza + 1 Mushroom Soup @ $7.90 (U.P. $17.90)

PASSION SILVER / PLATINUM MEMBERSHIP PRIVILEGE:
- 1 Personal Pizza + 1 Mushroom Soup @ $7.50 (U.P. $17.90)","food, pizza, Italian, delivery, takeaway, cheese, pizza delivery, fast food, family meals",Not verified
Domino's Pizza,"Toa Payoh, Blk 47 Toa Payoh Lorong 6, #01-148",310047,1/12/2025,30/11/2026,"BLACK PASSION MEMBERSHIP PRIVILEGE:
- 1 Personal Pizza + 1 Mushroom Soup @ $7.90 (U.P. $17.90)

PASSION SILVER / PLATINUM MEMBERSHIP PRIVILEGE:
- 1 Personal Pizza + 1 Mushroom Soup @ $7.50 (U.P. $17.90)","food, pizza, Italian, delivery, takeaway, cheese, pizza delivery, fast food, family meals",Not verified
Domino's Pizza,"Upper Jurong Road, 511 Upper Jurong Road, Block B, #01-06/07",638366,1/12/2025,30/11/2026,"BLACK PASSION MEMBERSHIP PRIVILEGE:
- 1 Personal Pizza + 1 Mushroom Soup @ $7.90 (U.P. $17.90)

PASSION SILVER / PLATINUM MEMBERSHIP PRIVILEGE:
- 1 Personal Pizza + 1 Mushroom Soup @ $7.50 (U.P. $17.90)","food, pizza, Italian, delivery, takeaway, cheese, pizza delivery, fast food, family meals",Not verified
Domino's Pizza,"Upper Paya Lebar, 169 Upper Paya Lebar Road",534860,1/12/2025,30/11/2026,"BLACK PASSION MEMBERSHIP PRIVILEGE:
- 1 Personal Pizza + 1 Mushroom Soup @ $7.90 (U.P. $17.90)

PASSION SILVER / PLATINUM MEMBERSHIP PRIVILEGE:
- 1 Personal Pizza + 1 Mushroom Soup @ $7.50 (U.P. $17.90)","food, pizza, Italian, delivery, takeaway, cheese, pizza delivery, fast food, family meals",Not verified
Domino's Pizza,"Upper Thomson, 21 Jasmine Road",576587,1/12/2025,30/11/2026,"BLACK PASSION MEMBERSHIP PRIVILEGE:
- 1 Personal Pizza + 1 Mushroom Soup @ $7.90 (U.P. $17.90)

PASSION SILVER / PLATINUM MEMBERSHIP PRIVILEGE:
- 1 Personal Pizza + 1 Mushroom Soup @ $7.50 (U.P. $17.90)","food, pizza, Italian, delivery, takeaway, cheese, pizza delivery, fast food, family meals",Not verified
Domino's Pizza,"West Coast, Blk 505 West Coast Drive, #01-210",120505,1/12/2025,30/11/2026,"BLACK PASSION MEMBERSHIP PRIVILEGE:
- 1 Personal Pizza + 1 Mushroom Soup @ $7.90 (U.P. $17.90)

PASSION SILVER / PLATINUM MEMBERSHIP PRIVILEGE:
- 1 Personal Pizza + 1 Mushroom Soup @ $7.50 (U.P. $17.90)","food, pizza, Italian, delivery, takeaway, cheese, pizza delivery, fast food, family meals",Not verified
Domino's Pizza,"Woodlands, Blk 166 Woodlands Street 13, #02-525",730166,1/12/2025,30/11/2026,"BLACK PASSION MEMBERSHIP PRIVILEGE:
- 1 Personal Pizza + 1 Mushroom Soup @ $7.90 (U.P. $17.90)

PASSION SILVER / PLATINUM MEMBERSHIP PRIVILEGE:
- 1 Personal Pizza + 1 Mushroom Soup @ $7.50 (U.P. $17.90)","food, pizza, Italian, delivery, takeaway, cheese, pizza delivery, fast food, family meals",Not verified
Domino's Pizza,"Woodlands Rise, Blk 785E Woodland Rise, #01-14",735785,1/12/2025,30/11/2026,"BLACK PASSION MEMBERSHIP PRIVILEGE:
- 1 Personal Pizza + 1 Mushroom Soup @ $7.90 (U.P. $17.90)

PASSION SILVER / PLATINUM MEMBERSHIP PRIVILEGE:
- 1 Personal Pizza + 1 Mushroom Soup @ $7.50 (U.P. $17.90)","food, pizza, Italian, delivery, takeaway, cheese, pizza delivery, fast food, family meals",Not verified
Domino's Pizza,"Yio Chu Kang Road, 44 Yio Chu Kang Road",545557,1/12/2025,30/11/2026,"BLACK PASSION MEMBERSHIP PRIVILEGE:
- 1 Personal Pizza + 1 Mushroom Soup @ $7.90 (U.P. $17.90)

PASSION SILVER / PLATINUM MEMBERSHIP PRIVILEGE:
- 1 Personal Pizza + 1 Mushroom Soup @ $7.50 (U.P. $17.90)","food, pizza, Italian, delivery, takeaway, cheese, pizza delivery, fast food, family meals",Not verified
Domino's Pizza,"Yishun, Blk 239 Yishun Ring Road, #01-1162",760239,1/12/2025,30/11/2026,"BLACK PASSION MEMBERSHIP PRIVILEGE:
- 1 Personal Pizza + 1 Mushroom Soup @ $7.90 (U.P. $17.90)

PASSION SILVER / PLATINUM MEMBERSHIP PRIVILEGE:
- 1 Personal Pizza + 1 Mushroom Soup @ $7.50 (U.P. $17.90)","food, pizza, Italian, delivery, takeaway, cheese, pizza delivery, fast food, family meals",Not verified
DOPA,"South Bridge Road, 29 South Bridge Road, #01-01",58665,1/11/2025,31/10/2026,"PASSION MEMBERSHIP PRIVILEGE:
- 10% off with no minimum spending","food, Korean food, ramen, noodles, rice bowls, casual dining, Korean restaurant",Not verified
DOPA,"Tanjong Pagar Plaza, 7 Tanjong Pagar Plaza, #01-107",81007,1/11/2025,31/10/2026,"PASSION MEMBERSHIP PRIVILEGE:
- 10% off with no minimum spending","food, Korean food, ramen, noodles, rice bowls, casual dining, Korean restaurant",Not verified
Duke Bakery,"Bedok Mall, 311 New Upper Changi Road, #B2-24",467360,1/1/2026,31/12/2026,"PASSION MEMBERSHIP PRIVILEGE:
- 5% off regular-priced items with a minimum spending of $10","food, bakery, bread, pastries, cakes, cookies, bakes, snacks, desserts",Not verified
Duke Bakery,"Causeway Point, 1 Woodlands Square, #B1-K24",738099,1/1/2026,31/12/2026,"PASSION MEMBERSHIP PRIVILEGE:
- 5% off regular-priced items with a minimum spending of $10","food, bakery, bread, pastries, cakes, cookies, bakes, snacks, desserts",Not verified
Duke Bakery,"Chinatown Point, 133 New Bridge Road, #B1-47B",59413,1/1/2026,31/12/2026,"PASSION MEMBERSHIP PRIVILEGE:
- 5% off regular-priced items with a minimum spending of $10","food, bakery, bread, pastries, cakes, cookies, bakes, snacks, desserts",Not verified
Duke Bakery,"City Square Mall, 180 Kitchener Road, #B2-22",208539,1/1/2026,31/12/2026,"PASSION MEMBERSHIP PRIVILEGE:
- 5% off regular-priced items with a minimum spending of $10","food, bakery, bread, pastries, cakes, cookies, bakes, snacks, desserts",Not verified
Duke Bakery,"Citylink Mall, 1 Raffles Link, #B1-61",39393,1/1/2026,31/12/2026,"PASSION MEMBERSHIP PRIVILEGE:
- 5% off regular-priced items with a minimum spending of $10","food, bakery, bread, pastries, cakes, cookies, bakes, snacks, desserts",Not verified
Duke Bakery,"myVillage @ Serangoon Garden, 1 Maju Avenue, #B1-21/22",556679,1/1/2026,31/12/2026,"PASSION MEMBERSHIP PRIVILEGE:
- 5% off regular-priced items with a minimum spending of $10","food, bakery, bread, pastries, cakes, cookies, bakes, snacks, desserts",Not verified
Duke Bakery,"Sengkang Grand Mall, 70 Compassvale Bow, #01-68",544692,1/1/2026,31/12/2026,"PASSION MEMBERSHIP PRIVILEGE:
- 5% off regular-priced items with a minimum spending of $10","food, bakery, bread, pastries, cakes, cookies, bakes, snacks, desserts",Not verified
Duke Bakery,"The Centrepoint, 176 Orchard Road, #B1-K1",238843,1/1/2026,31/12/2026,"PASSION MEMBERSHIP PRIVILEGE:
- 5% off regular-priced items with a minimum spending of $10","food, bakery, bread, pastries, cakes, cookies, bakes, snacks, desserts",Not verified
Duke Bakery,"Thomson Plaza, 301 Upper Thomson Road, #01-K2",574408,1/1/2026,31/12/2026,"PASSION MEMBERSHIP PRIVILEGE:
- 5% off regular-priced items with a minimum spending of $10","food, bakery, bread, pastries, cakes, cookies, bakes, snacks, desserts",Not verified
Duke Bakery,"United Square, 101 Thomson Road, #B1-61",307591,1/1/2026,31/12/2026,"PASSION MEMBERSHIP PRIVILEGE:
- 5% off regular-priced items with a minimum spending of $10","food, bakery, bread, pastries, cakes, cookies, bakes, snacks, desserts",Not verified
Duke Bakery,"White Sands, 1 Pasir Ris Central Street 3, #02-K2",518457,1/1/2026,31/12/2026,"PASSION MEMBERSHIP PRIVILEGE:
- 5% off regular-priced items with a minimum spending of $10","food, bakery, bread, pastries, cakes, cookies, bakes, snacks, desserts",Not verified
Dunkin',"AMK Hub, 53 Ang Mo Kio Avenue 3, #01-14/15/16",569933,1/9/2025,31/8/2027,"BLACK PASSION MEMBERSHIP PRIVILEGE:
- 10% off with a minimum spending of $10

PASSION SILVER / PLATINUM MEMBERSHIP PRIVILEGE:
- 15% off with a minimum spending of $10","food, drinks, coffee, donuts, doughnuts, bakery, pastries, breakfast, snacks, takeaway",Not verified
Dunkin',"Bedok Mall, 311 New Upper Changi Road, #B2-K7",467360,1/9/2025,31/8/2027,"BLACK PASSION MEMBERSHIP PRIVILEGE:
- 10% off with a minimum spending of $10

PASSION SILVER / PLATINUM MEMBERSHIP PRIVILEGE:
- 15% off with a minimum spending of $10","food, drinks, coffee, donuts, doughnuts, bakery, pastries, breakfast, snacks, takeaway",Not verified
Dunkin',"Causeway Point, 1 Woodlands Square, #B1-K21",738099,1/9/2025,31/8/2027,"BLACK PASSION MEMBERSHIP PRIVILEGE:
- 10% off with a minimum spending of $10

PASSION SILVER / PLATINUM MEMBERSHIP PRIVILEGE:
- 15% off with a minimum spending of $10","food, drinks, coffee, donuts, doughnuts, bakery, pastries, breakfast, snacks, takeaway",Not verified
Dunkin',"Changi Airport Terminal 2 (Departure Transit Area), 60 Airport Boulevard, #02-K14",819643,1/9/2025,31/8/2027,"BLACK PASSION MEMBERSHIP PRIVILEGE:
- 10% off with a minimum spending of $10

PASSION SILVER / PLATINUM MEMBERSHIP PRIVILEGE:
- 15% off with a minimum spending of $10","food, drinks, coffee, donuts, doughnuts, bakery, pastries, breakfast, snacks, takeaway",Not verified
Dunkin',"Chinatown Point, 133 New Bridge Road, #B1-43",59413,1/9/2025,31/8/2027,"BLACK PASSION MEMBERSHIP PRIVILEGE:
- 10% off with a minimum spending of $10

PASSION SILVER / PLATINUM MEMBERSHIP PRIVILEGE:
- 15% off with a minimum spending of $10","food, drinks, coffee, donuts, doughnuts, bakery, pastries, breakfast, snacks, takeaway",Not verified
Dunkin',"City Square Mall, 180 Kitchener Road, #B1-K12",208539,1/9/2025,31/8/2027,"BLACK PASSION MEMBERSHIP PRIVILEGE:
- 10% off with a minimum spending of $10

PASSION SILVER / PLATINUM MEMBERSHIP PRIVILEGE:
- 15% off with a minimum spending of $10","food, drinks, coffee, donuts, doughnuts, bakery, pastries, breakfast, snacks, takeaway",Not verified
Dunkin',"Far East Plaza, 14 Scotts Road, #01-03",228213,1/9/2025,31/8/2027,"BLACK PASSION MEMBERSHIP PRIVILEGE:
- 10% off with a minimum spending of $10

PASSION SILVER / PLATINUM MEMBERSHIP PRIVILEGE:
- 15% off with a minimum spending of $10","food, drinks, coffee, donuts, doughnuts, bakery, pastries, breakfast, snacks, takeaway",Not verified
Dunkin',"Funan Mall, 107 North Bridge Road, #B2-05",179105,1/9/2025,31/8/2027,"BLACK PASSION MEMBERSHIP PRIVILEGE:
- 10% off with a minimum spending of $10

PASSION SILVER / PLATINUM MEMBERSHIP PRIVILEGE:
- 15% off with a minimum spending of $10","food, drinks, coffee, donuts, doughnuts, bakery, pastries, breakfast, snacks, takeaway",Not verified
Dunkin',"Hillion Mall, 17 Petir Road, #01-26",678278,1/9/2025,31/8/2027,"BLACK PASSION MEMBERSHIP PRIVILEGE:
- 10% off with a minimum spending of $10

PASSION SILVER / PLATINUM MEMBERSHIP PRIVILEGE:
- 15% off with a minimum spending of $10","food, drinks, coffee, donuts, doughnuts, bakery, pastries, breakfast, snacks, takeaway",Not verified
Dunkin',"ION Orchard, 2 Orchard Turn, #B4-60",238801,1/9/2025,31/8/2027,"BLACK PASSION MEMBERSHIP PRIVILEGE:
- 10% off with a minimum spending of $10

PASSION SILVER / PLATINUM MEMBERSHIP PRIVILEGE:
- 15% off with a minimum spending of $10","food, drinks, coffee, donuts, doughnuts, bakery, pastries, breakfast, snacks, takeaway",Not verified
Dunkin',"Jurong Point, 1 Jurong West Central 2, #01-K6",648886,1/9/2025,31/8/2027,"BLACK PASSION MEMBERSHIP PRIVILEGE:
- 10% off with a minimum spending of $10

PASSION SILVER / PLATINUM MEMBERSHIP PRIVILEGE:
- 15% off with a minimum spending of $10","food, drinks, coffee, donuts, doughnuts, bakery, pastries, breakfast, snacks, takeaway",Not verified
Dunkin',"Northpoint City, 930 Yishun Avenue 2, #B1-17",769098,1/9/2025,31/8/2027,"BLACK PASSION MEMBERSHIP PRIVILEGE:
- 10% off with a minimum spending of $10

PASSION SILVER / PLATINUM MEMBERSHIP PRIVILEGE:
- 15% off with a minimum spending of $10","food, drinks, coffee, donuts, doughnuts, bakery, pastries, breakfast, snacks, takeaway",Not verified
Dunkin',"Pasir Ris Mall, 7 Pasir Ris Central, #B1-K17",519612,1/9/2025,31/8/2027,"BLACK PASSION MEMBERSHIP PRIVILEGE:
- 10% off with a minimum spending of $10

PASSION SILVER / PLATINUM MEMBERSHIP PRIVILEGE:
- 15% off with a minimum spending of $10","food, drinks, coffee, donuts, doughnuts, bakery, pastries, breakfast, snacks, takeaway",Not verified
Dunkin',"Paya Lebar MRT, 30 Paya Lebar Road, #01-03",409006,1/9/2025,31/8/2027,"BLACK PASSION MEMBERSHIP PRIVILEGE:
- 10% off with a minimum spending of $10

PASSION SILVER / PLATINUM MEMBERSHIP PRIVILEGE:
- 15% off with a minimum spending of $10","food, drinks, coffee, donuts, doughnuts, bakery, pastries, breakfast, snacks, takeaway",Not verified
Dunkin',"Plaza Singapura, 68 Orchard Road Plaza, #B2-57",238839,1/9/2025,31/8/2027,"BLACK PASSION MEMBERSHIP PRIVILEGE:
- 10% off with a minimum spending of $10

PASSION SILVER / PLATINUM MEMBERSHIP PRIVILEGE:
- 15% off with a minimum spending of $10","food, drinks, coffee, donuts, doughnuts, bakery, pastries, breakfast, snacks, takeaway",Not verified
Dunkin',"Raffles Holland V, 118 Holland Avenue, #01-03",278973,1/9/2025,31/8/2027,"BLACK PASSION MEMBERSHIP PRIVILEGE:
- 10% off with a minimum spending of $10

PASSION SILVER / PLATINUM MEMBERSHIP PRIVILEGE:
- 15% off with a minimum spending of $10","food, drinks, coffee, donuts, doughnuts, bakery, pastries, breakfast, snacks, takeaway",Not verified
Dunkin',"Square 2, 10 Sinaran Drive, #01-162",307506,1/9/2025,31/8/2027,"BLACK PASSION MEMBERSHIP PRIVILEGE:
- 10% off with a minimum spending of $10

PASSION SILVER / PLATINUM MEMBERSHIP PRIVILEGE:
- 15% off with a minimum spending of $10","food, drinks, coffee, donuts, doughnuts, bakery, pastries, breakfast, snacks, takeaway",Not verified
Dunkin',"Sun Plaza, 30 Sembawang Drive, #01-27",757713,1/9/2025,31/8/2027,"BLACK PASSION MEMBERSHIP PRIVILEGE:
- 10% off with a minimum spending of $10

PASSION SILVER / PLATINUM MEMBERSHIP PRIVILEGE:
- 15% off with a minimum spending of $10","food, drinks, coffee, donuts, doughnuts, bakery, pastries, breakfast, snacks, takeaway",Not verified
Dunkin',"Suntec City Mall, 3 Temasek Boulevard, #01-K6",38983,1/9/2025,31/8/2027,"BLACK PASSION MEMBERSHIP PRIVILEGE:
- 10% off with a minimum spending of $10

PASSION SILVER / PLATINUM MEMBERSHIP PRIVILEGE:
- 15% off with a minimum spending of $10","food, drinks, coffee, donuts, doughnuts, bakery, pastries, breakfast, snacks, takeaway",Not verified
Dunkin',"Tampines MRT, 20 Tampines Central 1, #01-20",529538,1/9/2025,31/8/2027,"BLACK PASSION MEMBERSHIP PRIVILEGE:
- 10% off with a minimum spending of $10

PASSION SILVER / PLATINUM MEMBERSHIP PRIVILEGE:
- 15% off with a minimum spending of $10","food, drinks, coffee, donuts, doughnuts, bakery, pastries, breakfast, snacks, takeaway",Not verified
Dunkin',"The Woodleigh Mall, 11 Bidadari Park Drive, #B1-K54/K55/K56/K57",367803,1/9/2025,31/8/2027,"BLACK PASSION MEMBERSHIP PRIVILEGE:
- 10% off with a minimum spending of $10

PASSION SILVER / PLATINUM MEMBERSHIP PRIVILEGE:
- 15% off with a minimum spending of $10","food, drinks, coffee, donuts, doughnuts, bakery, pastries, breakfast, snacks, takeaway",Not verified
Dunkin',"Waterway Point, 83 Punggol Central, #B1-K3",828761,1/9/2025,31/8/2027,"BLACK PASSION MEMBERSHIP PRIVILEGE:
- 10% off with a minimum spending of $10

PASSION SILVER / PLATINUM MEMBERSHIP PRIVILEGE:
- 15% off with a minimum spending of $10","food, drinks, coffee, donuts, doughnuts, bakery, pastries, breakfast, snacks, takeaway",Not verified
Dunkin',"West Mall, 1 Bukit Batok Central Link, #01-K1/K5",658713,1/9/2025,31/8/2027,"BLACK PASSION MEMBERSHIP PRIVILEGE:
- 10% off with a minimum spending of $10

PASSION SILVER / PLATINUM MEMBERSHIP PRIVILEGE:
- 15% off with a minimum spending of $10","food, drinks, coffee, donuts, doughnuts, bakery, pastries, breakfast, snacks, takeaway",Not verified
Dusit Thani Laguna Singapore,"Dusit Thani Laguna Singapore, 11 Laguna Golf Green",488047,1/10/2025,30/9/2026,"PASSION MEMBERSHIP PRIVILEGES:
- 20% off Best Available Rates (Promo code: PAssion25)
- 20% off ala carte items at Legends Bar
- 20% off ala carte and buffet at Greenhouse
- 20% off ala carte items at Tee Deck
- 60-minute Body Works Treatment at Devarana Wellness @ $170 nett (U.P. $203.83 nett)
- 90-minute Body Works Treatment at Devarana Wellness @ $210 nett (U.P. $275.77 nett)","hotel, accommodation, resort, staycation, golf, travel, dining, meetings, events",Not verified
Dusit Thani Laguna Singapore,"Devarana Wellness, 11 Laguna Golf Green, Level 1",488047,1/10/2025,30/9/2026,"PASSION MEMBERSHIP PRIVILEGES:
- 20% off Best Available Rates (Promo code: PAssion25)
- 20% off ala carte items at Legends Bar
- 20% off ala carte and buffet at Greenhouse
- 20% off ala carte items at Tee Deck
- 60-minute Body Works Treatment at Devarana Wellness @ $170 nett (U.P. $203.83 nett)
- 90-minute Body Works Treatment at Devarana Wellness @ $210 nett (U.P. $275.77 nett)","hotel, accommodation, resort, staycation, golf, travel, dining, meetings, events",Not verified
Dusit Thani Laguna Singapore,"Greenhouse, 11 Laguna Golf Green, Level 2A",488047,1/10/2025,30/9/2026,"PASSION MEMBERSHIP PRIVILEGES:
- 20% off Best Available Rates (Promo code: PAssion25)
- 20% off ala carte items at Legends Bar
- 20% off ala carte and buffet at Greenhouse
- 20% off ala carte items at Tee Deck
- 60-minute Body Works Treatment at Devarana Wellness @ $170 nett (U.P. $203.83 nett)
- 90-minute Body Works Treatment at Devarana Wellness @ $210 nett (U.P. $275.77 nett)","hotel, accommodation, resort, staycation, golf, travel, dining, meetings, events",Not verified
Dusit Thani Laguna Singapore,"Legends Bar, 11 Laguna Golf Green, Level 2",488047,1/10/2025,30/9/2026,"PASSION MEMBERSHIP PRIVILEGES:
- 20% off Best Available Rates (Promo code: PAssion25)
- 20% off ala carte items at Legends Bar
- 20% off ala carte and buffet at Greenhouse
- 20% off ala carte items at Tee Deck
- 60-minute Body Works Treatment at Devarana Wellness @ $170 nett (U.P. $203.83 nett)
- 90-minute Body Works Treatment at Devarana Wellness @ $210 nett (U.P. $275.77 nett)","hotel, accommodation, resort, staycation, golf, travel, dining, meetings, events",Not verified
Dusit Thani Laguna Singapore,"Tee Deck, 11 Laguna Golf Green, Level 1",488047,1/10/2025,30/9/2026,"PASSION MEMBERSHIP PRIVILEGES:
- 20% off Best Available Rates (Promo code: PAssion25)
- 20% off ala carte items at Legends Bar
- 20% off ala carte and buffet at Greenhouse
- 20% off ala carte items at Tee Deck
- 60-minute Body Works Treatment at Devarana Wellness @ $170 nett (U.P. $203.83 nett)
- 90-minute Body Works Treatment at Devarana Wellness @ $210 nett (U.P. $275.77 nett)","hotel, accommodation, resort, staycation, golf, travel, dining, meetings, events",Not verified
Eagle Eye Centre,"EEC @ KAP Residences Mall, 9 King Albert Park, #01-42/43/44",598332,-,-,"BLACK PASSION MEMBERSHIP PRIVILEGE:
- Eye screening @ $15 for Glaucoma, Refractive Error, Visual Field Defect, Diabetic Retinopathy, AMD, Refractive Error Prescription & Retinal Abnormality

Package consists of 5 eye tests:
1. Visual Acuity
2. Intraocular Pressure (IOP) Test
3. Auto Refraction
4. Fundus Photography (Optic Nerve & Macula)
5. Amsler Grid Test

PASSION SILVER / PLATINUM MEMBERSHIP PRIVILEGE:
- Eye screening @ $10 for Hypotony, Glaucoma, Refractive Error, Cataract, Visual Field Defect, AMD, Diabetic Retinopathy, Retinal Detachment, Spectacle Prescription, Cornea Injury, Retinal Blockage & Retinal Abnormality

Package consists of 6 eye tests:
1. Visual Acuity
2. Intraocular Pressure (IOP) Test
3. Auto Refraction
4. Fundus Photography (Optic Nerve & Macula)
5. Amsler Grid Test
6. Slit Lamp Test (Optometrist)","eye care, ophthalmology, eye clinic, vision, cataract, eye surgery, medical",Not verified
Eagle Eye Centre,"EEC @ Mt. Alvernia 820 Thomson Road, #06-57/58/59/60/61/62, Mount Alvernia Hospital Medical Centre D",574623,-,-,"BLACK PASSION MEMBERSHIP PRIVILEGE:
- Eye screening @ $15 for Glaucoma, Refractive Error, Visual Field Defect, Diabetic Retinopathy, AMD, Refractive Error Prescription & Retinal Abnormality

Package consists of 5 eye tests:
1. Visual Acuity
2. Intraocular Pressure (IOP) Test
3. Auto Refraction
4. Fundus Photography (Optic Nerve & Macula)
5. Amsler Grid Test

PASSION SILVER / PLATINUM MEMBERSHIP PRIVILEGE:
- Eye screening @ $10 for Hypotony, Glaucoma, Refractive Error, Cataract, Visual Field Defect, AMD, Diabetic Retinopathy, Retinal Detachment, Spectacle Prescription, Cornea Injury, Retinal Blockage & Retinal Abnormality

Package consists of 6 eye tests:
1. Visual Acuity
2. Intraocular Pressure (IOP) Test
3. Auto Refraction
4. Fundus Photography (Optic Nerve & Macula)
5. Amsler Grid Test
6. Slit Lamp Test (Optometrist)","eye care, ophthalmology, eye clinic, vision, cataract, eye surgery, medical",Not verified
Eagle Eye Centre,"EEC @ Novena, 38 Irrawaddy Road, #08-22/23/24, Mount Elizabeth Novena Specialist Centre",329563,-,-,"BLACK PASSION MEMBERSHIP PRIVILEGE:
- Eye screening @ $15 for Glaucoma, Refractive Error, Visual Field Defect, Diabetic Retinopathy, AMD, Refractive Error Prescription & Retinal Abnormality

Package consists of 5 eye tests:
1. Visual Acuity
2. Intraocular Pressure (IOP) Test
3. Auto Refraction
4. Fundus Photography (Optic Nerve & Macula)
5. Amsler Grid Test

PASSION SILVER / PLATINUM MEMBERSHIP PRIVILEGE:
- Eye screening @ $10 for Hypotony, Glaucoma, Refractive Error, Cataract, Visual Field Defect, AMD, Diabetic Retinopathy, Retinal Detachment, Spectacle Prescription, Cornea Injury, Retinal Blockage & Retinal Abnormality

Package consists of 6 eye tests:
1. Visual Acuity
2. Intraocular Pressure (IOP) Test
3. Auto Refraction
4. Fundus Photography (Optic Nerve & Macula)
5. Amsler Grid Test
6. Slit Lamp Test (Optometrist)","eye care, ophthalmology, eye clinic, vision, cataract, eye surgery, medical",Not verified
Eagle Eye Centre,"EEC @ Mt.Elizabeth, 3 Mount Elizabeth, #08-08, Mount Elizabeth Medical Centre",228510,-,-,"BLACK PASSION MEMBERSHIP PRIVILEGE:
- Eye screening @ $15 for Glaucoma, Refractive Error, Visual Field Defect, Diabetic Retinopathy, AMD, Refractive Error Prescription & Retinal Abnormality

Package consists of 5 eye tests:
1. Visual Acuity
2. Intraocular Pressure (IOP) Test
3. Auto Refraction
4. Fundus Photography (Optic Nerve & Macula)
5. Amsler Grid Test

PASSION SILVER / PLATINUM MEMBERSHIP PRIVILEGE:
- Eye screening @ $10 for Hypotony, Glaucoma, Refractive Error, Cataract, Visual Field Defect, AMD, Diabetic Retinopathy, Retinal Detachment, Spectacle Prescription, Cornea Injury, Retinal Blockage & Retinal Abnormality

Package consists of 6 eye tests:
1. Visual Acuity
2. Intraocular Pressure (IOP) Test
3. Auto Refraction
4. Fundus Photography (Optic Nerve & Macula)
5. Amsler Grid Test
6. Slit Lamp Test (Optometrist)","eye care, ophthalmology, eye clinic, vision, cataract, eye surgery, medical",Not verified
Eagle Eye Centre,"EEC @ Parkway East, 319 Joo Chiat Place, #05-03, Parkway East Medical Centre",427989,-,-,"BLACK PASSION MEMBERSHIP PRIVILEGE:
- Eye screening @ $15 for Glaucoma, Refractive Error, Visual Field Defect, Diabetic Retinopathy, AMD, Refractive Error Prescription & Retinal Abnormality

Package consists of 5 eye tests:
1. Visual Acuity
2. Intraocular Pressure (IOP) Test
3. Auto Refraction
4. Fundus Photography (Optic Nerve & Macula)
5. Amsler Grid Test

PASSION SILVER / PLATINUM MEMBERSHIP PRIVILEGE:
- Eye screening @ $10 for Hypotony, Glaucoma, Refractive Error, Cataract, Visual Field Defect, AMD, Diabetic Retinopathy, Retinal Detachment, Spectacle Prescription, Cornea Injury, Retinal Blockage & Retinal Abnormality

Package consists of 6 eye tests:
1. Visual Acuity
2. Intraocular Pressure (IOP) Test
3. Auto Refraction
4. Fundus Photography (Optic Nerve & Macula)
5. Amsler Grid Test
6. Slit Lamp Test (Optometrist)","eye care, ophthalmology, eye clinic, vision, cataract, eye surgery, medical",Not verified
Eagle Eye Centre,"EEC @ Royal Square at Novena, 101 Irrawaddy Road, #11-07 to 13",329565,-,-,"BLACK PASSION MEMBERSHIP PRIVILEGE:
- Eye screening @ $15 for Glaucoma, Refractive Error, Visual Field Defect, Diabetic Retinopathy, AMD, Refractive Error Prescription & Retinal Abnormality

Package consists of 5 eye tests:
1. Visual Acuity
2. Intraocular Pressure (IOP) Test
3. Auto Refraction
4. Fundus Photography (Optic Nerve & Macula)
5. Amsler Grid Test

PASSION SILVER / PLATINUM MEMBERSHIP PRIVILEGE:
- Eye screening @ $10 for Hypotony, Glaucoma, Refractive Error, Cataract, Visual Field Defect, AMD, Diabetic Retinopathy, Retinal Detachment, Spectacle Prescription, Cornea Injury, Retinal Blockage & Retinal Abnormality

Package consists of 6 eye tests:
1. Visual Acuity
2. Intraocular Pressure (IOP) Test
3. Auto Refraction
4. Fundus Photography (Optic Nerve & Macula)
5. Amsler Grid Test
6. Slit Lamp Test (Optometrist)","eye care, ophthalmology, eye clinic, vision, cataract, eye surgery, medical",Not verified
Eagle Eye Centre,"EEC @ HMI Specialist Centre (Starmed), 12 Farrer Park Station Road, #05-02/03/04, HMI Specialist Centre",217565,-,-,"BLACK PASSION MEMBERSHIP PRIVILEGE:
- Eye screening @ $15 for Glaucoma, Refractive Error, Visual Field Defect, Diabetic Retinopathy, AMD, Refractive Error Prescription & Retinal Abnormality

Package consists of 5 eye tests:
1. Visual Acuity
2. Intraocular Pressure (IOP) Test
3. Auto Refraction
4. Fundus Photography (Optic Nerve & Macula)
5. Amsler Grid Test

PASSION SILVER / PLATINUM MEMBERSHIP PRIVILEGE:
- Eye screening @ $10 for Hypotony, Glaucoma, Refractive Error, Cataract, Visual Field Defect, AMD, Diabetic Retinopathy, Retinal Detachment, Spectacle Prescription, Cornea Injury, Retinal Blockage & Retinal Abnormality

Package consists of 6 eye tests:
1. Visual Acuity
2. Intraocular Pressure (IOP) Test
3. Auto Refraction
4. Fundus Photography (Optic Nerve & Macula)
5. Amsler Grid Test
6. Slit Lamp Test (Optometrist)","eye care, ophthalmology, eye clinic, vision, cataract, eye surgery, medical",Not verified
Earle Swensen's,"Pasir Ris Mall, 7 Pasir Ris Central, #02-16",519612,1/1/2026,31/12/2026,"PASSION MEMBERSHIP PRIVILEGE:
- 10% off ice-cream cakes during birthday month","food, restaurant, steakhouse, steak, western food, burgers, seafood, ice cream, desserts, family dining, halal food",Yes
Eatzi Gourmet Bakery,"Jack's Place Anchorpoint, 370 Alexandra Road, #01-09/10",159953,1/11/2025,31/10/2027,"PASSION MEMBERSHIP PRIVILEGE:
- 10% off whole cakes (minimum 500g) for in-store purchases at Jack’s Place and Eatzi Gourmet outlets
- 10% off whole cakes (minimum 500g) for online purchases (Promo code: 25PAECH10%)","food, bakery, cakes, cupcakes, cookies, pastries, desserts, celebration cakes, catering, halal food",Yes
Eatzi Gourmet Bakery,"Jack's Place Ang Mo Kio, Blk 730 Ang Mo Kio Avenue 6, #01-4274",560730,1/11/2025,31/10/2027,"PASSION MEMBERSHIP PRIVILEGE:
- 10% off whole cakes (minimum 500g) for in-store purchases at Jack’s Place and Eatzi Gourmet outlets
- 10% off whole cakes (minimum 500g) for online purchases (Promo code: 25PAECH10%)","food, bakery, cakes, cupcakes, cookies, pastries, desserts, celebration cakes, catering, halal food",Yes
Eatzi Gourmet Bakery,"Jack's Place Bras Basah Complex, Blk 231 Bain Street, #01-01",180231,1/11/2025,31/10/2027,"PASSION MEMBERSHIP PRIVILEGE:
- 10% off whole cakes (minimum 500g) for in-store purchases at Jack’s Place and Eatzi Gourmet outlets
- 10% off whole cakes (minimum 500g) for online purchases (Promo code: 25PAECH10%)","food, bakery, cakes, cupcakes, cookies, pastries, desserts, celebration cakes, catering, halal food",Yes
Eatzi Gourmet Bakery,"Jack's Place City Square Mall, 180 Kitchener Road, #04-39",208539,1/11/2025,31/10/2027,"PASSION MEMBERSHIP PRIVILEGE:
- 10% off whole cakes (minimum 500g) for in-store purchases at Jack’s Place and Eatzi Gourmet outlets
- 10% off whole cakes (minimum 500g) for online purchases (Promo code: 25PAECH10%)","food, bakery, cakes, cupcakes, cookies, pastries, desserts, celebration cakes, catering, halal food",Yes
Eatzi Gourmet Bakery,"Jack's Place Compass One, 1 Sengkang Square, #04-07",545078,1/11/2025,31/10/2027,"PASSION MEMBERSHIP PRIVILEGE:
- 10% off whole cakes (minimum 500g) for in-store purchases at Jack’s Place and Eatzi Gourmet outlets
- 10% off whole cakes (minimum 500g) for online purchases (Promo code: 25PAECH10%)","food, bakery, cakes, cupcakes, cookies, pastries, desserts, celebration cakes, catering, halal food",Yes
Eatzi Gourmet Bakery,"Jack's Place Jem, 50 Jurong Gateway Road, #04-15",608549,1/11/2025,31/10/2027,"PASSION MEMBERSHIP PRIVILEGE:
- 10% off whole cakes (minimum 500g) for in-store purchases at Jack’s Place and Eatzi Gourmet outlets
- 10% off whole cakes (minimum 500g) for online purchases (Promo code: 25PAECH10%)","food, bakery, cakes, cupcakes, cookies, pastries, desserts, celebration cakes, catering, halal food",Yes
Eatzi Gourmet Bakery,"Jack's Place Jewel Changi Airport, 78 Airport Boulevard, #05-202",819666,1/11/2025,31/10/2027,"PASSION MEMBERSHIP PRIVILEGE:
- 10% off whole cakes (minimum 500g) for in-store purchases at Jack’s Place and Eatzi Gourmet outlets
- 10% off whole cakes (minimum 500g) for online purchases (Promo code: 25PAECH10%)","food, bakery, cakes, cupcakes, cookies, pastries, desserts, celebration cakes, catering, halal food",Yes
Eatzi Gourmet Bakery,"Jack's Place NEX, 23 Serangoon Central, #04-66",556083,1/11/2025,31/10/2027,"PASSION MEMBERSHIP PRIVILEGE:
- 10% off whole cakes (minimum 500g) for in-store purchases at Jack’s Place and Eatzi Gourmet outlets
- 10% off whole cakes (minimum 500g) for online purchases (Promo code: 25PAECH10%)","food, bakery, cakes, cupcakes, cookies, pastries, desserts, celebration cakes, catering, halal food",Yes
Eatzi Gourmet Bakery,"Jack's Place Parkway Parade, 80 Marine Parade Road, #03-30D",449269,1/11/2025,31/10/2027,"PASSION MEMBERSHIP PRIVILEGE:
- 10% off whole cakes (minimum 500g) for in-store purchases at Jack’s Place and Eatzi Gourmet outlets
- 10% off whole cakes (minimum 500g) for online purchases (Promo code: 25PAECH10%)","food, bakery, cakes, cupcakes, cookies, pastries, desserts, celebration cakes, catering, halal food",Yes
Eatzi Gourmet Bakery,"Jack's Place SAFRA Jurong, 333 Boon Lay Way, #2A-01",649848,1/11/2025,31/10/2027,"PASSION MEMBERSHIP PRIVILEGE:
- 10% off whole cakes (minimum 500g) for in-store purchases at Jack’s Place and Eatzi Gourmet outlets
- 10% off whole cakes (minimum 500g) for online purchases (Promo code: 25PAECH10%)","food, bakery, cakes, cupcakes, cookies, pastries, desserts, celebration cakes, catering, halal food",Yes
Eatzi Gourmet Bakery,"Jack's Place SAFRA Punggol, 9 Sentul Crescent, #01-01",828654,1/11/2025,31/10/2027,"PASSION MEMBERSHIP PRIVILEGE:
- 10% off whole cakes (minimum 500g) for in-store purchases at Jack’s Place and Eatzi Gourmet outlets
- 10% off whole cakes (minimum 500g) for online purchases (Promo code: 25PAECH10%)","food, bakery, cakes, cupcakes, cookies, pastries, desserts, celebration cakes, catering, halal food",Yes
Eatzi Gourmet Bakery,"Jack's Place Toa Payoh, 430 Toa Payoh Lorong 6, #01-01A",319402,1/11/2025,31/10/2027,"PASSION MEMBERSHIP PRIVILEGE:
- 10% off whole cakes (minimum 500g) for in-store purchases at Jack’s Place and Eatzi Gourmet outlets
- 10% off whole cakes (minimum 500g) for online purchases (Promo code: 25PAECH10%)","food, bakery, cakes, cupcakes, cookies, pastries, desserts, celebration cakes, catering, halal food",Yes
Eatzi Gourmet Bakery,"Eatzi Gourmet Steakhouse & Bistro, SAFRA Yishun, 60 Yishun Avenue 4, #01-01",769027,1/11/2025,31/10/2027,"PASSION MEMBERSHIP PRIVILEGE:
- 10% off whole cakes (minimum 500g) for in-store purchases at Jack’s Place and Eatzi Gourmet outlets
- 10% off whole cakes (minimum 500g) for online purchases (Promo code: 25PAECH10%)","food, bakery, cakes, cupcakes, cookies, pastries, desserts, celebration cakes, catering, halal food",Yes
Eatzi Gourmet Steakhouse & Bistro,"SAFRA Yishun, 60 Yishun Avenue 4, #01-01",769027,1/11/2025,31/10/2027,"PASSION MEMBERSHIP PRIVILEGE:  
- $5 off total bill with a minimum spending of $50 (Mon - Fri)

PASSION SILVER MEMBERSHIP PRIVILEGE:
- $10 off total bill with a minimum spending of $50 (Mon - Fri)","food, restaurant, steakhouse, steak, Western food, burgers, pasta, desserts, family dining, halal food",Yes
Eazea,"Causeway Point, 1 Woodlands Square, #03-20",738099,1/3/2026,28/2/2027,"PASSION MEMBERSHIP PRIVILEGE:
10% off regular-priced items","beauty, wellness, personal care, lifestyle",Not verified
Eazea,"Jurong Point, 1 Jurong West Central 2, #03-39",648886,1/3/2026,28/2/2027,"PASSION MEMBERSHIP PRIVILEGE:
10% off regular-priced items","beauty, wellness, personal care, lifestyle",Not verified
Eazea,"Tampines 1, 10 Tampines Central 1, #03-05",529536,1/3/2026,28/2/2027,"PASSION MEMBERSHIP PRIVILEGE:
10% off regular-priced items","beauty, wellness, personal care, lifestyle",Not verified
Eazea,"UB. One, 81 Ubi Avenue 4, #01-17",408830,1/3/2026,28/2/2027,"PASSION MEMBERSHIP PRIVILEGE:
10% off regular-priced items","beauty, wellness, personal care, lifestyle",Not verified
ECON Chinese Medicine,"Bishan Branch, Blk 150 Bishan Street 11, #01-135",570150,1/2/2026,31/1/2027,"PASSION MEMBERSHIP PRIVILEGE:
- 5% off Acupuncture, Tui Na, Child Massage, Cupping/Scrapping & Chinese Medication 

Original Rates
- Acupuncture: $45 - $60
- Tui Na: $40 - $60
- Child Massage: $40 - $60
- Cupping/ Scrapping: $40 - $50
- Chinese Medication: $8 - $15 per day","healthcare, TCM, traditional Chinese medicine, acupuncture, herbal medicine, wellness",Not verified
ECON Chinese Medicine,"Serangoon Branch, Blk 3 Lorong Lew Lian, #01-62",531003,1/2/2026,31/1/2027,"PASSION MEMBERSHIP PRIVILEGE:
- 5% off Acupuncture, Tui Na, Child Massage, Cupping/Scrapping & Chinese Medication 

Original Rates
- Acupuncture: $45 - $60
- Tui Na: $40 - $60
- Child Massage: $40 - $60
- Cupping/ Scrapping: $40 - $50
- Chinese Medication: $8 - $15 per day","healthcare, TCM, traditional Chinese medicine, acupuncture, herbal medicine, wellness",Not verified
Elly Sera Florist,"Marina Square, 6 Raffles Boulevard, #02-270",39594,1/12/2025,30/11/2026,"BLACK PASSION MEMBERSHIP PRIVILEGE:
- 10% off regular-priced fresh flower bouquets with a minimum spending of $80

PASSION SILVER / PLATINUM MEMBERSHIP PRIVILEGE:
- 10% off regular-priced fresh flower bouquets with a minimum spending of $60","flowers, florist, bouquets, gifts, gifting, wedding flowers, plants",Not verified
Elly Sera Florist,"Tampines 1, 10 Tampines Central 1, #02-K9",529536,1/12/2025,30/11/2026,"BLACK PASSION MEMBERSHIP PRIVILEGE:
- 10% off regular-priced fresh flower bouquets with a minimum spending of $80

PASSION SILVER / PLATINUM MEMBERSHIP PRIVILEGE:
- 10% off regular-priced fresh flower bouquets with a minimum spending of $60","flowers, florist, bouquets, gifts, gifting, wedding flowers, plants",Not verified
Elly Sera Florist,"The Star Vista, 1 Vista Exchange Green, #01-23A",138617,1/12/2025,30/11/2026,"BLACK PASSION MEMBERSHIP PRIVILEGE:
- 10% off regular-priced fresh flower bouquets with a minimum spending of $80

PASSION SILVER / PLATINUM MEMBERSHIP PRIVILEGE:
- 10% off regular-priced fresh flower bouquets with a minimum spending of $60","flowers, florist, bouquets, gifts, gifting, wedding flowers, plants",Not verified
Emicakes,"Blk 636 Bukit Batok Central, #01-08",650636,1/5/2026,30/4/2027,"PASSION MEMBERSHIP PRIVILEGE:
- 10% off whole cakes","food, bakery, cakes, birthday cakes, desserts, pastries, celebration, gifting",Not verified
Emicakes,"Compass One, 1 Sengkang Square #01-05",545078,1/5/2026,30/4/2027,"PASSION MEMBERSHIP PRIVILEGE:
- 10% off whole cakes","food, bakery, cakes, birthday cakes, desserts, pastries, celebration, gifting",Not verified
Emicakes,"Plaza Singapura, 68 Orchard Road, #B2-60",238839,1/5/2026,30/4/2027,"PASSION MEMBERSHIP PRIVILEGE:
- 10% off whole cakes","food, bakery, cakes, birthday cakes, desserts, pastries, celebration, gifting",Not verified
Emicakes,"Tampines 1, 10 Tampines Central 1, #B1-13",529536,1/5/2026,30/4/2027,"PASSION MEMBERSHIP PRIVILEGE:
- 10% off whole cakes","food, bakery, cakes, birthday cakes, desserts, pastries, celebration, gifting",Not verified
Eminami,"E!Hub @ Downtown East, 1 Pasir Ris Close, #04-101",519599,1/11/2025,31/10/2027,"PASSION MEMBERSHIP PRIVILEGE:
- 15% off a la carte menu items in a single receipt","fashion, lifestyle, apparel, accessories",Not verified
Eminami,"46 Kandahar Street, #01-00",198898,1/11/2025,31/10/2027,"PASSION MEMBERSHIP PRIVILEGE:
- 15% off a la carte menu items in a single receipt","fashion, lifestyle, apparel, accessories",Not verified
Eu Yan Sang,"AMK Hub, 53 Ang Mo Kio Avenue 3, #B2-03/04",569933,1/1/2026,31/12/2026,"BLACK PASSION MEMBERSHIP PRIVILEGE:
- 5% off regular-priced items

PASSION SILVER / PLATINUM MEMBERSHIP PRIVILEGES:
- 5% off regular-priced items
- Spend a minimum of $150 & receive a $5 voucher on Tuesdays","TCM, traditional Chinese medicine, health supplements, herbs, wellness, nutrition, Chinese medicine",Not verified
Eu Yan Sang,"Bedok Mall, 311 New Upper Changi Road, #B2-16",467360,1/1/2026,31/12/2026,"BLACK PASSION MEMBERSHIP PRIVILEGE:
- 5% off regular-priced items

PASSION SILVER / PLATINUM MEMBERSHIP PRIVILEGES:
- 5% off regular-priced items
- Spend a minimum of $150 & receive a $5 voucher on Tuesdays","TCM, traditional Chinese medicine, health supplements, herbs, wellness, nutrition, Chinese medicine",Not verified
Eu Yan Sang,"Bugis Junction, 230 Victoria Street, #B1-03",188024,1/1/2026,31/12/2026,"BLACK PASSION MEMBERSHIP PRIVILEGE:
- 5% off regular-priced items

PASSION SILVER / PLATINUM MEMBERSHIP PRIVILEGES:
- 5% off regular-priced items
- Spend a minimum of $150 & receive a $5 voucher on Tuesdays","TCM, traditional Chinese medicine, health supplements, herbs, wellness, nutrition, Chinese medicine",Not verified
Eu Yan Sang,"Bukit Panjang Plaza, 1 Jelebu Road, #01-14/45",677743,1/1/2026,31/12/2026,"BLACK PASSION MEMBERSHIP PRIVILEGE:
- 5% off regular-priced items

PASSION SILVER / PLATINUM MEMBERSHIP PRIVILEGES:
- 5% off regular-priced items
- Spend a minimum of $150 & receive a $5 voucher on Tuesdays","TCM, traditional Chinese medicine, health supplements, herbs, wellness, nutrition, Chinese medicine",Not verified
Eu Yan Sang,"Causeway Point, 1 Woodlands Square, #B1-38",738099,1/1/2026,31/12/2026,"BLACK PASSION MEMBERSHIP PRIVILEGE:
- 5% off regular-priced items

PASSION SILVER / PLATINUM MEMBERSHIP PRIVILEGES:
- 5% off regular-priced items
- Spend a minimum of $150 & receive a $5 voucher on Tuesdays","TCM, traditional Chinese medicine, health supplements, herbs, wellness, nutrition, Chinese medicine",Not verified
Eu Yan Sang,"Change Alley Mall, 30 Raffles Place, #02-10/11",48622,1/1/2026,31/12/2026,"BLACK PASSION MEMBERSHIP PRIVILEGE:
- 5% off regular-priced items

PASSION SILVER / PLATINUM MEMBERSHIP PRIVILEGES:
- 5% off regular-priced items
- Spend a minimum of $150 & receive a $5 voucher on Tuesdays","TCM, traditional Chinese medicine, health supplements, herbs, wellness, nutrition, Chinese medicine",Not verified
Eu Yan Sang,"Changi Airport Terminal 2 (Arrival), 60 Airport Boulevard, #02-246",819643,1/1/2026,31/12/2026,"BLACK PASSION MEMBERSHIP PRIVILEGE:
- 5% off regular-priced items

PASSION SILVER / PLATINUM MEMBERSHIP PRIVILEGES:
- 5% off regular-priced items
- Spend a minimum of $150 & receive a $5 voucher on Tuesdays","TCM, traditional Chinese medicine, health supplements, herbs, wellness, nutrition, Chinese medicine",Not verified
Eu Yan Sang,"Changi Airport Terminal 2 (Land), 60 Airport Boulevard, #02-14 Terminal 2 Departure / Check-In Hall (Land Side)",819643,1/1/2026,31/12/2026,"BLACK PASSION MEMBERSHIP PRIVILEGE:
- 5% off regular-priced items

PASSION SILVER / PLATINUM MEMBERSHIP PRIVILEGES:
- 5% off regular-priced items
- Spend a minimum of $150 & receive a $5 voucher on Tuesdays","TCM, traditional Chinese medicine, health supplements, herbs, wellness, nutrition, Chinese medicine",Not verified
Eu Yan Sang,"Changi Airport Terminal 3, 65 Airport Boulevard, #B2-55",819663,1/1/2026,31/12/2026,"BLACK PASSION MEMBERSHIP PRIVILEGE:
- 5% off regular-priced items

PASSION SILVER / PLATINUM MEMBERSHIP PRIVILEGES:
- 5% off regular-priced items
- Spend a minimum of $150 & receive a $5 voucher on Tuesdays","TCM, traditional Chinese medicine, health supplements, herbs, wellness, nutrition, Chinese medicine",Not verified
Eu Yan Sang,"Chinatown Point, 133 New Bridge Road, #B1-35",59413,1/1/2026,31/12/2026,"BLACK PASSION MEMBERSHIP PRIVILEGE:
- 5% off regular-priced items

PASSION SILVER / PLATINUM MEMBERSHIP PRIVILEGES:
- 5% off regular-priced items
- Spend a minimum of $150 & receive a $5 voucher on Tuesdays","TCM, traditional Chinese medicine, health supplements, herbs, wellness, nutrition, Chinese medicine",Not verified
Eu Yan Sang,"City Square Mall, 180 Kitchener Road, #B1-12A",208539,1/1/2026,31/12/2026,"BLACK PASSION MEMBERSHIP PRIVILEGE:
- 5% off regular-priced items

PASSION SILVER / PLATINUM MEMBERSHIP PRIVILEGES:
- 5% off regular-priced items
- Spend a minimum of $150 & receive a $5 voucher on Tuesdays","TCM, traditional Chinese medicine, health supplements, herbs, wellness, nutrition, Chinese medicine",Not verified
Eu Yan Sang,"Compass One, 1 Sengkang Square, #B1-31",545078,1/1/2026,31/12/2026,"BLACK PASSION MEMBERSHIP PRIVILEGE:
- 5% off regular-priced items

PASSION SILVER / PLATINUM MEMBERSHIP PRIVILEGES:
- 5% off regular-priced items
- Spend a minimum of $150 & receive a $5 voucher on Tuesdays","TCM, traditional Chinese medicine, health supplements, herbs, wellness, nutrition, Chinese medicine",Not verified
Eu Yan Sang,"Great World City, 1 Kim Seng Promenade, #B1-137",237994,1/1/2026,31/12/2026,"BLACK PASSION MEMBERSHIP PRIVILEGE:
- 5% off regular-priced items

PASSION SILVER / PLATINUM MEMBERSHIP PRIVILEGES:
- 5% off regular-priced items
- Spend a minimum of $150 & receive a $5 voucher on Tuesdays","TCM, traditional Chinese medicine, health supplements, herbs, wellness, nutrition, Chinese medicine",Not verified
Eu Yan Sang,"Hougang Mall, 90 Hougang Avenue 10, #B1-18/19",538766,1/1/2026,31/12/2026,"BLACK PASSION MEMBERSHIP PRIVILEGE:
- 5% off regular-priced items

PASSION SILVER / PLATINUM MEMBERSHIP PRIVILEGES:
- 5% off regular-priced items
- Spend a minimum of $150 & receive a $5 voucher on Tuesdays","TCM, traditional Chinese medicine, health supplements, herbs, wellness, nutrition, Chinese medicine",Not verified
Eu Yan Sang,"ION Orchard, 2 Orchard Turn, #B4-31/32",238801,1/1/2026,31/12/2026,"BLACK PASSION MEMBERSHIP PRIVILEGE:
- 5% off regular-priced items

PASSION SILVER / PLATINUM MEMBERSHIP PRIVILEGES:
- 5% off regular-priced items
- Spend a minimum of $150 & receive a $5 voucher on Tuesdays","TCM, traditional Chinese medicine, health supplements, herbs, wellness, nutrition, Chinese medicine",Not verified
Eu Yan Sang,"Jem, 50 Jurong Gateway Road, #B1-48",608549,1/1/2026,31/12/2026,"BLACK PASSION MEMBERSHIP PRIVILEGE:
- 5% off regular-priced items

PASSION SILVER / PLATINUM MEMBERSHIP PRIVILEGES:
- 5% off regular-priced items
- Spend a minimum of $150 & receive a $5 voucher on Tuesdays","TCM, traditional Chinese medicine, health supplements, herbs, wellness, nutrition, Chinese medicine",Not verified
Eu Yan Sang,"Jewel Changi Airport, 78 Airport Boulevard, #B2-219",819666,1/1/2026,31/12/2026,"BLACK PASSION MEMBERSHIP PRIVILEGE:
- 5% off regular-priced items

PASSION SILVER / PLATINUM MEMBERSHIP PRIVILEGES:
- 5% off regular-priced items
- Spend a minimum of $150 & receive a $5 voucher on Tuesdays","TCM, traditional Chinese medicine, health supplements, herbs, wellness, nutrition, Chinese medicine",Not verified
Eu Yan Sang,"Junction 8, 9 Bishan Place, #B1-18",579837,1/1/2026,31/12/2026,"BLACK PASSION MEMBERSHIP PRIVILEGE:
- 5% off regular-priced items

PASSION SILVER / PLATINUM MEMBERSHIP PRIVILEGES:
- 5% off regular-priced items
- Spend a minimum of $150 & receive a $5 voucher on Tuesdays","TCM, traditional Chinese medicine, health supplements, herbs, wellness, nutrition, Chinese medicine",Not verified
Eu Yan Sang,"Jurong Point, 1 Jurong West Central 2, #B1-37/38",648886,1/1/2026,31/12/2026,"BLACK PASSION MEMBERSHIP PRIVILEGE:
- 5% off regular-priced items

PASSION SILVER / PLATINUM MEMBERSHIP PRIVILEGES:
- 5% off regular-priced items
- Spend a minimum of $150 & receive a $5 voucher on Tuesdays","TCM, traditional Chinese medicine, health supplements, herbs, wellness, nutrition, Chinese medicine",Not verified
Eu Yan Sang,"Lot One Shoppers' Mall, 21 Choa Chu Kang Avenue 4, #B1-08/09",689812,1/1/2026,31/12/2026,"BLACK PASSION MEMBERSHIP PRIVILEGE:
- 5% off regular-priced items

PASSION SILVER / PLATINUM MEMBERSHIP PRIVILEGES:
- 5% off regular-priced items
- Spend a minimum of $150 & receive a $5 voucher on Tuesdays","TCM, traditional Chinese medicine, health supplements, herbs, wellness, nutrition, Chinese medicine",Not verified
Eu Yan Sang,"The Shoppes at Marina Bay Sands, 2 Bayfront Avenue, #B2-57",18972,1/1/2026,31/12/2026,"BLACK PASSION MEMBERSHIP PRIVILEGE:
- 5% off regular-priced items

PASSION SILVER / PLATINUM MEMBERSHIP PRIVILEGES:
- 5% off regular-priced items
- Spend a minimum of $150 & receive a $5 voucher on Tuesdays","TCM, traditional Chinese medicine, health supplements, herbs, wellness, nutrition, Chinese medicine",Not verified
Eu Yan Sang,"NEX, 23 Serangoon Central, #03-41",556083,1/1/2026,31/12/2026,"BLACK PASSION MEMBERSHIP PRIVILEGE:
- 5% off regular-priced items

PASSION SILVER / PLATINUM MEMBERSHIP PRIVILEGES:
- 5% off regular-priced items
- Spend a minimum of $150 & receive a $5 voucher on Tuesdays","TCM, traditional Chinese medicine, health supplements, herbs, wellness, nutrition, Chinese medicine",Not verified
Eu Yan Sang,"Northpoint City, 1 Northpoint Drive, #B2-163",768019,1/1/2026,31/12/2026,"BLACK PASSION MEMBERSHIP PRIVILEGE:
- 5% off regular-priced items

PASSION SILVER / PLATINUM MEMBERSHIP PRIVILEGES:
- 5% off regular-priced items
- Spend a minimum of $150 & receive a $5 voucher on Tuesdays","TCM, traditional Chinese medicine, health supplements, herbs, wellness, nutrition, Chinese medicine",Not verified
Eu Yan Sang,"Orchard Paragon, 290 Orchard Road, #B1-16/17",238859,1/1/2026,31/12/2026,"BLACK PASSION MEMBERSHIP PRIVILEGE:
- 5% off regular-priced items

PASSION SILVER / PLATINUM MEMBERSHIP PRIVILEGES:
- 5% off regular-priced items
- Spend a minimum of $150 & receive a $5 voucher on Tuesdays","TCM, traditional Chinese medicine, health supplements, herbs, wellness, nutrition, Chinese medicine",Not verified
Eu Yan Sang,"Parkway Parade, 80 Marine Parade Road, #03-26A",449269,1/1/2026,31/12/2026,"BLACK PASSION MEMBERSHIP PRIVILEGE:
- 5% off regular-priced items

PASSION SILVER / PLATINUM MEMBERSHIP PRIVILEGES:
- 5% off regular-priced items
- Spend a minimum of $150 & receive a $5 voucher on Tuesdays","TCM, traditional Chinese medicine, health supplements, herbs, wellness, nutrition, Chinese medicine",Not verified
Eu Yan Sang,"Pasir Ris Mall, 7 Pasir Ris Central, #B1-21",519612,1/1/2026,31/12/2026,"BLACK PASSION MEMBERSHIP PRIVILEGE:
- 5% off regular-priced items

PASSION SILVER / PLATINUM MEMBERSHIP PRIVILEGES:
- 5% off regular-priced items
- Spend a minimum of $150 & receive a $5 voucher on Tuesdays","TCM, traditional Chinese medicine, health supplements, herbs, wellness, nutrition, Chinese medicine",Not verified
Eu Yan Sang,"Paya Lebar Quarter Mall (PLQ), 10 Paya Lebar Road, #B2-12",409057,1/1/2026,31/12/2026,"BLACK PASSION MEMBERSHIP PRIVILEGE:
- 5% off regular-priced items

PASSION SILVER / PLATINUM MEMBERSHIP PRIVILEGES:
- 5% off regular-priced items
- Spend a minimum of $150 & receive a $5 voucher on Tuesdays","TCM, traditional Chinese medicine, health supplements, herbs, wellness, nutrition, Chinese medicine",Not verified
Eu Yan Sang,"Plaza Singapura, 68 Orchard Road, #B2-09/10",238839,1/1/2026,31/12/2026,"BLACK PASSION MEMBERSHIP PRIVILEGE:
- 5% off regular-priced items

PASSION SILVER / PLATINUM MEMBERSHIP PRIVILEGES:
- 5% off regular-priced items
- Spend a minimum of $150 & receive a $5 voucher on Tuesdays","TCM, traditional Chinese medicine, health supplements, herbs, wellness, nutrition, Chinese medicine",Not verified
Eu Yan Sang,"Raffles City Shopping Centre, 252 North Bridge Road, #B1-44H/I",179103,1/1/2026,31/12/2026,"BLACK PASSION MEMBERSHIP PRIVILEGE:
- 5% off regular-priced items

PASSION SILVER / PLATINUM MEMBERSHIP PRIVILEGES:
- 5% off regular-priced items
- Spend a minimum of $150 & receive a $5 voucher on Tuesdays","TCM, traditional Chinese medicine, health supplements, herbs, wellness, nutrition, Chinese medicine",Not verified
Eu Yan Sang,"Square 2, 10 Sinaran Drive, #03-49/50/51",307506,1/1/2026,31/12/2026,"BLACK PASSION MEMBERSHIP PRIVILEGE:
- 5% off regular-priced items

PASSION SILVER / PLATINUM MEMBERSHIP PRIVILEGES:
- 5% off regular-priced items
- Spend a minimum of $150 & receive a $5 voucher on Tuesdays","TCM, traditional Chinese medicine, health supplements, herbs, wellness, nutrition, Chinese medicine",Not verified
Eu Yan Sang,"Sun Plaza, 30 Sembawang Drive, #B1-05/06",757713,1/1/2026,31/12/2026,"BLACK PASSION MEMBERSHIP PRIVILEGE:
- 5% off regular-priced items

PASSION SILVER / PLATINUM MEMBERSHIP PRIVILEGES:
- 5% off regular-priced items
- Spend a minimum of $150 & receive a $5 voucher on Tuesdays","TCM, traditional Chinese medicine, health supplements, herbs, wellness, nutrition, Chinese medicine",Not verified
Eu Yan Sang,"Suntec City Mall, 3 Temasek Boulevard East Wing, #02-702",38983,1/1/2026,31/12/2026,"BLACK PASSION MEMBERSHIP PRIVILEGE:
- 5% off regular-priced items

PASSION SILVER / PLATINUM MEMBERSHIP PRIVILEGES:
- 5% off regular-priced items
- Spend a minimum of $150 & receive a $5 voucher on Tuesdays","TCM, traditional Chinese medicine, health supplements, herbs, wellness, nutrition, Chinese medicine",Not verified
Eu Yan Sang,"Takashimaya, 391 Orchard Road, #B2-05",238872,1/1/2026,31/12/2026,"BLACK PASSION MEMBERSHIP PRIVILEGE:
- 5% off regular-priced items

PASSION SILVER / PLATINUM MEMBERSHIP PRIVILEGES:
- 5% off regular-priced items
- Spend a minimum of $150 & receive a $5 voucher on Tuesdays","TCM, traditional Chinese medicine, health supplements, herbs, wellness, nutrition, Chinese medicine",Not verified
Eu Yan Sang,"Tampines Mall, 4 Tampines Central 5, #B1-17",529510,1/1/2026,31/12/2026,"BLACK PASSION MEMBERSHIP PRIVILEGE:
- 5% off regular-priced items

PASSION SILVER / PLATINUM MEMBERSHIP PRIVILEGES:
- 5% off regular-priced items
- Spend a minimum of $150 & receive a $5 voucher on Tuesdays","TCM, traditional Chinese medicine, health supplements, herbs, wellness, nutrition, Chinese medicine",Not verified
Eu Yan Sang,"The Clementi Mall, 3155 Commonwealth Avenue West, #B1-36",129588,1/1/2026,31/12/2026,"BLACK PASSION MEMBERSHIP PRIVILEGE:
- 5% off regular-priced items

PASSION SILVER / PLATINUM MEMBERSHIP PRIVILEGES:
- 5% off regular-priced items
- Spend a minimum of $150 & receive a $5 voucher on Tuesdays","TCM, traditional Chinese medicine, health supplements, herbs, wellness, nutrition, Chinese medicine",Not verified
Eu Yan Sang,"The Woodleigh Mall, 11 Bidadari Park Drive, #B1-34",367803,1/1/2026,31/12/2026,"BLACK PASSION MEMBERSHIP PRIVILEGE:
- 5% off regular-priced items

PASSION SILVER / PLATINUM MEMBERSHIP PRIVILEGES:
- 5% off regular-priced items
- Spend a minimum of $150 & receive a $5 voucher on Tuesdays","TCM, traditional Chinese medicine, health supplements, herbs, wellness, nutrition, Chinese medicine",Not verified
Eu Yan Sang,"Tiong Bahru Plaza, 302 Tiong Bahru Road, #B1-126",168732,1/1/2026,31/12/2026,"BLACK PASSION MEMBERSHIP PRIVILEGE:
- 5% off regular-priced items

PASSION SILVER / PLATINUM MEMBERSHIP PRIVILEGES:
- 5% off regular-priced items
- Spend a minimum of $150 & receive a $5 voucher on Tuesdays","TCM, traditional Chinese medicine, health supplements, herbs, wellness, nutrition, Chinese medicine",Not verified
Eu Yan Sang,"Toa Payoh Hub, 520 Lorong 6 Toa Payoh, #01-56",310520,1/1/2026,31/12/2026,"BLACK PASSION MEMBERSHIP PRIVILEGE:
- 5% off regular-priced items

PASSION SILVER / PLATINUM MEMBERSHIP PRIVILEGES:
- 5% off regular-priced items
- Spend a minimum of $150 & receive a $5 voucher on Tuesdays","TCM, traditional Chinese medicine, health supplements, herbs, wellness, nutrition, Chinese medicine",Not verified
Eu Yan Sang,"Upper Cross Street, 26 Upper Cross Street",58336,1/1/2026,31/12/2026,"BLACK PASSION MEMBERSHIP PRIVILEGE:
- 5% off regular-priced items

PASSION SILVER / PLATINUM MEMBERSHIP PRIVILEGES:
- 5% off regular-priced items
- Spend a minimum of $150 & receive a $5 voucher on Tuesdays","TCM, traditional Chinese medicine, health supplements, herbs, wellness, nutrition, Chinese medicine",Not verified
Eu Yan Sang,"Velocity @ Novena Square, 238 Thomson Road, #01-75/76",307683,1/1/2026,31/12/2026,"BLACK PASSION MEMBERSHIP PRIVILEGE:
- 5% off regular-priced items

PASSION SILVER / PLATINUM MEMBERSHIP PRIVILEGES:
- 5% off regular-priced items
- Spend a minimum of $150 & receive a $5 voucher on Tuesdays","TCM, traditional Chinese medicine, health supplements, herbs, wellness, nutrition, Chinese medicine",Not verified
Eu Yan Sang,"VivoCity, 1 Harbourfront Walk, #B2-11",98585,1/1/2026,31/12/2026,"BLACK PASSION MEMBERSHIP PRIVILEGE:
- 5% off regular-priced items

PASSION SILVER / PLATINUM MEMBERSHIP PRIVILEGES:
- 5% off regular-priced items
- Spend a minimum of $150 & receive a $5 voucher on Tuesdays","TCM, traditional Chinese medicine, health supplements, herbs, wellness, nutrition, Chinese medicine",Not verified
Eu Yan Sang,"Waterway Point, 83 Punggol Central, #B2-28",828761,1/1/2026,31/12/2026,"BLACK PASSION MEMBERSHIP PRIVILEGE:
- 5% off regular-priced items

PASSION SILVER / PLATINUM MEMBERSHIP PRIVILEGES:
- 5% off regular-priced items
- Spend a minimum of $150 & receive a $5 voucher on Tuesdays","TCM, traditional Chinese medicine, health supplements, herbs, wellness, nutrition, Chinese medicine",Not verified
Eu Yan Sang,"West Mall, 1 Bukit Batok Central Link, #01-08",658713,1/1/2026,31/12/2026,"BLACK PASSION MEMBERSHIP PRIVILEGE:
- 5% off regular-priced items

PASSION SILVER / PLATINUM MEMBERSHIP PRIVILEGES:
- 5% off regular-priced items
- Spend a minimum of $150 & receive a $5 voucher on Tuesdays","TCM, traditional Chinese medicine, health supplements, herbs, wellness, nutrition, Chinese medicine",Not verified
Eu Yan Sang,"White Sands, 1 Pasir Ris Central Street 3, #B1-19",518457,1/1/2026,31/12/2026,"BLACK PASSION MEMBERSHIP PRIVILEGE:
- 5% off regular-priced items

PASSION SILVER / PLATINUM MEMBERSHIP PRIVILEGES:
- 5% off regular-priced items
- Spend a minimum of $150 & receive a $5 voucher on Tuesdays","TCM, traditional Chinese medicine, health supplements, herbs, wellness, nutrition, Chinese medicine",Not verified
Eu Yan Sang TCM Clinic,"EYS TCM Clinic @ Plaza Singapura, 68 Orchard Road, #04-37",238839,1/3/2026,28/2/2027,"BLACK PASSION MEMBERSHIP PRIVILEGE:
- Spend above $130 (before GST) in single receipt and get 1-day medication free

PASSION SILVER / PLATINUM MEMBERSHIP PRIVILEGES:
- $0 TCM consultation for first-time clinic visit to Eu Yan Sang TCM Clinic OR
- Spend above $130 (before GST) in single receipt and get 1-day medication free","TCM, traditional Chinese medicine, acupuncture, herbal medicine, healthcare, wellness",Not verified
Eu Yan Sang TCM Clinic,"EYS TCM Clinic @ Guoco Tower, 7 Wallich Street, #03-01",78884,1/3/2026,28/2/2027,"BLACK PASSION MEMBERSHIP PRIVILEGE:
- Spend above $130 (before GST) in single receipt and get 1-day medication free

PASSION SILVER / PLATINUM MEMBERSHIP PRIVILEGES:
- $0 TCM consultation for first-time clinic visit to Eu Yan Sang TCM Clinic OR
- Spend above $130 (before GST) in single receipt and get 1-day medication free","TCM, traditional Chinese medicine, acupuncture, herbal medicine, healthcare, wellness",Not verified
Eu Yan Sang TCM Clinic,"EYS TCM Clinic @ Jurong Point, 1 Jurong West Central 2, #02-17",648886,1/3/2026,28/2/2027,"BLACK PASSION MEMBERSHIP PRIVILEGE:
- Spend above $130 (before GST) in single receipt and get 1-day medication free

PASSION SILVER / PLATINUM MEMBERSHIP PRIVILEGES:
- $0 TCM consultation for first-time clinic visit to Eu Yan Sang TCM Clinic OR
- Spend above $130 (before GST) in single receipt and get 1-day medication free","TCM, traditional Chinese medicine, acupuncture, herbal medicine, healthcare, wellness",Not verified
Eu Yan Sang TCM Clinic,"EYS TCM Centre @ Mount Elizabeth Novena Hospital, 38 Irrawaddy Road, #01-06A",329563,1/3/2026,28/2/2027,"BLACK PASSION MEMBERSHIP PRIVILEGE:
- Spend above $130 (before GST) in single receipt and get 1-day medication free

PASSION SILVER / PLATINUM MEMBERSHIP PRIVILEGES:
- $0 TCM consultation for first-time clinic visit to Eu Yan Sang TCM Clinic OR
- Spend above $130 (before GST) in single receipt and get 1-day medication free","TCM, traditional Chinese medicine, acupuncture, herbal medicine, healthcare, wellness",Not verified
Eu Yan Sang TCM Clinic,"EYS Premier TCM Centre @ Orchard Paragon, 290 Orchard Road, #14-08, (Tower 1 - Lobby E or Lobby F)",238859,1/3/2026,28/2/2027,"BLACK PASSION MEMBERSHIP PRIVILEGE:
- Spend above $130 (before GST) in single receipt and get 1-day medication free

PASSION SILVER / PLATINUM MEMBERSHIP PRIVILEGES:
- $0 TCM consultation for first-time clinic visit to Eu Yan Sang TCM Clinic OR
- Spend above $130 (before GST) in single receipt and get 1-day medication free","TCM, traditional Chinese medicine, acupuncture, herbal medicine, healthcare, wellness",Not verified
Eu Yan Sang TCM Clinic,"EYS Premier TCM Centre @ The Woodleigh Mall, 11 Bidadari Park Drive, #02-33/34",367803,1/3/2026,28/2/2027,"BLACK PASSION MEMBERSHIP PRIVILEGE:
- Spend above $130 (before GST) in single receipt and get 1-day medication free

PASSION SILVER / PLATINUM MEMBERSHIP PRIVILEGES:
- $0 TCM consultation for first-time clinic visit to Eu Yan Sang TCM Clinic OR
- Spend above $130 (before GST) in single receipt and get 1-day medication free","TCM, traditional Chinese medicine, acupuncture, herbal medicine, healthcare, wellness",Not verified
Eu Yan Sang TCM Clinic,"EYS TCM Clinic @ Woods Square, 6 Woodlands Square, #B2-18",737737,1/3/2026,28/2/2027,"BLACK PASSION MEMBERSHIP PRIVILEGE:
- Spend above $130 (before GST) in single receipt and get 1-day medication free

PASSION SILVER / PLATINUM MEMBERSHIP PRIVILEGES:
- $0 TCM consultation for first-time clinic visit to Eu Yan Sang TCM Clinic OR
- Spend above $130 (before GST) in single receipt and get 1-day medication free","TCM, traditional Chinese medicine, acupuncture, herbal medicine, healthcare, wellness",Not verified
Eu Yan Sang TCM Clinic,"EYS TCM Clinic @ Bukit Panjang Plaza, 1 Jelebu Road, #01-13",677743,1/3/2026,28/2/2027,"BLACK PASSION MEMBERSHIP PRIVILEGE:
- Spend above $130 (before GST) in single receipt and get 1-day medication free

PASSION SILVER / PLATINUM MEMBERSHIP PRIVILEGES:
- $0 TCM consultation for first-time clinic visit to Eu Yan Sang TCM Clinic OR
- Spend above $130 (before GST) in single receipt and get 1-day medication free","TCM, traditional Chinese medicine, acupuncture, herbal medicine, healthcare, wellness",Not verified
Eu Yan Sang TCM Clinic,"EYS TCM Clinic @ Century Square, 2 Tampines Central 5, #03-15",529509,1/3/2026,28/2/2027,"BLACK PASSION MEMBERSHIP PRIVILEGE:
- Spend above $130 (before GST) in single receipt and get 1-day medication free

PASSION SILVER / PLATINUM MEMBERSHIP PRIVILEGES:
- $0 TCM consultation for first-time clinic visit to Eu Yan Sang TCM Clinic OR
- Spend above $130 (before GST) in single receipt and get 1-day medication free","TCM, traditional Chinese medicine, acupuncture, herbal medicine, healthcare, wellness",Not verified
Eu Yan Sang TCM Clinic,"EYS TCM Clinic @ The Clementi Mall, 3155 Commonwealth Avenue West, #04-27",129588,1/3/2026,28/2/2027,"BLACK PASSION MEMBERSHIP PRIVILEGE:
- Spend above $130 (before GST) in single receipt and get 1-day medication free

PASSION SILVER / PLATINUM MEMBERSHIP PRIVILEGES:
- $0 TCM consultation for first-time clinic visit to Eu Yan Sang TCM Clinic OR
- Spend above $130 (before GST) in single receipt and get 1-day medication free","TCM, traditional Chinese medicine, acupuncture, herbal medicine, healthcare, wellness",Not verified
Eu Yan Sang TCM Clinic,"EYS TCM Clinic @ Chinatown Point, 133 New Bridge Road, #03-18",59413,1/3/2026,28/2/2027,"BLACK PASSION MEMBERSHIP PRIVILEGE:
- Spend above $130 (before GST) in single receipt and get 1-day medication free

PASSION SILVER / PLATINUM MEMBERSHIP PRIVILEGES:
- $0 TCM consultation for first-time clinic visit to Eu Yan Sang TCM Clinic OR
- Spend above $130 (before GST) in single receipt and get 1-day medication free","TCM, traditional Chinese medicine, acupuncture, herbal medicine, healthcare, wellness",Not verified
Eu Yan Sang TCM Clinic,"EYS TCM Clinic @ Compass One, 1 Sengkang Square, #02-34",545078,1/3/2026,28/2/2027,"BLACK PASSION MEMBERSHIP PRIVILEGE:
- Spend above $130 (before GST) in single receipt and get 1-day medication free

PASSION SILVER / PLATINUM MEMBERSHIP PRIVILEGES:
- $0 TCM consultation for first-time clinic visit to Eu Yan Sang TCM Clinic OR
- Spend above $130 (before GST) in single receipt and get 1-day medication free","TCM, traditional Chinese medicine, acupuncture, herbal medicine, healthcare, wellness",Not verified
Eu Yan Sang TCM Clinic,"EYS TCM Clinic @ Jem, 50 Jurong Gateway Road, #04-54",608549,1/3/2026,28/2/2027,"BLACK PASSION MEMBERSHIP PRIVILEGE:
- Spend above $130 (before GST) in single receipt and get 1-day medication free

PASSION SILVER / PLATINUM MEMBERSHIP PRIVILEGES:
- $0 TCM consultation for first-time clinic visit to Eu Yan Sang TCM Clinic OR
- Spend above $130 (before GST) in single receipt and get 1-day medication free","TCM, traditional Chinese medicine, acupuncture, herbal medicine, healthcare, wellness",Not verified
Eu Yan Sang TCM Clinic,"EYS TCM Clinic @ Sembawang, Blk 355 Sembawang Way, #01-03",750355,1/3/2026,28/2/2027,"BLACK PASSION MEMBERSHIP PRIVILEGE:
- Spend above $130 (before GST) in single receipt and get 1-day medication free

PASSION SILVER / PLATINUM MEMBERSHIP PRIVILEGES:
- $0 TCM consultation for first-time clinic visit to Eu Yan Sang TCM Clinic OR
- Spend above $130 (before GST) in single receipt and get 1-day medication free","TCM, traditional Chinese medicine, acupuncture, herbal medicine, healthcare, wellness",Not verified
Eu Yan Sang TCM Clinic,"EYS TCM Clinic @ Tiong Bahru Plaza, 302 Tiong Bahru Road, #02-142",168732,1/3/2026,28/2/2027,"BLACK PASSION MEMBERSHIP PRIVILEGE:
- Spend above $130 (before GST) in single receipt and get 1-day medication free

PASSION SILVER / PLATINUM MEMBERSHIP PRIVILEGES:
- $0 TCM consultation for first-time clinic visit to Eu Yan Sang TCM Clinic OR
- Spend above $130 (before GST) in single receipt and get 1-day medication free","TCM, traditional Chinese medicine, acupuncture, herbal medicine, healthcare, wellness",Not verified
Eu Yan Sang TCM Clinic,"EYS TCM Clinic @ Waterway Point, 83 Punggol Central, #02-13 (West Wing)",828761,1/3/2026,28/2/2027,"BLACK PASSION MEMBERSHIP PRIVILEGE:
- Spend above $130 (before GST) in single receipt and get 1-day medication free

PASSION SILVER / PLATINUM MEMBERSHIP PRIVILEGES:
- $0 TCM consultation for first-time clinic visit to Eu Yan Sang TCM Clinic OR
- Spend above $130 (before GST) in single receipt and get 1-day medication free","TCM, traditional Chinese medicine, acupuncture, herbal medicine, healthcare, wellness",Not verified
Family Dental Centre,10 Whampoa Drive,327720,-,-,"PASSION MEMBERSHIP PRIVILEGES:
- Examination & Consultation: $25
- Intra-Oral X-ray: $25
- OPG: $80
- Scaling & Polishing: $90
- Topical Fluoride Application: $25 Full-Mouth
- Restorations (Fillings): 1 Surface $70
- Restorations (Fillings): 2 Surfaces $85
- Restorations (Fillings): 3 Surfaces $95
- Routine Extractions: From $85
- Home-Kit Whitening: $500
- Chair-Side Whitening: $900","dental, dentist, oral care, teeth cleaning, braces, dental treatment, family dental",Not verified
Family Dental Centre,"724 Woodlands Avenue 6, #01-502",730724,-,-,"PASSION MEMBERSHIP PRIVILEGES:
- Examination & Consultation: $25
- Intra-Oral X-ray: $25
- OPG: $80
- Scaling & Polishing: $90
- Topical Fluoride Application: $25 Full-Mouth
- Restorations (Fillings): 1 Surface $70
- Restorations (Fillings): 2 Surfaces $85
- Restorations (Fillings): 3 Surfaces $95
- Routine Extractions: From $85
- Home-Kit Whitening: $500
- Chair-Side Whitening: $900","dental, dentist, oral care, teeth cleaning, braces, dental treatment, family dental",Not verified
Family Dental Centre,"79D Toa Payoh Central, #01-49",314079,-,-,"PASSION MEMBERSHIP PRIVILEGES:
- Examination & Consultation: $25
- Intra-Oral X-ray: $25
- OPG: $80
- Scaling & Polishing: $90
- Topical Fluoride Application: $25 Full-Mouth
- Restorations (Fillings): 1 Surface $70
- Restorations (Fillings): 2 Surfaces $85
- Restorations (Fillings): 3 Surfaces $95
- Routine Extractions: From $85
- Home-Kit Whitening: $500
- Chair-Side Whitening: $900","dental, dentist, oral care, teeth cleaning, braces, dental treatment, family dental",Not verified
Family Dental Centre,"Harbourfront Tower One, 1 Harbourfront Place, #01-02",98633,-,-,"PASSION MEMBERSHIP PRIVILEGES:
- Examination & Consultation: $25
- Intra-Oral X-ray: $25
- OPG: $80
- Scaling & Polishing: $90
- Topical Fluoride Application: $25 Full-Mouth
- Restorations (Fillings): 1 Surface $70
- Restorations (Fillings): 2 Surfaces $85
- Restorations (Fillings): 3 Surfaces $95
- Routine Extractions: From $85
- Home-Kit Whitening: $500
- Chair-Side Whitening: $900","dental, dentist, oral care, teeth cleaning, braces, dental treatment, family dental",Not verified
Family Dental Centre,"164 Tampines Street 12, #01-293",521164,-,-,"PASSION MEMBERSHIP PRIVILEGES:
- Examination & Consultation: $25
- Intra-Oral X-ray: $25
- OPG: $80
- Scaling & Polishing: $90
- Topical Fluoride Application: $25 Full-Mouth
- Restorations (Fillings): 1 Surface $70
- Restorations (Fillings): 2 Surfaces $85
- Restorations (Fillings): 3 Surfaces $95
- Routine Extractions: From $85
- Home-Kit Whitening: $500
- Chair-Side Whitening: $900","dental, dentist, oral care, teeth cleaning, braces, dental treatment, family dental",Not verified
Family Dental Centre,"Taman Jurong Shopping Centre, 399 Yung Sheng Road, #01-06",610399,-,-,"PASSION MEMBERSHIP PRIVILEGES:
- Examination & Consultation: $25
- Intra-Oral X-ray: $25
- OPG: $80
- Scaling & Polishing: $90
- Topical Fluoride Application: $25 Full-Mouth
- Restorations (Fillings): 1 Surface $70
- Restorations (Fillings): 2 Surfaces $85
- Restorations (Fillings): 3 Surfaces $95
- Routine Extractions: From $85
- Home-Kit Whitening: $500
- Chair-Side Whitening: $900","dental, dentist, oral care, teeth cleaning, braces, dental treatment, family dental",Not verified
Family Dental Centre,"479 Tampines Street 44, #01-231",520479,-,-,"PASSION MEMBERSHIP PRIVILEGES:
- Examination & Consultation: $25
- Intra-Oral X-ray: $25
- OPG: $80
- Scaling & Polishing: $90
- Topical Fluoride Application: $25 Full-Mouth
- Restorations (Fillings): 1 Surface $70
- Restorations (Fillings): 2 Surfaces $85
- Restorations (Fillings): 3 Surfaces $95
- Routine Extractions: From $85
- Home-Kit Whitening: $500
- Chair-Side Whitening: $900","dental, dentist, oral care, teeth cleaning, braces, dental treatment, family dental",Not verified
Family Dental Centre,"476D Upper Serangoon View, Hougang Capeview, #02-03",537476,-,-,"PASSION MEMBERSHIP PRIVILEGES:
- Examination & Consultation: $25
- Intra-Oral X-ray: $25
- OPG: $80
- Scaling & Polishing: $90
- Topical Fluoride Application: $25 Full-Mouth
- Restorations (Fillings): 1 Surface $70
- Restorations (Fillings): 2 Surfaces $85
- Restorations (Fillings): 3 Surfaces $95
- Routine Extractions: From $85
- Home-Kit Whitening: $500
- Chair-Side Whitening: $900","dental, dentist, oral care, teeth cleaning, braces, dental treatment, family dental",Not verified
Family Dental Centre,"Punggol Plaza, 168 Punggol Field, #02-06",820168,-,-,"PASSION MEMBERSHIP PRIVILEGES:
- Examination & Consultation: $25
- Intra-Oral X-ray: $25
- OPG: $80
- Scaling & Polishing: $90
- Topical Fluoride Application: $25 Full-Mouth
- Restorations (Fillings): 1 Surface $70
- Restorations (Fillings): 2 Surfaces $85
- Restorations (Fillings): 3 Surfaces $95
- Routine Extractions: From $85
- Home-Kit Whitening: $500
- Chair-Side Whitening: $900","dental, dentist, oral care, teeth cleaning, braces, dental treatment, family dental",Not verified
Family Dental Centre,"Rivervale Mall, 11 Rivervale Crescent, #01-28",545082,-,-,"PASSION MEMBERSHIP PRIVILEGES:
- Examination & Consultation: $25
- Intra-Oral X-ray: $25
- OPG: $80
- Scaling & Polishing: $90
- Topical Fluoride Application: $25 Full-Mouth
- Restorations (Fillings): 1 Surface $70
- Restorations (Fillings): 2 Surfaces $85
- Restorations (Fillings): 3 Surfaces $95
- Routine Extractions: From $85
- Home-Kit Whitening: $500
- Chair-Side Whitening: $900","dental, dentist, oral care, teeth cleaning, braces, dental treatment, family dental",Not verified
Famous Amos,"AMK Hub, 53 Ang Mo Kio Avenue 3, #01-32A",569933,1/5/2026,30/4/2027,"PASSION MEMBERSHIP PRIVILEGE:
- 10% off with a minimum spending of $10","food, cookies, chocolate chip cookies, bakery, snacks, muffins, brownies, gifts, gifting, halal food",Yes
Famous Amos,"Causeway Point, 1 Woodlands Square, #B1-K20",738099,1/5/2026,30/4/2027,"PASSION MEMBERSHIP PRIVILEGE:
- 10% off with a minimum spending of $10","food, cookies, chocolate chip cookies, bakery, snacks, muffins, brownies, gifts, gifting, halal food",Yes
Famous Amos,"Changi Airport Terminal 3 (Departure Hall Public Area), 65 Airport Boulevard, #02-97",819663,1/5/2026,30/4/2027,"PASSION MEMBERSHIP PRIVILEGE:
- 10% off with a minimum spending of $10","food, cookies, chocolate chip cookies, bakery, snacks, muffins, brownies, gifts, gifting, halal food",Yes
Famous Amos,"Cineleisure, 8 Grange Road, #01-08A",239695,1/5/2026,30/4/2027,"PASSION MEMBERSHIP PRIVILEGE:
- 10% off with a minimum spending of $10","food, cookies, chocolate chip cookies, bakery, snacks, muffins, brownies, gifts, gifting, halal food",Yes
Famous Amos,"Compass One, 1 Sengkang Square, #B1-19",545078,1/5/2026,30/4/2027,"PASSION MEMBERSHIP PRIVILEGE:
- 10% off with a minimum spending of $10","food, cookies, chocolate chip cookies, bakery, snacks, muffins, brownies, gifts, gifting, halal food",Yes
Famous Amos,"Jem, 50 Jurong Gateway Road, #B1-51",608549,1/5/2026,30/4/2027,"PASSION MEMBERSHIP PRIVILEGE:
- 10% off with a minimum spending of $10","food, cookies, chocolate chip cookies, bakery, snacks, muffins, brownies, gifts, gifting, halal food",Yes
Famous Amos,"Jurong Point, 1 Jurong West Central 2, #B1-01",648886,1/5/2026,30/4/2027,"PASSION MEMBERSHIP PRIVILEGE:
- 10% off with a minimum spending of $10","food, cookies, chocolate chip cookies, bakery, snacks, muffins, brownies, gifts, gifting, halal food",Yes
Famous Amos,"NEX, 23 Serangoon Central, #03-K5/K6",556083,1/5/2026,30/4/2027,"PASSION MEMBERSHIP PRIVILEGE:
- 10% off with a minimum spending of $10","food, cookies, chocolate chip cookies, bakery, snacks, muffins, brownies, gifts, gifting, halal food",Yes
Famous Amos,"Northpoint City, 930 Yishun Avenue 2, #B1-16",769098,1/5/2026,30/4/2027,"PASSION MEMBERSHIP PRIVILEGE:
- 10% off with a minimum spending of $10","food, cookies, chocolate chip cookies, bakery, snacks, muffins, brownies, gifts, gifting, halal food",Yes
Famous Amos,"Parkway Parade, 80 Marine Parade Road, #B1-61",449269,1/5/2026,30/4/2027,"PASSION MEMBERSHIP PRIVILEGE:
- 10% off with a minimum spending of $10","food, cookies, chocolate chip cookies, bakery, snacks, muffins, brownies, gifts, gifting, halal food",Yes
Famous Amos,"Plaza Singapura, 68 Orchard Road Plaza, #B2-30",238839,1/5/2026,30/4/2027,"PASSION MEMBERSHIP PRIVILEGE:
- 10% off with a minimum spending of $10","food, cookies, chocolate chip cookies, bakery, snacks, muffins, brownies, gifts, gifting, halal food",Yes
Famous Amos,"Tampines Mall, 4 Tampines Central 5, #B1-K15",529510,1/5/2026,30/4/2027,"PASSION MEMBERSHIP PRIVILEGE:
- 10% off with a minimum spending of $10","food, cookies, chocolate chip cookies, bakery, snacks, muffins, brownies, gifts, gifting, halal food",Yes
Famous Amos,"Toa Payoh HDB Hub, 500 Toa Payoh Lor 6, #02-33",310500,1/5/2026,30/4/2027,"PASSION MEMBERSHIP PRIVILEGE:
- 10% off with a minimum spending of $10","food, cookies, chocolate chip cookies, bakery, snacks, muffins, brownies, gifts, gifting, halal food",Yes
Famous Amos,"Waterway Point, 83 Punggol Central, #B2-K11",828761,1/5/2026,30/4/2027,"PASSION MEMBERSHIP PRIVILEGE:
- 10% off with a minimum spending of $10","food, cookies, chocolate chip cookies, bakery, snacks, muffins, brownies, gifts, gifting, halal food",Yes
Famous Amos,"White Sands, 1 Pasir Ris Central Street 3, #01-40",518457,1/5/2026,30/4/2027,"PASSION MEMBERSHIP PRIVILEGE:
- 10% off with a minimum spending of $10","food, cookies, chocolate chip cookies, bakery, snacks, muffins, brownies, gifts, gifting, halal food",Yes
Famous Amos,"Wisma Atria, 435 Orchard Road, #B1-43",238877,1/5/2026,30/4/2027,"PASSION MEMBERSHIP PRIVILEGE:
- 10% off with a minimum spending of $10","food, cookies, chocolate chip cookies, bakery, snacks, muffins, brownies, gifts, gifting, halal food",Yes
Fish & Co.,"AMK Hub, 53 Ang Mo Kio Avenue 3, #02-02",569933,1/5/2026,30/4/2027,"PASSION MEMBERSHIP PRIVILEGES:
- 10% off total bill (Mon - Fri) 
- 20% off total bill (Mon - Sun) for takeaway

PASSION SILVER MEMBERSHIP PRIVILEGES:
- 10% off total bill (Mon - Fri) OR
- 1 for 1 a la carte main course (Mon - Wed, 11:00 AM - 6:00 PM)
- 20% off total bill (Mon - Sun) for takeaway","food, seafood, fish, western food, restaurant, family dining, pasta, grilled seafood, halal food",Yes
Fish & Co.,"Causeway Point, 1 Woodlands Square, #02-34/K01",738099,1/5/2026,30/4/2027,"PASSION MEMBERSHIP PRIVILEGES:
- 10% off total bill (Mon - Fri) 
- 20% off total bill (Mon - Sun) for takeaway

PASSION SILVER MEMBERSHIP PRIVILEGES:
- 10% off total bill (Mon - Fri) OR
- 1 for 1 a la carte main course (Mon - Wed, 11:00 AM - 6:00 PM)
- 20% off total bill (Mon - Sun) for takeaway","food, seafood, fish, western food, restaurant, family dining, pasta, grilled seafood, halal food",Yes
Fish & Co.,"Jewel Changi Airport, 78 Airport Boulevard, #B1-300",819666,1/5/2026,30/4/2027,"PASSION MEMBERSHIP PRIVILEGES:
- 10% off total bill (Mon - Fri) 
- 20% off total bill (Mon - Sun) for takeaway

PASSION SILVER MEMBERSHIP PRIVILEGES:
- 10% off total bill (Mon - Fri) OR
- 1 for 1 a la carte main course (Mon - Wed, 11:00 AM - 6:00 PM)
- 20% off total bill (Mon - Sun) for takeaway","food, seafood, fish, western food, restaurant, family dining, pasta, grilled seafood, halal food",Yes
Fish & Co.,"Jurong Point, 1 Jurong West Central 2, #02-20E",648886,1/5/2026,30/4/2027,"PASSION MEMBERSHIP PRIVILEGES:
- 10% off total bill (Mon - Fri) 
- 20% off total bill (Mon - Sun) for takeaway

PASSION SILVER MEMBERSHIP PRIVILEGES:
- 10% off total bill (Mon - Fri) OR
- 1 for 1 a la carte main course (Mon - Wed, 11:00 AM - 6:00 PM)
- 20% off total bill (Mon - Sun) for takeaway","food, seafood, fish, western food, restaurant, family dining, pasta, grilled seafood, halal food",Yes
Fish & Co.,"New Tech Park, 151 Lorong Chuan, #01-05",556741,1/5/2026,30/4/2027,"PASSION MEMBERSHIP PRIVILEGES:
- 10% off total bill (Mon - Fri) 
- 20% off total bill (Mon - Sun) for takeaway

PASSION SILVER MEMBERSHIP PRIVILEGES:
- 10% off total bill (Mon - Fri) OR
- 1 for 1 a la carte main course (Mon - Wed, 11:00 AM - 6:00 PM)
- 20% off total bill (Mon - Sun) for takeaway","food, seafood, fish, western food, restaurant, family dining, pasta, grilled seafood, halal food",Yes
Fish & Co.,"Our Tampines Hub, 1 Tampines Walk, #01-15",528523,1/5/2026,30/4/2027,"PASSION MEMBERSHIP PRIVILEGES:
- 10% off total bill (Mon - Fri) 
- 20% off total bill (Mon - Sun) for takeaway

PASSION SILVER MEMBERSHIP PRIVILEGES:
- 10% off total bill (Mon - Fri) OR
- 1 for 1 a la carte main course (Mon - Wed, 11:00 AM - 6:00 PM)
- 20% off total bill (Mon - Sun) for takeaway","food, seafood, fish, western food, restaurant, family dining, pasta, grilled seafood, halal food",Yes
Fish & Co.,"Suntec City Mall, 3 Temasek Boulevard, #B1-145",38983,1/5/2026,30/4/2027,"PASSION MEMBERSHIP PRIVILEGES:
- 10% off total bill (Mon - Fri) 
- 20% off total bill (Mon - Sun) for takeaway

PASSION SILVER MEMBERSHIP PRIVILEGES:
- 10% off total bill (Mon - Fri) OR
- 1 for 1 a la carte main course (Mon - Wed, 11:00 AM - 6:00 PM)
- 20% off total bill (Mon - Sun) for takeaway","food, seafood, fish, western food, restaurant, family dining, pasta, grilled seafood, halal food",Yes
Fish & Co.,"The Rail Mall, 460 Upper Bukit Timah Road",678074,1/5/2026,30/4/2027,"PASSION MEMBERSHIP PRIVILEGES:
- 10% off total bill (Mon - Fri) 
- 20% off total bill (Mon - Sun) for takeaway

PASSION SILVER MEMBERSHIP PRIVILEGES:
- 10% off total bill (Mon - Fri) OR
- 1 for 1 a la carte main course (Mon - Wed, 11:00 AM - 6:00 PM)
- 20% off total bill (Mon - Sun) for takeaway","food, seafood, fish, western food, restaurant, family dining, pasta, grilled seafood, halal food",Yes
Fish & Co.,"The Woodleigh Mall, 11 Bidadari Park Drive, #01-37",367803,1/5/2026,30/4/2027,"PASSION MEMBERSHIP PRIVILEGES:
- 10% off total bill (Mon - Fri) 
- 20% off total bill (Mon - Sun) for takeaway

PASSION SILVER MEMBERSHIP PRIVILEGES:
- 10% off total bill (Mon - Fri) OR
- 1 for 1 a la carte main course (Mon - Wed, 11:00 AM - 6:00 PM)
- 20% off total bill (Mon - Sun) for takeaway","food, seafood, fish, western food, restaurant, family dining, pasta, grilled seafood, halal food",Yes
Fish & Co.,"Waterway Point, 83 Punggol Central, #B1-18",828761,1/5/2026,30/4/2027,"PASSION MEMBERSHIP PRIVILEGES:
- 10% off total bill (Mon - Fri) 
- 20% off total bill (Mon - Sun) for takeaway

PASSION SILVER MEMBERSHIP PRIVILEGES:
- 10% off total bill (Mon - Fri) OR
- 1 for 1 a la carte main course (Mon - Wed, 11:00 AM - 6:00 PM)
- 20% off total bill (Mon - Sun) for takeaway","food, seafood, fish, western food, restaurant, family dining, pasta, grilled seafood, halal food",Yes
Fore Coffee,"Bugis Junction, 200 Victoria Street, #01-14/14A",188021,1/3/2026,28/2/2027,"PASSION MEMBERSHIP PRIVILEGE:
- 15% off with no minimum spending","food, drinks, coffee, specialty coffee, espresso, latte, cafe, pastries, takeaway",Not verified
Fore Coffee,"The Cathay, 2 Handy Road, #01-14",229233,1/3/2026,28/2/2027,"PASSION MEMBERSHIP PRIVILEGE:
- 15% off with no minimum spending","food, drinks, coffee, specialty coffee, espresso, latte, cafe, pastries, takeaway",Not verified
Fore Coffee,"The Centrepoint, Orchard Road, #01-105",238843,1/3/2026,28/2/2027,"PASSION MEMBERSHIP PRIVILEGE:
- 15% off with no minimum spending","food, drinks, coffee, specialty coffee, espresso, latte, cafe, pastries, takeaway",Not verified
Fore Coffee,"Tiong Bahru Plaza, 302 Tiong Bahru Road #01-111",168732,1/3/2026,28/2/2027,"PASSION MEMBERSHIP PRIVILEGE:
- 15% off with no minimum spending","food, drinks, coffee, specialty coffee, espresso, latte, cafe, pastries, takeaway",Not verified
FORK & SPOON,"Toa Payoh Hub, 470 Toa Payoh Lorong 6, #02-70",310470,1/1/2026,31/12/2026,"PASSION SILVER MEMBERSHIP PRIVILEGE:   
- Kaya Butter Bun + Hot Coffee / Tea @ $2.50 on Mon - Fri from 3:00 PM - 5:00 PM (U.P. $2.80 - $3.20)","food, restaurant, dining, meals, casual dining, local food",Not verified
FORK & SPOON,"Woodlands Mart, 768 Woodlands Avenue 6, #01-32",730768,1/1/2026,31/12/2026,"PASSION SILVER MEMBERSHIP PRIVILEGE:   
- Kaya Butter Bun + Hot Coffee / Tea @ $2.50 on Mon - Fri from 3:00 PM - 5:00 PM (U.P. $2.80 - $3.20)","food, restaurant, dining, meals, casual dining, local food",Not verified
"Four Points By Sheraton Singapore, Riverview","Four Points by Sheraton Singapore, Riverview, 382 Havelock Road",169629,1/10/2025,30/9/2026,"PASSION MEMBERSHIP PRIVILEGES:
- 20% off all Food & Beverages at Four Points Eatery and The Best Brew
- Stay with PAssion (Weekend Staycation): Deluxe room with breakfast for 2 pax @ $198 nett per night (U.P. $280++)","hotel, accommodation, travel, staycation, dining, meetings, events",Not verified
"Four Points By Sheraton Singapore, Riverview","Four Points Eatery, 382 Havelock Road, Level 1",169629,1/10/2025,30/9/2026,"PASSION MEMBERSHIP PRIVILEGES:
- 20% off all Food & Beverages at Four Points Eatery and The Best Brew
- Stay with PAssion (Weekend Staycation): Deluxe room with breakfast for 2 pax @ $198 nett per night (U.P. $280++)","hotel, accommodation, travel, staycation, dining, meetings, events",Not verified
"Four Points By Sheraton Singapore, Riverview","The Best Brew, 382 Havelock Road, Level 1",169629,1/10/2025,30/9/2026,"PASSION MEMBERSHIP PRIVILEGES:
- 20% off all Food & Beverages at Four Points Eatery and The Best Brew
- Stay with PAssion (Weekend Staycation): Deluxe room with breakfast for 2 pax @ $198 nett per night (U.P. $280++)","hotel, accommodation, travel, staycation, dining, meetings, events",Not verified
Fragrance Foodstuff,"Aljunied, Blk 116 Aljunied Avenue 2, #01-63",380116,1/6/2025,31/5/2027,"PASSION MEMBERSHIP PRIVILEGES:
- 25% off Signature Sliced Tender Bak Kwa (U.P. $68 per kg) & Chicken Bak Kwa (U.P. $68 per kg) with a minimum purchase of 500g
- 35% off Crispy Pork Floss & Pork Floss (U.P. $68 per kg) with a minimum purchase of 500g","food, confectionery, snacks, sweets, Chinese New Year goodies, biscuits, gifts, gifting",Not verified
Fragrance Foodstuff,"AMK Hub, 53 Ang Mo Kio Avenue 3, #B2-20",569933,1/6/2025,31/5/2027,"PASSION MEMBERSHIP PRIVILEGES:
- 25% off Signature Sliced Tender Bak Kwa (U.P. $68 per kg) & Chicken Bak Kwa (U.P. $68 per kg) with a minimum purchase of 500g
- 35% off Crispy Pork Floss & Pork Floss (U.P. $68 per kg) with a minimum purchase of 500g","food, confectionery, snacks, sweets, Chinese New Year goodies, biscuits, gifts, gifting",Not verified
Fragrance Foodstuff,"AMK Central, Blk 709 Ang Mo Kio Avenue 8, #01-2591",560709,1/6/2025,31/5/2027,"PASSION MEMBERSHIP PRIVILEGES:
- 25% off Signature Sliced Tender Bak Kwa (U.P. $68 per kg) & Chicken Bak Kwa (U.P. $68 per kg) with a minimum purchase of 500g
- 35% off Crispy Pork Floss & Pork Floss (U.P. $68 per kg) with a minimum purchase of 500g","food, confectionery, snacks, sweets, Chinese New Year goodies, biscuits, gifts, gifting",Not verified
Fragrance Foodstuff,"Bedok, Blk 208 New Upper Changi Road, #01-677",460208,1/6/2025,31/5/2027,"PASSION MEMBERSHIP PRIVILEGES:
- 25% off Signature Sliced Tender Bak Kwa (U.P. $68 per kg) & Chicken Bak Kwa (U.P. $68 per kg) with a minimum purchase of 500g
- 35% off Crispy Pork Floss & Pork Floss (U.P. $68 per kg) with a minimum purchase of 500g","food, confectionery, snacks, sweets, Chinese New Year goodies, biscuits, gifts, gifting",Not verified
Fragrance Foodstuff,"Canberra Plaza, 133 Canberra View, #B1-K3",750133,1/6/2025,31/5/2027,"PASSION MEMBERSHIP PRIVILEGES:
- 25% off Signature Sliced Tender Bak Kwa (U.P. $68 per kg) & Chicken Bak Kwa (U.P. $68 per kg) with a minimum purchase of 500g
- 35% off Crispy Pork Floss & Pork Floss (U.P. $68 per kg) with a minimum purchase of 500g","food, confectionery, snacks, sweets, Chinese New Year goodies, biscuits, gifts, gifting",Not verified
Fragrance Foodstuff,"Changi City Point, 5 Changi Business Park Central 1, #B1-19",486038,1/6/2025,31/5/2027,"PASSION MEMBERSHIP PRIVILEGES:
- 25% off Signature Sliced Tender Bak Kwa (U.P. $68 per kg) & Chicken Bak Kwa (U.P. $68 per kg) with a minimum purchase of 500g
- 35% off Crispy Pork Floss & Pork Floss (U.P. $68 per kg) with a minimum purchase of 500g","food, confectionery, snacks, sweets, Chinese New Year goodies, biscuits, gifts, gifting",Not verified
Fragrance Foodstuff,"City Square Mall, 180 Kitchener Road, #B2-K6",208539,1/6/2025,31/5/2027,"PASSION MEMBERSHIP PRIVILEGES:
- 25% off Signature Sliced Tender Bak Kwa (U.P. $68 per kg) & Chicken Bak Kwa (U.P. $68 per kg) with a minimum purchase of 500g
- 35% off Crispy Pork Floss & Pork Floss (U.P. $68 per kg) with a minimum purchase of 500g","food, confectionery, snacks, sweets, Chinese New Year goodies, biscuits, gifts, gifting",Not verified
Fragrance Foodstuff,"Clementi, Blk 442 Clementi Avenue 3, #01-93",120442,1/6/2025,31/5/2027,"PASSION MEMBERSHIP PRIVILEGES:
- 25% off Signature Sliced Tender Bak Kwa (U.P. $68 per kg) & Chicken Bak Kwa (U.P. $68 per kg) with a minimum purchase of 500g
- 35% off Crispy Pork Floss & Pork Floss (U.P. $68 per kg) with a minimum purchase of 500g","food, confectionery, snacks, sweets, Chinese New Year goodies, biscuits, gifts, gifting",Not verified
Fragrance Foodstuff,"Heartland Mall, 205 Hougang Street 21, #01-315",530205,1/6/2025,31/5/2027,"PASSION MEMBERSHIP PRIVILEGES:
- 25% off Signature Sliced Tender Bak Kwa (U.P. $68 per kg) & Chicken Bak Kwa (U.P. $68 per kg) with a minimum purchase of 500g
- 35% off Crispy Pork Floss & Pork Floss (U.P. $68 per kg) with a minimum purchase of 500g","food, confectionery, snacks, sweets, Chinese New Year goodies, biscuits, gifts, gifting",Not verified
Fragrance Foodstuff,"Hillion Mall, 17 Petir Road, #B2-39",678278,1/6/2025,31/5/2027,"PASSION MEMBERSHIP PRIVILEGES:
- 25% off Signature Sliced Tender Bak Kwa (U.P. $68 per kg) & Chicken Bak Kwa (U.P. $68 per kg) with a minimum purchase of 500g
- 35% off Crispy Pork Floss & Pork Floss (U.P. $68 per kg) with a minimum purchase of 500g","food, confectionery, snacks, sweets, Chinese New Year goodies, biscuits, gifts, gifting",Not verified
Fragrance Foodstuff,"Hougang, Blk 682 Hougang Avenue 4, #01-326",530682,1/6/2025,31/5/2027,"PASSION MEMBERSHIP PRIVILEGES:
- 25% off Signature Sliced Tender Bak Kwa (U.P. $68 per kg) & Chicken Bak Kwa (U.P. $68 per kg) with a minimum purchase of 500g
- 35% off Crispy Pork Floss & Pork Floss (U.P. $68 per kg) with a minimum purchase of 500g","food, confectionery, snacks, sweets, Chinese New Year goodies, biscuits, gifts, gifting",Not verified
Fragrance Foodstuff,"Hougang Central, Blk 811 Hougang Central, #01-194",530811,1/6/2025,31/5/2027,"PASSION MEMBERSHIP PRIVILEGES:
- 25% off Signature Sliced Tender Bak Kwa (U.P. $68 per kg) & Chicken Bak Kwa (U.P. $68 per kg) with a minimum purchase of 500g
- 35% off Crispy Pork Floss & Pork Floss (U.P. $68 per kg) with a minimum purchase of 500g","food, confectionery, snacks, sweets, Chinese New Year goodies, biscuits, gifts, gifting",Not verified
Fragrance Foodstuff,"IMM, 2 Jurong East Street 21, #01-43",609601,1/6/2025,31/5/2027,"PASSION MEMBERSHIP PRIVILEGES:
- 25% off Signature Sliced Tender Bak Kwa (U.P. $68 per kg) & Chicken Bak Kwa (U.P. $68 per kg) with a minimum purchase of 500g
- 35% off Crispy Pork Floss & Pork Floss (U.P. $68 per kg) with a minimum purchase of 500g","food, confectionery, snacks, sweets, Chinese New Year goodies, biscuits, gifts, gifting",Not verified
Fragrance Foodstuff,"Jurong Point, 63 Jurong West Central 3, #01-35",648331,1/6/2025,31/5/2027,"PASSION MEMBERSHIP PRIVILEGES:
- 25% off Signature Sliced Tender Bak Kwa (U.P. $68 per kg) & Chicken Bak Kwa (U.P. $68 per kg) with a minimum purchase of 500g
- 35% off Crispy Pork Floss & Pork Floss (U.P. $68 per kg) with a minimum purchase of 500g","food, confectionery, snacks, sweets, Chinese New Year goodies, biscuits, gifts, gifting",Not verified
Fragrance Foodstuff,"Jurong West, Blk 960 Jurong West Street 92, #01-188",640960,1/6/2025,31/5/2027,"PASSION MEMBERSHIP PRIVILEGES:
- 25% off Signature Sliced Tender Bak Kwa (U.P. $68 per kg) & Chicken Bak Kwa (U.P. $68 per kg) with a minimum purchase of 500g
- 35% off Crispy Pork Floss & Pork Floss (U.P. $68 per kg) with a minimum purchase of 500g","food, confectionery, snacks, sweets, Chinese New Year goodies, biscuits, gifts, gifting",Not verified
Fragrance Foodstuff,"Jurong West, Blk 504 Jurong West Street 51, #01-243",640504,1/6/2025,31/5/2027,"PASSION MEMBERSHIP PRIVILEGES:
- 25% off Signature Sliced Tender Bak Kwa (U.P. $68 per kg) & Chicken Bak Kwa (U.P. $68 per kg) with a minimum purchase of 500g
- 35% off Crispy Pork Floss & Pork Floss (U.P. $68 per kg) with a minimum purchase of 500g","food, confectionery, snacks, sweets, Chinese New Year goodies, biscuits, gifts, gifting",Not verified
Fragrance Foodstuff,"Chinatown 205, 205 & 207 New Bridge Road (Chinatown Mrt Exit A)",59430,1/6/2025,31/5/2027,"PASSION MEMBERSHIP PRIVILEGES:
- 25% off Signature Sliced Tender Bak Kwa (U.P. $68 per kg) & Chicken Bak Kwa (U.P. $68 per kg) with a minimum purchase of 500g
- 35% off Crispy Pork Floss & Pork Floss (U.P. $68 per kg) with a minimum purchase of 500g","food, confectionery, snacks, sweets, Chinese New Year goodies, biscuits, gifts, gifting",Not verified
Fragrance Foodstuff,"Chinatown 233, 233 New Bridge Road",59441,1/6/2025,31/5/2027,"PASSION MEMBERSHIP PRIVILEGES:
- 25% off Signature Sliced Tender Bak Kwa (U.P. $68 per kg) & Chicken Bak Kwa (U.P. $68 per kg) with a minimum purchase of 500g
- 35% off Crispy Pork Floss & Pork Floss (U.P. $68 per kg) with a minimum purchase of 500g","food, confectionery, snacks, sweets, Chinese New Year goodies, biscuits, gifts, gifting",Not verified
Fragrance Foodstuff,"NEX, 23 Serangoon Central, #03-14",556083,1/6/2025,31/5/2027,"PASSION MEMBERSHIP PRIVILEGES:
- 25% off Signature Sliced Tender Bak Kwa (U.P. $68 per kg) & Chicken Bak Kwa (U.P. $68 per kg) with a minimum purchase of 500g
- 35% off Crispy Pork Floss & Pork Floss (U.P. $68 per kg) with a minimum purchase of 500g","food, confectionery, snacks, sweets, Chinese New Year goodies, biscuits, gifts, gifting",Not verified
Fragrance Foodstuff,"Northpoint City, 930 Yishun Avenue 2, #B2-15",769098,1/6/2025,31/5/2027,"PASSION MEMBERSHIP PRIVILEGES:
- 25% off Signature Sliced Tender Bak Kwa (U.P. $68 per kg) & Chicken Bak Kwa (U.P. $68 per kg) with a minimum purchase of 500g
- 35% off Crispy Pork Floss & Pork Floss (U.P. $68 per kg) with a minimum purchase of 500g","food, confectionery, snacks, sweets, Chinese New Year goodies, biscuits, gifts, gifting",Not verified
Fragrance Foodstuff,"Our Tampines Hub, 51 Tampines Avenue 4, #B1-K17",528523,1/6/2025,31/5/2027,"PASSION MEMBERSHIP PRIVILEGES:
- 25% off Signature Sliced Tender Bak Kwa (U.P. $68 per kg) & Chicken Bak Kwa (U.P. $68 per kg) with a minimum purchase of 500g
- 35% off Crispy Pork Floss & Pork Floss (U.P. $68 per kg) with a minimum purchase of 500g","food, confectionery, snacks, sweets, Chinese New Year goodies, biscuits, gifts, gifting",Not verified
Fragrance Foodstuff,"Pasir Ris Mall, 7 Pasir Ris Central, #B1-K14",519612,1/6/2025,31/5/2027,"PASSION MEMBERSHIP PRIVILEGES:
- 25% off Signature Sliced Tender Bak Kwa (U.P. $68 per kg) & Chicken Bak Kwa (U.P. $68 per kg) with a minimum purchase of 500g
- 35% off Crispy Pork Floss & Pork Floss (U.P. $68 per kg) with a minimum purchase of 500g","food, confectionery, snacks, sweets, Chinese New Year goodies, biscuits, gifts, gifting",Not verified
Fragrance Foodstuff,"Plantation Plaza (Tengah), 127 Plantation Crescent, #B1-11",690127,1/6/2025,31/5/2027,"PASSION MEMBERSHIP PRIVILEGES:
- 25% off Signature Sliced Tender Bak Kwa (U.P. $68 per kg) & Chicken Bak Kwa (U.P. $68 per kg) with a minimum purchase of 500g
- 35% off Crispy Pork Floss & Pork Floss (U.P. $68 per kg) with a minimum purchase of 500g","food, confectionery, snacks, sweets, Chinese New Year goodies, biscuits, gifts, gifting",Not verified
Fragrance Foodstuff,"Rivervale Plaza, 118 Rivervale Drive, #01-22",540118,1/6/2025,31/5/2027,"PASSION MEMBERSHIP PRIVILEGES:
- 25% off Signature Sliced Tender Bak Kwa (U.P. $68 per kg) & Chicken Bak Kwa (U.P. $68 per kg) with a minimum purchase of 500g
- 35% off Crispy Pork Floss & Pork Floss (U.P. $68 per kg) with a minimum purchase of 500g","food, confectionery, snacks, sweets, Chinese New Year goodies, biscuits, gifts, gifting",Not verified
Fragrance Foodstuff,"Sengkang Grand Mall, 70 Compassvale Bow, #B1-02",544692,1/6/2025,31/5/2027,"PASSION MEMBERSHIP PRIVILEGES:
- 25% off Signature Sliced Tender Bak Kwa (U.P. $68 per kg) & Chicken Bak Kwa (U.P. $68 per kg) with a minimum purchase of 500g
- 35% off Crispy Pork Floss & Pork Floss (U.P. $68 per kg) with a minimum purchase of 500g","food, confectionery, snacks, sweets, Chinese New Year goodies, biscuits, gifts, gifting",Not verified
Fragrance Foodstuff,"Shaw Plaza, 360 Balestier Road, #02-07",329783,1/6/2025,31/5/2027,"PASSION MEMBERSHIP PRIVILEGES:
- 25% off Signature Sliced Tender Bak Kwa (U.P. $68 per kg) & Chicken Bak Kwa (U.P. $68 per kg) with a minimum purchase of 500g
- 35% off Crispy Pork Floss & Pork Floss (U.P. $68 per kg) with a minimum purchase of 500g","food, confectionery, snacks, sweets, Chinese New Year goodies, biscuits, gifts, gifting",Not verified
Fragrance Foodstuff,"Sun Plaza, 30 Sembawang Drive, #B1-14",757713,1/6/2025,31/5/2027,"PASSION MEMBERSHIP PRIVILEGES:
- 25% off Signature Sliced Tender Bak Kwa (U.P. $68 per kg) & Chicken Bak Kwa (U.P. $68 per kg) with a minimum purchase of 500g
- 35% off Crispy Pork Floss & Pork Floss (U.P. $68 per kg) with a minimum purchase of 500g","food, confectionery, snacks, sweets, Chinese New Year goodies, biscuits, gifts, gifting",Not verified
Fragrance Foodstuff,"The Seletar Mall, 33 Sengkang West Avenue, #B2-K7",797653,1/6/2025,31/5/2027,"PASSION MEMBERSHIP PRIVILEGES:
- 25% off Signature Sliced Tender Bak Kwa (U.P. $68 per kg) & Chicken Bak Kwa (U.P. $68 per kg) with a minimum purchase of 500g
- 35% off Crispy Pork Floss & Pork Floss (U.P. $68 per kg) with a minimum purchase of 500g","food, confectionery, snacks, sweets, Chinese New Year goodies, biscuits, gifts, gifting",Not verified
Fragrance Foodstuff,"Thomson Plaza, 301 Upper Thomson Road, #01-105",574408,1/6/2025,31/5/2027,"PASSION MEMBERSHIP PRIVILEGES:
- 25% off Signature Sliced Tender Bak Kwa (U.P. $68 per kg) & Chicken Bak Kwa (U.P. $68 per kg) with a minimum purchase of 500g
- 35% off Crispy Pork Floss & Pork Floss (U.P. $68 per kg) with a minimum purchase of 500g","food, confectionery, snacks, sweets, Chinese New Year goodies, biscuits, gifts, gifting",Not verified
Fragrance Foodstuff,"Toa Payoh, Blk 192 Toa Payoh Lorong 4, #01-674",310192,1/6/2025,31/5/2027,"PASSION MEMBERSHIP PRIVILEGES:
- 25% off Signature Sliced Tender Bak Kwa (U.P. $68 per kg) & Chicken Bak Kwa (U.P. $68 per kg) with a minimum purchase of 500g
- 35% off Crispy Pork Floss & Pork Floss (U.P. $68 per kg) with a minimum purchase of 500g","food, confectionery, snacks, sweets, Chinese New Year goodies, biscuits, gifts, gifting",Not verified
Fragrance Foodstuff,"VivoCity, 1 Harbourfront Walk, #B2-K20",98585,1/6/2025,31/5/2027,"PASSION MEMBERSHIP PRIVILEGES:
- 25% off Signature Sliced Tender Bak Kwa (U.P. $68 per kg) & Chicken Bak Kwa (U.P. $68 per kg) with a minimum purchase of 500g
- 35% off Crispy Pork Floss & Pork Floss (U.P. $68 per kg) with a minimum purchase of 500g","food, confectionery, snacks, sweets, Chinese New Year goodies, biscuits, gifts, gifting",Not verified
Fragrance Foodstuff,"888 Plaza, Blk 888 Woodlands Drive 50, #01-751",730888,1/6/2025,31/5/2027,"PASSION MEMBERSHIP PRIVILEGES:
- 25% off Signature Sliced Tender Bak Kwa (U.P. $68 per kg) & Chicken Bak Kwa (U.P. $68 per kg) with a minimum purchase of 500g
- 35% off Crispy Pork Floss & Pork Floss (U.P. $68 per kg) with a minimum purchase of 500g","food, confectionery, snacks, sweets, Chinese New Year goodies, biscuits, gifts, gifting",Not verified
Fragrance Foodstuff,"Yew Tee Point, 21 Choa Chu Kang North 6, #B1-39",689578,1/6/2025,31/5/2027,"PASSION MEMBERSHIP PRIVILEGES:
- 25% off Signature Sliced Tender Bak Kwa (U.P. $68 per kg) & Chicken Bak Kwa (U.P. $68 per kg) with a minimum purchase of 500g
- 35% off Crispy Pork Floss & Pork Floss (U.P. $68 per kg) with a minimum purchase of 500g","food, confectionery, snacks, sweets, Chinese New Year goodies, biscuits, gifts, gifting",Not verified
Fragrance Foodstuff,"Khatib, Blk 846 Yishun Ring Road, #01-3629",760846,1/6/2025,31/5/2027,"PASSION MEMBERSHIP PRIVILEGES:
- 25% off Signature Sliced Tender Bak Kwa (U.P. $68 per kg) & Chicken Bak Kwa (U.P. $68 per kg) with a minimum purchase of 500g
- 35% off Crispy Pork Floss & Pork Floss (U.P. $68 per kg) with a minimum purchase of 500g","food, confectionery, snacks, sweets, Chinese New Year goodies, biscuits, gifts, gifting",Not verified
Fragrance Foodstuff,"Yishun Street 22, Blk 292 Yishun Street 22, #01-263",760292,1/6/2025,31/5/2027,"PASSION MEMBERSHIP PRIVILEGES:
- 25% off Signature Sliced Tender Bak Kwa (U.P. $68 per kg) & Chicken Bak Kwa (U.P. $68 per kg) with a minimum purchase of 500g
- 35% off Crispy Pork Floss & Pork Floss (U.P. $68 per kg) with a minimum purchase of 500g","food, confectionery, snacks, sweets, Chinese New Year goodies, biscuits, gifts, gifting",Not verified
Frontier Healthcare,"FRONTIER MEDICAL ASSOCIATES (ADMIRALTY): Blk 691 Woodlands Drive 73, #01-04",730691,-,-,"BLACK PASSION MEMBERSHIP PRIVILEGES:
- Flu Vaccination @ $35.30
- Post Screening Consultation @ $34.30  
- Health Screening Packages
- Basic @ $58.90
- Standard @ $86.30
- Enhanced @ $125.60
- Deluxe @ $233.50
- Premier @ $380.60

PASSION SILVER / PLATINUM MEMBERSHIP PRIVILEGES:
- Flu Vaccination @ $33.40
- Post Screening Consultation @ $32.40
- Health Screening Packages
- Basic @ $55.60
- Standard @ $81.50
- Enhanced @ $118.60
- Deluxe @ $220.50
- Premier @ $359.50","healthcare, medical clinic, doctors, family medicine, health screening, medical services",Not verified
Frontier Healthcare,"FRONTIER MEDICAL ASSOCIATES (ANG MO KIO): Blk 163 Ang Mo Kio Avenue 4, #01-426",560163,-,-,"BLACK PASSION MEMBERSHIP PRIVILEGES:
- Flu Vaccination @ $35.30
- Post Screening Consultation @ $34.30  
- Health Screening Packages
- Basic @ $58.90
- Standard @ $86.30
- Enhanced @ $125.60
- Deluxe @ $233.50
- Premier @ $380.60

PASSION SILVER / PLATINUM MEMBERSHIP PRIVILEGES:
- Flu Vaccination @ $33.40
- Post Screening Consultation @ $32.40
- Health Screening Packages
- Basic @ $55.60
- Standard @ $81.50
- Enhanced @ $118.60
- Deluxe @ $220.50
- Premier @ $359.50","healthcare, medical clinic, doctors, family medicine, health screening, medical services",Not verified
Frontier Healthcare,"FRONTIER MEDICAL ASSOCIATES (BUANGKOK): Blk 982 Buangkok Crescent, #01-03",530982,-,-,"BLACK PASSION MEMBERSHIP PRIVILEGES:
- Flu Vaccination @ $35.30
- Post Screening Consultation @ $34.30  
- Health Screening Packages
- Basic @ $58.90
- Standard @ $86.30
- Enhanced @ $125.60
- Deluxe @ $233.50
- Premier @ $380.60

PASSION SILVER / PLATINUM MEMBERSHIP PRIVILEGES:
- Flu Vaccination @ $33.40
- Post Screening Consultation @ $32.40
- Health Screening Packages
- Basic @ $55.60
- Standard @ $81.50
- Enhanced @ $118.60
- Deluxe @ $220.50
- Premier @ $359.50","healthcare, medical clinic, doctors, family medicine, health screening, medical services",Not verified
Frontier Healthcare,"FRONTIER MEDICAL ASSOCIATES (BUKIT BATOK WEST RIDGES): Blk 440 Bukit Batok West Avenue 8, #01-05",650440,-,-,"BLACK PASSION MEMBERSHIP PRIVILEGES:
- Flu Vaccination @ $35.30
- Post Screening Consultation @ $34.30  
- Health Screening Packages
- Basic @ $58.90
- Standard @ $86.30
- Enhanced @ $125.60
- Deluxe @ $233.50
- Premier @ $380.60

PASSION SILVER / PLATINUM MEMBERSHIP PRIVILEGES:
- Flu Vaccination @ $33.40
- Post Screening Consultation @ $32.40
- Health Screening Packages
- Basic @ $55.60
- Standard @ $81.50
- Enhanced @ $118.60
- Deluxe @ $220.50
- Premier @ $359.50","healthcare, medical clinic, doctors, family medicine, health screening, medical services",Not verified
Frontier Healthcare,"FRONTIER MEDICAL ASSOCIATES (CANBERRA): Blk 105 Canberra Street, #01-11",750105,-,-,"BLACK PASSION MEMBERSHIP PRIVILEGES:
- Flu Vaccination @ $35.30
- Post Screening Consultation @ $34.30  
- Health Screening Packages
- Basic @ $58.90
- Standard @ $86.30
- Enhanced @ $125.60
- Deluxe @ $233.50
- Premier @ $380.60

PASSION SILVER / PLATINUM MEMBERSHIP PRIVILEGES:
- Flu Vaccination @ $33.40
- Post Screening Consultation @ $32.40
- Health Screening Packages
- Basic @ $55.60
- Standard @ $81.50
- Enhanced @ $118.60
- Deluxe @ $220.50
- Premier @ $359.50","healthcare, medical clinic, doctors, family medicine, health screening, medical services",Not verified
Frontier Healthcare,"FRONTIER MEDICAL (CIRCUIT ROAD): 64 Circuit Road, #01-339",370064,-,-,"BLACK PASSION MEMBERSHIP PRIVILEGES:
- Flu Vaccination @ $35.30
- Post Screening Consultation @ $34.30  
- Health Screening Packages
- Basic @ $58.90
- Standard @ $86.30
- Enhanced @ $125.60
- Deluxe @ $233.50
- Premier @ $380.60

PASSION SILVER / PLATINUM MEMBERSHIP PRIVILEGES:
- Flu Vaccination @ $33.40
- Post Screening Consultation @ $32.40
- Health Screening Packages
- Basic @ $55.60
- Standard @ $81.50
- Enhanced @ $118.60
- Deluxe @ $220.50
- Premier @ $359.50","healthcare, medical clinic, doctors, family medicine, health screening, medical services",Not verified
Frontier Healthcare,"FRONTIER FAMILY MEDICINE CLINIC (CLEMENTI): 3151 Commonwealth Avenue West, #04-01, Grantral Mall @ Clementi",129581,-,-,"BLACK PASSION MEMBERSHIP PRIVILEGES:
- Flu Vaccination @ $35.30
- Post Screening Consultation @ $34.30  
- Health Screening Packages
- Basic @ $58.90
- Standard @ $86.30
- Enhanced @ $125.60
- Deluxe @ $233.50
- Premier @ $380.60

PASSION SILVER / PLATINUM MEMBERSHIP PRIVILEGES:
- Flu Vaccination @ $33.40
- Post Screening Consultation @ $32.40
- Health Screening Packages
- Basic @ $55.60
- Standard @ $81.50
- Enhanced @ $118.60
- Deluxe @ $220.50
- Premier @ $359.50","healthcare, medical clinic, doctors, family medicine, health screening, medical services",Not verified
Frontier Healthcare,"FRONTIER PEOPLE’S CLINIC: Blk 123 Bedok North Street 2, #01-152",460123,-,-,"BLACK PASSION MEMBERSHIP PRIVILEGES:
- Flu Vaccination @ $35.30
- Post Screening Consultation @ $34.30  
- Health Screening Packages
- Basic @ $58.90
- Standard @ $86.30
- Enhanced @ $125.60
- Deluxe @ $233.50
- Premier @ $380.60

PASSION SILVER / PLATINUM MEMBERSHIP PRIVILEGES:
- Flu Vaccination @ $33.40
- Post Screening Consultation @ $32.40
- Health Screening Packages
- Basic @ $55.60
- Standard @ $81.50
- Enhanced @ $118.60
- Deluxe @ $220.50
- Premier @ $359.50","healthcare, medical clinic, doctors, family medicine, health screening, medical services",Not verified
Frontier Healthcare,FRONTIER MEDICAL (GEYLANG): 494 Geylang Road,389452,-,-,"BLACK PASSION MEMBERSHIP PRIVILEGES:
- Flu Vaccination @ $35.30
- Post Screening Consultation @ $34.30  
- Health Screening Packages
- Basic @ $58.90
- Standard @ $86.30
- Enhanced @ $125.60
- Deluxe @ $233.50
- Premier @ $380.60

PASSION SILVER / PLATINUM MEMBERSHIP PRIVILEGES:
- Flu Vaccination @ $33.40
- Post Screening Consultation @ $32.40
- Health Screening Packages
- Basic @ $55.60
- Standard @ $81.50
- Enhanced @ $118.60
- Deluxe @ $220.50
- Premier @ $359.50","healthcare, medical clinic, doctors, family medicine, health screening, medical services",Not verified
Frontier Healthcare,"FRONTIER MEDICAL ASSOCIATES (JURONG WEST): Blk 678D Jurong West Street 64, #01-347",644678,-,-,"BLACK PASSION MEMBERSHIP PRIVILEGES:
- Flu Vaccination @ $35.30
- Post Screening Consultation @ $34.30  
- Health Screening Packages
- Basic @ $58.90
- Standard @ $86.30
- Enhanced @ $125.60
- Deluxe @ $233.50
- Premier @ $380.60

PASSION SILVER / PLATINUM MEMBERSHIP PRIVILEGES:
- Flu Vaccination @ $33.40
- Post Screening Consultation @ $32.40
- Health Screening Packages
- Basic @ $55.60
- Standard @ $81.50
- Enhanced @ $118.60
- Deluxe @ $220.50
- Premier @ $359.50","healthcare, medical clinic, doctors, family medicine, health screening, medical services",Not verified
Frontier Healthcare,"FRONTIER MEDICAL (TOWNER ROAD): 150 Towner Road, #02-04",320150,-,-,"BLACK PASSION MEMBERSHIP PRIVILEGES:
- Flu Vaccination @ $35.30
- Post Screening Consultation @ $34.30  
- Health Screening Packages
- Basic @ $58.90
- Standard @ $86.30
- Enhanced @ $125.60
- Deluxe @ $233.50
- Premier @ $380.60

PASSION SILVER / PLATINUM MEMBERSHIP PRIVILEGES:
- Flu Vaccination @ $33.40
- Post Screening Consultation @ $32.40
- Health Screening Packages
- Basic @ $55.60
- Standard @ $81.50
- Enhanced @ $118.60
- Deluxe @ $220.50
- Premier @ $359.50","healthcare, medical clinic, doctors, family medicine, health screening, medical services",Not verified
Frontier Healthcare,"FRONTIER MEDICAL ASSOCIATES (UBI): Blk 304 Ubi Avenue 1, #01-87",400304,-,-,"BLACK PASSION MEMBERSHIP PRIVILEGES:
- Flu Vaccination @ $35.30
- Post Screening Consultation @ $34.30  
- Health Screening Packages
- Basic @ $58.90
- Standard @ $86.30
- Enhanced @ $125.60
- Deluxe @ $233.50
- Premier @ $380.60

PASSION SILVER / PLATINUM MEMBERSHIP PRIVILEGES:
- Flu Vaccination @ $33.40
- Post Screening Consultation @ $32.40
- Health Screening Packages
- Basic @ $55.60
- Standard @ $81.50
- Enhanced @ $118.60
- Deluxe @ $220.50
- Premier @ $359.50","healthcare, medical clinic, doctors, family medicine, health screening, medical services",Not verified
Frontier Healthcare,"FRONTIER MEDICAL ASSOCIATES BUKIT BATOK (WEST TERRA): Blk 451 Bukit Batok West Avenue 6, #01-07",650451,-,-,"BLACK PASSION MEMBERSHIP PRIVILEGES:
- Flu Vaccination @ $35.30
- Post Screening Consultation @ $34.30  
- Health Screening Packages
- Basic @ $58.90
- Standard @ $86.30
- Enhanced @ $125.60
- Deluxe @ $233.50
- Premier @ $380.60

PASSION SILVER / PLATINUM MEMBERSHIP PRIVILEGES:
- Flu Vaccination @ $33.40
- Post Screening Consultation @ $32.40
- Health Screening Packages
- Basic @ $55.60
- Standard @ $81.50
- Enhanced @ $118.60
- Deluxe @ $220.50
- Premier @ $359.50","healthcare, medical clinic, doctors, family medicine, health screening, medical services",Not verified
Frontier Healthcare,"FRONTIER MEDICAL ASSOCIATES (WOODLANDS): Blk 899C Woodlands Drive 50, #01-296",732899,-,-,"BLACK PASSION MEMBERSHIP PRIVILEGES:
- Flu Vaccination @ $35.30
- Post Screening Consultation @ $34.30  
- Health Screening Packages
- Basic @ $58.90
- Standard @ $86.30
- Enhanced @ $125.60
- Deluxe @ $233.50
- Premier @ $380.60

PASSION SILVER / PLATINUM MEMBERSHIP PRIVILEGES:
- Flu Vaccination @ $33.40
- Post Screening Consultation @ $32.40
- Health Screening Packages
- Basic @ $55.60
- Standard @ $81.50
- Enhanced @ $118.60
- Deluxe @ $220.50
- Premier @ $359.50","healthcare, medical clinic, doctors, family medicine, health screening, medical services",Not verified
Frontier Healthcare,"FRONTIER MEDICAL ASSOCIATES (YISHUN): Blk 654 Yishun Avenue 4, #01-437",760654,-,-,"BLACK PASSION MEMBERSHIP PRIVILEGES:
- Flu Vaccination @ $35.30
- Post Screening Consultation @ $34.30  
- Health Screening Packages
- Basic @ $58.90
- Standard @ $86.30
- Enhanced @ $125.60
- Deluxe @ $233.50
- Premier @ $380.60

PASSION SILVER / PLATINUM MEMBERSHIP PRIVILEGES:
- Flu Vaccination @ $33.40
- Post Screening Consultation @ $32.40
- Health Screening Packages
- Basic @ $55.60
- Standard @ $81.50
- Enhanced @ $118.60
- Deluxe @ $220.50
- Premier @ $359.50","healthcare, medical clinic, doctors, family medicine, health screening, medical services",Not verified
Fullerton Health,"Fullerton Healthcare @ Drs Trythall Hoy Davies: Jurong Point, 1 Jurong West Central 2, #B1A-19B",648886,-,-,"PASSION MEMBERSHIP PRIVILEGES:
- Fullerton Medical Clinics:
  - General Practice (GP) services
  - Consultation $20 nett
  - Influenza (4-in-1) $35 nett

- Basic Health Screening and Executive Health Screening packages available

- Physio Services
  - Initial (60 mins) $217.46 nett
  - Follow-Up (30 mins) $155.33 nett
  - Follow-Up (45 mins) $186.40 nett
  - Follow-Up (60 mins) $217.46 nett

- Hand Therapy
  - Initial (60 mins) $217.46 nett
  - Follow-Up (30 mins) $155.33 nett
  - Follow-Up (45 mins) $186.40 nett

- Podiatry
  - Podiatry Assessment $186.40 nett

PASSION SILVER MEMBERSHIP PRIVILEGES:
- Fullerton Medical Clinics:
  - General Practice (GP) services
  - Consultation $16.50 nett
  - Influenza (4-in-1) $33 nett
  - 20-Valent Pneumococcal Conjugate (PCV20) @ $207.10 nett
  - Shingles (2 Doses) @ $764 nett

- Basic Health Screening and Executive Health Screening packages available","healthcare, medical, clinic, doctors, health screening, corporate health, medical services",Not verified
Fullerton Health,"Fullerton Health Hub @ Hougang Green, 21 Hougang Street 51, #01-46/47",538719,-,-,"PASSION MEMBERSHIP PRIVILEGES:
- Fullerton Medical Clinics:
  - General Practice (GP) services
  - Consultation $20 nett
  - Influenza (4-in-1) $35 nett

- Basic Health Screening and Executive Health Screening packages available

- Physio Services
  - Initial (60 mins) $217.46 nett
  - Follow-Up (30 mins) $155.33 nett
  - Follow-Up (45 mins) $186.40 nett
  - Follow-Up (60 mins) $217.46 nett

- Hand Therapy
  - Initial (60 mins) $217.46 nett
  - Follow-Up (30 mins) $155.33 nett
  - Follow-Up (45 mins) $186.40 nett

- Podiatry
  - Podiatry Assessment $186.40 nett

PASSION SILVER MEMBERSHIP PRIVILEGES:
- Fullerton Medical Clinics:
  - General Practice (GP) services
  - Consultation $16.50 nett
  - Influenza (4-in-1) $33 nett
  - 20-Valent Pneumococcal Conjugate (PCV20) @ $207.10 nett
  - Shingles (2 Doses) @ $764 nett

- Basic Health Screening and Executive Health Screening packages available","healthcare, medical, clinic, doctors, health screening, corporate health, medical services",Not verified
Fullerton Health,"Fullerton Health Hub @ Pasir Ris: 7 Pasir Ris Central, #02-424",519612,-,-,"PASSION MEMBERSHIP PRIVILEGES:
- Fullerton Medical Clinics:
  - General Practice (GP) services
  - Consultation $20 nett
  - Influenza (4-in-1) $35 nett

- Basic Health Screening and Executive Health Screening packages available

- Physio Services
  - Initial (60 mins) $217.46 nett
  - Follow-Up (30 mins) $155.33 nett
  - Follow-Up (45 mins) $186.40 nett
  - Follow-Up (60 mins) $217.46 nett

- Hand Therapy
  - Initial (60 mins) $217.46 nett
  - Follow-Up (30 mins) $155.33 nett
  - Follow-Up (45 mins) $186.40 nett

- Podiatry
  - Podiatry Assessment $186.40 nett

PASSION SILVER MEMBERSHIP PRIVILEGES:
- Fullerton Medical Clinics:
  - General Practice (GP) services
  - Consultation $16.50 nett
  - Influenza (4-in-1) $33 nett
  - 20-Valent Pneumococcal Conjugate (PCV20) @ $207.10 nett
  - Shingles (2 Doses) @ $764 nett

- Basic Health Screening and Executive Health Screening packages available","healthcare, medical, clinic, doctors, health screening, corporate health, medical services",Not verified
Fullerton Health,"Fullerton Healthcare @ Ngee Ann City Tower B: 391B Orchard Road, #25-01/07/08",238874,-,-,"PASSION MEMBERSHIP PRIVILEGES:
- Fullerton Medical Clinics:
  - General Practice (GP) services
  - Consultation $20 nett
  - Influenza (4-in-1) $35 nett

- Basic Health Screening and Executive Health Screening packages available

- Physio Services
  - Initial (60 mins) $217.46 nett
  - Follow-Up (30 mins) $155.33 nett
  - Follow-Up (45 mins) $186.40 nett
  - Follow-Up (60 mins) $217.46 nett

- Hand Therapy
  - Initial (60 mins) $217.46 nett
  - Follow-Up (30 mins) $155.33 nett
  - Follow-Up (45 mins) $186.40 nett

- Podiatry
  - Podiatry Assessment $186.40 nett

PASSION SILVER MEMBERSHIP PRIVILEGES:
- Fullerton Medical Clinics:
  - General Practice (GP) services
  - Consultation $16.50 nett
  - Influenza (4-in-1) $33 nett
  - 20-Valent Pneumococcal Conjugate (PCV20) @ $207.10 nett
  - Shingles (2 Doses) @ $764 nett

- Basic Health Screening and Executive Health Screening packages available","healthcare, medical, clinic, doctors, health screening, corporate health, medical services",Not verified
Fullerton Health,"Fullerton Healthcare @ Novena Square Tower B: 238B Thomson Road, #05-01/08",307685,-,-,"PASSION MEMBERSHIP PRIVILEGES:
- Fullerton Medical Clinics:
  - General Practice (GP) services
  - Consultation $20 nett
  - Influenza (4-in-1) $35 nett

- Basic Health Screening and Executive Health Screening packages available

- Physio Services
  - Initial (60 mins) $217.46 nett
  - Follow-Up (30 mins) $155.33 nett
  - Follow-Up (45 mins) $186.40 nett
  - Follow-Up (60 mins) $217.46 nett

- Hand Therapy
  - Initial (60 mins) $217.46 nett
  - Follow-Up (30 mins) $155.33 nett
  - Follow-Up (45 mins) $186.40 nett

- Podiatry
  - Podiatry Assessment $186.40 nett

PASSION SILVER MEMBERSHIP PRIVILEGES:
- Fullerton Medical Clinics:
  - General Practice (GP) services
  - Consultation $16.50 nett
  - Influenza (4-in-1) $33 nett
  - 20-Valent Pneumococcal Conjugate (PCV20) @ $207.10 nett
  - Shingles (2 Doses) @ $764 nett

- Basic Health Screening and Executive Health Screening packages available","healthcare, medical, clinic, doctors, health screening, corporate health, medical services",Not verified
Fullerton Health,"Fullerton Healthcare @ Ocean Financial Centre: 10 Collyer Quay, #03-08/09",49315,-,-,"PASSION MEMBERSHIP PRIVILEGES:
- Fullerton Medical Clinics:
  - General Practice (GP) services
  - Consultation $20 nett
  - Influenza (4-in-1) $35 nett

- Basic Health Screening and Executive Health Screening packages available

- Physio Services
  - Initial (60 mins) $217.46 nett
  - Follow-Up (30 mins) $155.33 nett
  - Follow-Up (45 mins) $186.40 nett
  - Follow-Up (60 mins) $217.46 nett

- Hand Therapy
  - Initial (60 mins) $217.46 nett
  - Follow-Up (30 mins) $155.33 nett
  - Follow-Up (45 mins) $186.40 nett

- Podiatry
  - Podiatry Assessment $186.40 nett

PASSION SILVER MEMBERSHIP PRIVILEGES:
- Fullerton Medical Clinics:
  - General Practice (GP) services
  - Consultation $16.50 nett
  - Influenza (4-in-1) $33 nett
  - 20-Valent Pneumococcal Conjugate (PCV20) @ $207.10 nett
  - Shingles (2 Doses) @ $764 nett

- Basic Health Screening and Executive Health Screening packages available","healthcare, medical, clinic, doctors, health screening, corporate health, medical services",Not verified
Fullerton Health,"Fullerton Healthcare @ Gethin Jones: 78 Shenton Way, #04-01",79120,-,-,"PASSION MEMBERSHIP PRIVILEGES:
- Fullerton Medical Clinics:
  - General Practice (GP) services
  - Consultation $20 nett
  - Influenza (4-in-1) $35 nett

- Basic Health Screening and Executive Health Screening packages available

- Physio Services
  - Initial (60 mins) $217.46 nett
  - Follow-Up (30 mins) $155.33 nett
  - Follow-Up (45 mins) $186.40 nett
  - Follow-Up (60 mins) $217.46 nett

- Hand Therapy
  - Initial (60 mins) $217.46 nett
  - Follow-Up (30 mins) $155.33 nett
  - Follow-Up (45 mins) $186.40 nett

- Podiatry
  - Podiatry Assessment $186.40 nett

PASSION SILVER MEMBERSHIP PRIVILEGES:
- Fullerton Medical Clinics:
  - General Practice (GP) services
  - Consultation $16.50 nett
  - Influenza (4-in-1) $33 nett
  - 20-Valent Pneumococcal Conjugate (PCV20) @ $207.10 nett
  - Shingles (2 Doses) @ $764 nett

- Basic Health Screening and Executive Health Screening packages available","healthcare, medical, clinic, doctors, health screening, corporate health, medical services",Not verified
Fullerton Health,"Fullerton Healthcare @ Marina Bay Financial Centre: 10 Marina Boulevard, Tower 2, #01-03",18983,-,-,"PASSION MEMBERSHIP PRIVILEGES:
- Fullerton Medical Clinics:
  - General Practice (GP) services
  - Consultation $20 nett
  - Influenza (4-in-1) $35 nett

- Basic Health Screening and Executive Health Screening packages available

- Physio Services
  - Initial (60 mins) $217.46 nett
  - Follow-Up (30 mins) $155.33 nett
  - Follow-Up (45 mins) $186.40 nett
  - Follow-Up (60 mins) $217.46 nett

- Hand Therapy
  - Initial (60 mins) $217.46 nett
  - Follow-Up (30 mins) $155.33 nett
  - Follow-Up (45 mins) $186.40 nett

- Podiatry
  - Podiatry Assessment $186.40 nett

PASSION SILVER MEMBERSHIP PRIVILEGES:
- Fullerton Medical Clinics:
  - General Practice (GP) services
  - Consultation $16.50 nett
  - Influenza (4-in-1) $33 nett
  - 20-Valent Pneumococcal Conjugate (PCV20) @ $207.10 nett
  - Shingles (2 Doses) @ $764 nett

- Basic Health Screening and Executive Health Screening packages available","healthcare, medical, clinic, doctors, health screening, corporate health, medical services",Not verified
Fullerton Health,"Fullerton Healthcare @ Gethin Jones, Nanyang Technological University (NTU): 38 Nanyang Avenue, Medical Centre @ NTU",639798,-,-,"PASSION MEMBERSHIP PRIVILEGES:
- Fullerton Medical Clinics:
  - General Practice (GP) services
  - Consultation $20 nett
  - Influenza (4-in-1) $35 nett

- Basic Health Screening and Executive Health Screening packages available

- Physio Services
  - Initial (60 mins) $217.46 nett
  - Follow-Up (30 mins) $155.33 nett
  - Follow-Up (45 mins) $186.40 nett
  - Follow-Up (60 mins) $217.46 nett

- Hand Therapy
  - Initial (60 mins) $217.46 nett
  - Follow-Up (30 mins) $155.33 nett
  - Follow-Up (45 mins) $186.40 nett

- Podiatry
  - Podiatry Assessment $186.40 nett

PASSION SILVER MEMBERSHIP PRIVILEGES:
- Fullerton Medical Clinics:
  - General Practice (GP) services
  - Consultation $16.50 nett
  - Influenza (4-in-1) $33 nett
  - 20-Valent Pneumococcal Conjugate (PCV20) @ $207.10 nett
  - Shingles (2 Doses) @ $764 nett

- Basic Health Screening and Executive Health Screening packages available","healthcare, medical, clinic, doctors, health screening, corporate health, medical services",Not verified
Fullerton Health,"Fullerton Healthcare Screening Centre @ Ngee Ann City: 391B Orchard Road, The Penthouse, Ngee Ann City Tower B, #26-02",238874,-,-,"PASSION MEMBERSHIP PRIVILEGES:
- Fullerton Medical Clinics:
  - General Practice (GP) services
  - Consultation $20 nett
  - Influenza (4-in-1) $35 nett

- Basic Health Screening and Executive Health Screening packages available

- Physio Services
  - Initial (60 mins) $217.46 nett
  - Follow-Up (30 mins) $155.33 nett
  - Follow-Up (45 mins) $186.40 nett
  - Follow-Up (60 mins) $217.46 nett

- Hand Therapy
  - Initial (60 mins) $217.46 nett
  - Follow-Up (30 mins) $155.33 nett
  - Follow-Up (45 mins) $186.40 nett

- Podiatry
  - Podiatry Assessment $186.40 nett

PASSION SILVER MEMBERSHIP PRIVILEGES:
- Fullerton Medical Clinics:
  - General Practice (GP) services
  - Consultation $16.50 nett
  - Influenza (4-in-1) $33 nett
  - 20-Valent Pneumococcal Conjugate (PCV20) @ $207.10 nett
  - Shingles (2 Doses) @ $764 nett

- Basic Health Screening and Executive Health Screening packages available","healthcare, medical, clinic, doctors, health screening, corporate health, medical services",Not verified
Fullerton Health,"Urban Rehab @ Ngee Ann City, 391B Orchard Road, #25-03/07/08, Tower B",238874,-,-,"PASSION MEMBERSHIP PRIVILEGES:
- Fullerton Medical Clinics:
  - General Practice (GP) services
  - Consultation $20 nett
  - Influenza (4-in-1) $35 nett

- Basic Health Screening and Executive Health Screening packages available

- Physio Services
  - Initial (60 mins) $217.46 nett
  - Follow-Up (30 mins) $155.33 nett
  - Follow-Up (45 mins) $186.40 nett
  - Follow-Up (60 mins) $217.46 nett

- Hand Therapy
  - Initial (60 mins) $217.46 nett
  - Follow-Up (30 mins) $155.33 nett
  - Follow-Up (45 mins) $186.40 nett

- Podiatry
  - Podiatry Assessment $186.40 nett

PASSION SILVER MEMBERSHIP PRIVILEGES:
- Fullerton Medical Clinics:
  - General Practice (GP) services
  - Consultation $16.50 nett
  - Influenza (4-in-1) $33 nett
  - 20-Valent Pneumococcal Conjugate (PCV20) @ $207.10 nett
  - Shingles (2 Doses) @ $764 nett

- Basic Health Screening and Executive Health Screening packages available","healthcare, medical, clinic, doctors, health screening, corporate health, medical services",Not verified
Fullerton Health,"Urban Rehab @ Novena, 238B Thomson Road, Level 5 Novena Square (Office Tower B)",307685,-,-,"PASSION MEMBERSHIP PRIVILEGES:
- Fullerton Medical Clinics:
  - General Practice (GP) services
  - Consultation $20 nett
  - Influenza (4-in-1) $35 nett

- Basic Health Screening and Executive Health Screening packages available

- Physio Services
  - Initial (60 mins) $217.46 nett
  - Follow-Up (30 mins) $155.33 nett
  - Follow-Up (45 mins) $186.40 nett
  - Follow-Up (60 mins) $217.46 nett

- Hand Therapy
  - Initial (60 mins) $217.46 nett
  - Follow-Up (30 mins) $155.33 nett
  - Follow-Up (45 mins) $186.40 nett

- Podiatry
  - Podiatry Assessment $186.40 nett

PASSION SILVER MEMBERSHIP PRIVILEGES:
- Fullerton Medical Clinics:
  - General Practice (GP) services
  - Consultation $16.50 nett
  - Influenza (4-in-1) $33 nett
  - 20-Valent Pneumococcal Conjugate (PCV20) @ $207.10 nett
  - Shingles (2 Doses) @ $764 nett

- Basic Health Screening and Executive Health Screening packages available","healthcare, medical, clinic, doctors, health screening, corporate health, medical services",Not verified
Fullerton Health,"Urban Rehab @ Paragon, Paragon Medical Centre, 290 Orchard Road, #15-11",238859,-,-,"PASSION MEMBERSHIP PRIVILEGES:
- Fullerton Medical Clinics:
  - General Practice (GP) services
  - Consultation $20 nett
  - Influenza (4-in-1) $35 nett

- Basic Health Screening and Executive Health Screening packages available

- Physio Services
  - Initial (60 mins) $217.46 nett
  - Follow-Up (30 mins) $155.33 nett
  - Follow-Up (45 mins) $186.40 nett
  - Follow-Up (60 mins) $217.46 nett

- Hand Therapy
  - Initial (60 mins) $217.46 nett
  - Follow-Up (30 mins) $155.33 nett
  - Follow-Up (45 mins) $186.40 nett

- Podiatry
  - Podiatry Assessment $186.40 nett

PASSION SILVER MEMBERSHIP PRIVILEGES:
- Fullerton Medical Clinics:
  - General Practice (GP) services
  - Consultation $16.50 nett
  - Influenza (4-in-1) $33 nett
  - 20-Valent Pneumococcal Conjugate (PCV20) @ $207.10 nett
  - Shingles (2 Doses) @ $764 nett

- Basic Health Screening and Executive Health Screening packages available","healthcare, medical, clinic, doctors, health screening, corporate health, medical services",Not verified
Fullerton Health,"Urban Rehab @ RB Capital, Capital Building, 22 Malacca Street, #03-03 RB",48980,-,-,"PASSION MEMBERSHIP PRIVILEGES:
- Fullerton Medical Clinics:
  - General Practice (GP) services
  - Consultation $20 nett
  - Influenza (4-in-1) $35 nett

- Basic Health Screening and Executive Health Screening packages available

- Physio Services
  - Initial (60 mins) $217.46 nett
  - Follow-Up (30 mins) $155.33 nett
  - Follow-Up (45 mins) $186.40 nett
  - Follow-Up (60 mins) $217.46 nett

- Hand Therapy
  - Initial (60 mins) $217.46 nett
  - Follow-Up (30 mins) $155.33 nett
  - Follow-Up (45 mins) $186.40 nett

- Podiatry
  - Podiatry Assessment $186.40 nett

PASSION SILVER MEMBERSHIP PRIVILEGES:
- Fullerton Medical Clinics:
  - General Practice (GP) services
  - Consultation $16.50 nett
  - Influenza (4-in-1) $33 nett
  - 20-Valent Pneumococcal Conjugate (PCV20) @ $207.10 nett
  - Shingles (2 Doses) @ $764 nett

- Basic Health Screening and Executive Health Screening packages available","healthcare, medical, clinic, doctors, health screening, corporate health, medical services",Not verified
Furama City Centre Singapore,"Furama City Centre Singapore, 60 Eu Tong Sen Street",59804,1/6/2026,31/12/2027,"PASSION MEMBERSHIP PRIVILEGES:
- Additional 12% off best available online room rates (Promo code: PASSION12)
- 8% off FURAMAkids Stay, Eat, Play Room Package (Promo code: PASSION12)
- 20% off Furama Gastronomic E-delivery (Promo code: PASSION20)
- 20% off a la carte food bill at Tiffany Café and Restaurant or Lobby Lounge
- 20% off Tiffany’s buffet lunch and dinner
  - Lunch Buffet (Mon - Sun): $55.00++
  - Dinner Buffet (Mon - Sun): $59.00++","hotel, accommodation, travel, Chinatown, staycation, dining, meetings, events",Not verified
Furama City Centre Singapore,"Tiffany Café & Restaurant, 60 Eu Tong Sen Street, Level 2",59804,1/6/2026,31/12/2027,"PASSION MEMBERSHIP PRIVILEGES:
- Additional 12% off best available online room rates (Promo code: PASSION12)
- 8% off FURAMAkids Stay, Eat, Play Room Package (Promo code: PASSION12)
- 20% off Furama Gastronomic E-delivery (Promo code: PASSION20)
- 20% off a la carte food bill at Tiffany Café and Restaurant or Lobby Lounge
- 20% off Tiffany’s buffet lunch and dinner
  - Lunch Buffet (Mon - Sun): $55.00++
  - Dinner Buffet (Mon - Sun): $59.00++","hotel, accommodation, travel, Chinatown, staycation, dining, meetings, events",Not verified
Furama RiverFront,"Furama Riverfront Singapore, 405 Havelock Road",169633,1/6/2026,31/12/2027,"PASSION MEMBERSHIP PRIVILEGES:
- Additional 12% off best available online room rates. (Promo code: PASSION12)
- 8% off FURAMAkids Stay, Eat, Play Room Package (Promo code: PASSION12)
- 20% off a la carte food bill @ Waterfall Lounge and All Day Dining at Apollo
- 20% off Kintamani’s buffet lunch and dinner
  - Weekday Buffet Lunch (Mon - Thu) $45.00++
  - Weekday Buffet Dinner (Mon - Thu) $48.00++
  - Weekend Buffet Lunch (Fri - Sun) $48.00++
  - Weekend Buffet Dinner (Fri - Sun) $52.00++
- 20% off Furama Gastronomic E-delivery (Promo code: PASSION20)","hotel, accommodation, travel, staycation, dining, meetings, events, family",Not verified
Furama RiverFront,"Kintamani Restaurant, 405 Havelock Road, Level 3",169633,1/6/2026,31/12/2027,"PASSION MEMBERSHIP PRIVILEGES:
- Additional 12% off best available online room rates. (Promo code: PASSION12)
- 8% off FURAMAkids Stay, Eat, Play Room Package (Promo code: PASSION12)
- 20% off a la carte food bill @ Waterfall Lounge and All Day Dining at Apollo
- 20% off Kintamani’s buffet lunch and dinner
  - Weekday Buffet Lunch (Mon - Thu) $45.00++
  - Weekday Buffet Dinner (Mon - Thu) $48.00++
  - Weekend Buffet Lunch (Fri - Sun) $48.00++
  - Weekend Buffet Dinner (Fri - Sun) $52.00++
- 20% off Furama Gastronomic E-delivery (Promo code: PASSION20)","hotel, accommodation, travel, staycation, dining, meetings, events, family",Not verified
Furama RiverFront,"Waterfall Lounge, 405 Havelock Road, Level 1",169633,1/6/2026,31/12/2027,"PASSION MEMBERSHIP PRIVILEGES:
- Additional 12% off best available online room rates. (Promo code: PASSION12)
- 8% off FURAMAkids Stay, Eat, Play Room Package (Promo code: PASSION12)
- 20% off a la carte food bill @ Waterfall Lounge and All Day Dining at Apollo
- 20% off Kintamani’s buffet lunch and dinner
  - Weekday Buffet Lunch (Mon - Thu) $45.00++
  - Weekday Buffet Dinner (Mon - Thu) $48.00++
  - Weekend Buffet Lunch (Fri - Sun) $48.00++
  - Weekend Buffet Dinner (Fri - Sun) $52.00++
- 20% off Furama Gastronomic E-delivery (Promo code: PASSION20)","hotel, accommodation, travel, staycation, dining, meetings, events, family",Not verified
Gain City,"Ang Mo Kio, 8 Ang Mo Kio Industrial Park 2",569500,1/11/2025,30/10/2026,"BLACK PASSION MEMBERSHIP PRIVILEGE:
- 10% off aircon servicing

PASSION SILVER / PLATINUM MEMBERSHIP PRIVILEGE:
- 12% off aircon servicing","electronics, appliances, home appliances, TV, audio, kitchen appliances, aircon, home",Not verified
Gain City,"Bedok Mall, 311 New Upper Changi Road, #B1-59",467360,1/11/2025,30/10/2026,"BLACK PASSION MEMBERSHIP PRIVILEGE:
- 10% off aircon servicing

PASSION SILVER / PLATINUM MEMBERSHIP PRIVILEGE:
- 12% off aircon servicing","electronics, appliances, home appliances, TV, audio, kitchen appliances, aircon, home",Not verified
Gain City,"Causeway Point, 1 Woodlands Square, #04-23",738099,1/11/2025,30/10/2026,"BLACK PASSION MEMBERSHIP PRIVILEGE:
- 10% off aircon servicing

PASSION SILVER / PLATINUM MEMBERSHIP PRIVILEGE:
- 12% off aircon servicing","electronics, appliances, home appliances, TV, audio, kitchen appliances, aircon, home",Not verified
Gain City,"Funan Mall, 107 North Bridge Road, #03-11 & #03-K08",179105,1/11/2025,30/10/2026,"BLACK PASSION MEMBERSHIP PRIVILEGE:
- 10% off aircon servicing

PASSION SILVER / PLATINUM MEMBERSHIP PRIVILEGE:
- 12% off aircon servicing","electronics, appliances, home appliances, TV, audio, kitchen appliances, aircon, home",Not verified
Gain City,"IMM, 2 Jurong East Street 21, #03-14",609601,1/11/2025,30/10/2026,"BLACK PASSION MEMBERSHIP PRIVILEGE:
- 10% off aircon servicing

PASSION SILVER / PLATINUM MEMBERSHIP PRIVILEGE:
- 12% off aircon servicing","electronics, appliances, home appliances, TV, audio, kitchen appliances, aircon, home",Not verified
Gain City,"Marina Square, 6 Raffles Boulevard, #03-223/232",39594,1/11/2025,30/10/2026,"BLACK PASSION MEMBERSHIP PRIVILEGE:
- 10% off aircon servicing

PASSION SILVER / PLATINUM MEMBERSHIP PRIVILEGE:
- 12% off aircon servicing","electronics, appliances, home appliances, TV, audio, kitchen appliances, aircon, home",Not verified
Gain City,"Northpoint City, 1 Northpoint Drive, #B1-126/127",768019,1/11/2025,30/10/2026,"BLACK PASSION MEMBERSHIP PRIVILEGE:
- 10% off aircon servicing

PASSION SILVER / PLATINUM MEMBERSHIP PRIVILEGE:
- 12% off aircon servicing","electronics, appliances, home appliances, TV, audio, kitchen appliances, aircon, home",Not verified
Gain City,"Sungei Kadut Megastore, 71 Sungei Kadut Drive",729577,1/11/2025,30/10/2026,"BLACK PASSION MEMBERSHIP PRIVILEGE:
- 10% off aircon servicing

PASSION SILVER / PLATINUM MEMBERSHIP PRIVILEGE:
- 12% off aircon servicing","electronics, appliances, home appliances, TV, audio, kitchen appliances, aircon, home",Not verified
Gain City,"Tampines 1, 10 Tampines Central 1, #B1-10/11/12",529536,1/11/2025,30/10/2026,"BLACK PASSION MEMBERSHIP PRIVILEGE:
- 10% off aircon servicing

PASSION SILVER / PLATINUM MEMBERSHIP PRIVILEGE:
- 12% off aircon servicing","electronics, appliances, home appliances, TV, audio, kitchen appliances, aircon, home",Not verified
Gain City,"Towner Road, Blk 102 Towner Road, #01-252",322102,1/11/2025,30/10/2026,"BLACK PASSION MEMBERSHIP PRIVILEGE:
- 10% off aircon servicing

PASSION SILVER / PLATINUM MEMBERSHIP PRIVILEGE:
- 12% off aircon servicing","electronics, appliances, home appliances, TV, audio, kitchen appliances, aircon, home",Not verified
Gain City,"VivoCity, 1 Harbourfront Walk, #B1-21",98585,1/11/2025,30/10/2026,"BLACK PASSION MEMBERSHIP PRIVILEGE:
- 10% off aircon servicing

PASSION SILVER / PLATINUM MEMBERSHIP PRIVILEGE:
- 12% off aircon servicing","electronics, appliances, home appliances, TV, audio, kitchen appliances, aircon, home",Not verified
Gain City,"Waterway Point, 83 Punggol Central, #B1-35",828761,1/11/2025,30/10/2026,"BLACK PASSION MEMBERSHIP PRIVILEGE:
- 10% off aircon servicing

PASSION SILVER / PLATINUM MEMBERSHIP PRIVILEGE:
- 12% off aircon servicing","electronics, appliances, home appliances, TV, audio, kitchen appliances, aircon, home",Not verified
Gardens by the Bay,18 Marina Gardens Drive,18953,1/5/2025,30/4/2026,"PASSION MEMBERSHIP PRIVILEGE:
- 10% off Flower Dome Singapore Resident Admission Ticket","attractions, gardens, nature, flowers, family, tourism, sightseeing, exhibitions, events",Not verified
Gim Tim Group,"Blk 157 Ang Mo Kio Avenue 4, #01-546",560157,1/2/2026,31/1/2027,"BLACK PASSION MEMBERSHIP PRIVILEGE:
- 10% off weekday dine-in

PASSION SILVER / PLATINUM MEMBERSHIP PRIVILEGE:
- 10% off weekday dine-in with 2 free desserts (U.P. $5 each)","food, restaurant, Chinese food, zi char, seafood, family dining, dim sum",Not verified
Giordano,"AMK Hub, 53 Ang Mo Kio Avenue 3, #B1-59/60/61",569933,1/9/2026,31/8/2027,"BLACK PASSION MEMBERSHIP PRIVILEGES:
- 10% off regular-priced items
- Additional 10% off discounted items

PASSION SILVER / PLATINUM MEMBERSHIP PRIVILEGES:
- 15% off regular-priced items
- Additional 15% off discounted items","fashion, apparel, clothing, t-shirts, shirts, pants, casual wear, menswear, womenswear, lifestyle",Not verified
Giordano,"Bedok Mall, 311 New Upper Changi Road, #01-49/50/51",467360,1/9/2026,31/8/2027,"BLACK PASSION MEMBERSHIP PRIVILEGES:
- 10% off regular-priced items
- Additional 10% off discounted items

PASSION SILVER / PLATINUM MEMBERSHIP PRIVILEGES:
- 15% off regular-priced items
- Additional 15% off discounted items","fashion, apparel, clothing, t-shirts, shirts, pants, casual wear, menswear, womenswear, lifestyle",Not verified
Giordano,"Bugis Junction, 200 Victoria Street, #02-18",188021,1/9/2026,31/8/2027,"BLACK PASSION MEMBERSHIP PRIVILEGES:
- 10% off regular-priced items
- Additional 10% off discounted items

PASSION SILVER / PLATINUM MEMBERSHIP PRIVILEGES:
- 15% off regular-priced items
- Additional 15% off discounted items","fashion, apparel, clothing, t-shirts, shirts, pants, casual wear, menswear, womenswear, lifestyle",Not verified
Giordano,"Causeway Point, 1 Woodlands Square, #01-22",738099,1/9/2026,31/8/2027,"BLACK PASSION MEMBERSHIP PRIVILEGES:
- 10% off regular-priced items
- Additional 10% off discounted items

PASSION SILVER / PLATINUM MEMBERSHIP PRIVILEGES:
- 15% off regular-priced items
- Additional 15% off discounted items","fashion, apparel, clothing, t-shirts, shirts, pants, casual wear, menswear, womenswear, lifestyle",Not verified
Giordano,"Changi City Point, 5 Changi Business Park Central 1, #02-04/05",486038,1/9/2026,31/8/2027,"BLACK PASSION MEMBERSHIP PRIVILEGES:
- 10% off regular-priced items
- Additional 10% off discounted items

PASSION SILVER / PLATINUM MEMBERSHIP PRIVILEGES:
- 15% off regular-priced items
- Additional 15% off discounted items","fashion, apparel, clothing, t-shirts, shirts, pants, casual wear, menswear, womenswear, lifestyle",Not verified
Giordano,"Chinatown Point, 133 New Bridge Road, #02-05/06/07",59413,1/9/2026,31/8/2027,"BLACK PASSION MEMBERSHIP PRIVILEGES:
- 10% off regular-priced items
- Additional 10% off discounted items

PASSION SILVER / PLATINUM MEMBERSHIP PRIVILEGES:
- 15% off regular-priced items
- Additional 15% off discounted items","fashion, apparel, clothing, t-shirts, shirts, pants, casual wear, menswear, womenswear, lifestyle",Not verified
Giordano,"City Square Mall, 180 Kitchener Road, #01-27",208539,1/9/2026,31/8/2027,"BLACK PASSION MEMBERSHIP PRIVILEGES:
- 10% off regular-priced items
- Additional 10% off discounted items

PASSION SILVER / PLATINUM MEMBERSHIP PRIVILEGES:
- 15% off regular-priced items
- Additional 15% off discounted items","fashion, apparel, clothing, t-shirts, shirts, pants, casual wear, menswear, womenswear, lifestyle",Not verified
Giordano,"Compass One, 1 Sengkang Square, #01-30",545078,1/9/2026,31/8/2027,"BLACK PASSION MEMBERSHIP PRIVILEGES:
- 10% off regular-priced items
- Additional 10% off discounted items

PASSION SILVER / PLATINUM MEMBERSHIP PRIVILEGES:
- 15% off regular-priced items
- Additional 15% off discounted items","fashion, apparel, clothing, t-shirts, shirts, pants, casual wear, menswear, womenswear, lifestyle",Not verified
Giordano,"Hougang Mall, 90 Hougang Avenue 10, #02-04/05",538766,1/9/2026,31/8/2027,"BLACK PASSION MEMBERSHIP PRIVILEGES:
- 10% off regular-priced items
- Additional 10% off discounted items

PASSION SILVER / PLATINUM MEMBERSHIP PRIVILEGES:
- 15% off regular-priced items
- Additional 15% off discounted items","fashion, apparel, clothing, t-shirts, shirts, pants, casual wear, menswear, womenswear, lifestyle",Not verified
Giordano,"IMM, 2 Jurong East Street 21, #01-63",609601,1/9/2026,31/8/2027,"BLACK PASSION MEMBERSHIP PRIVILEGES:
- 10% off regular-priced items
- Additional 10% off discounted items

PASSION SILVER / PLATINUM MEMBERSHIP PRIVILEGES:
- 15% off regular-priced items
- Additional 15% off discounted items","fashion, apparel, clothing, t-shirts, shirts, pants, casual wear, menswear, womenswear, lifestyle",Not verified
Giordano,"Jem, 50 Jurong Gateway Road, #02-11",608549,1/9/2026,31/8/2027,"BLACK PASSION MEMBERSHIP PRIVILEGES:
- 10% off regular-priced items
- Additional 10% off discounted items

PASSION SILVER / PLATINUM MEMBERSHIP PRIVILEGES:
- 15% off regular-priced items
- Additional 15% off discounted items","fashion, apparel, clothing, t-shirts, shirts, pants, casual wear, menswear, womenswear, lifestyle",Not verified
Giordano,"Jurong Point, 1 Jurong West Central 2, #01-22/25",648886,1/9/2026,31/8/2027,"BLACK PASSION MEMBERSHIP PRIVILEGES:
- 10% off regular-priced items
- Additional 10% off discounted items

PASSION SILVER / PLATINUM MEMBERSHIP PRIVILEGES:
- 15% off regular-priced items
- Additional 15% off discounted items","fashion, apparel, clothing, t-shirts, shirts, pants, casual wear, menswear, womenswear, lifestyle",Not verified
Giordano,"Lot One Shoppers' Mall, 21 Choa Chu Kang Avenue 4, #01-15/16/17",689812,1/9/2026,31/8/2027,"BLACK PASSION MEMBERSHIP PRIVILEGES:
- 10% off regular-priced items
- Additional 10% off discounted items

PASSION SILVER / PLATINUM MEMBERSHIP PRIVILEGES:
- 15% off regular-priced items
- Additional 15% off discounted items","fashion, apparel, clothing, t-shirts, shirts, pants, casual wear, menswear, womenswear, lifestyle",Not verified
Giordano,"Lucky Plaza, 304 Orchard Road, #B1-06/07",238863,1/9/2026,31/8/2027,"BLACK PASSION MEMBERSHIP PRIVILEGES:
- 10% off regular-priced items
- Additional 10% off discounted items

PASSION SILVER / PLATINUM MEMBERSHIP PRIVILEGES:
- 15% off regular-priced items
- Additional 15% off discounted items","fashion, apparel, clothing, t-shirts, shirts, pants, casual wear, menswear, womenswear, lifestyle",Not verified
Giordano,"NEX, 23 Serangoon Central, #02-36/37",556083,1/9/2026,31/8/2027,"BLACK PASSION MEMBERSHIP PRIVILEGES:
- 10% off regular-priced items
- Additional 10% off discounted items

PASSION SILVER / PLATINUM MEMBERSHIP PRIVILEGES:
- 15% off regular-priced items
- Additional 15% off discounted items","fashion, apparel, clothing, t-shirts, shirts, pants, casual wear, menswear, womenswear, lifestyle",Not verified
Giordano,"Northpoint City, 930 Yishun Avenue 2, #02-12/13, North Wing",769098,1/9/2026,31/8/2027,"BLACK PASSION MEMBERSHIP PRIVILEGES:
- 10% off regular-priced items
- Additional 10% off discounted items

PASSION SILVER / PLATINUM MEMBERSHIP PRIVILEGES:
- 15% off regular-priced items
- Additional 15% off discounted items","fashion, apparel, clothing, t-shirts, shirts, pants, casual wear, menswear, womenswear, lifestyle",Not verified
Giordano,"Pasir Ris Mall, 7 Pasir Ris Central, #02-27/27B",519612,1/9/2026,31/8/2027,"BLACK PASSION MEMBERSHIP PRIVILEGES:
- 10% off regular-priced items
- Additional 10% off discounted items

PASSION SILVER / PLATINUM MEMBERSHIP PRIVILEGES:
- 15% off regular-priced items
- Additional 15% off discounted items","fashion, apparel, clothing, t-shirts, shirts, pants, casual wear, menswear, womenswear, lifestyle",Not verified
Giordano,"Suntec City Mall, 3 Temasek Boulevard, #02-479",38983,1/9/2026,31/8/2027,"BLACK PASSION MEMBERSHIP PRIVILEGES:
- 10% off regular-priced items
- Additional 10% off discounted items

PASSION SILVER / PLATINUM MEMBERSHIP PRIVILEGES:
- 15% off regular-priced items
- Additional 15% off discounted items","fashion, apparel, clothing, t-shirts, shirts, pants, casual wear, menswear, womenswear, lifestyle",Not verified
Giordano,"Tampines Mall, 4 Tampines Central 5, #02-04/05",529510,1/9/2026,31/8/2027,"BLACK PASSION MEMBERSHIP PRIVILEGES:
- 10% off regular-priced items
- Additional 10% off discounted items

PASSION SILVER / PLATINUM MEMBERSHIP PRIVILEGES:
- 15% off regular-priced items
- Additional 15% off discounted items","fashion, apparel, clothing, t-shirts, shirts, pants, casual wear, menswear, womenswear, lifestyle",Not verified
Giordano,"The Clementi Mall, 3155 Commonwealth Avenue West, #03-09",129588,1/9/2026,31/8/2027,"BLACK PASSION MEMBERSHIP PRIVILEGES:
- 10% off regular-priced items
- Additional 10% off discounted items

PASSION SILVER / PLATINUM MEMBERSHIP PRIVILEGES:
- 15% off regular-priced items
- Additional 15% off discounted items","fashion, apparel, clothing, t-shirts, shirts, pants, casual wear, menswear, womenswear, lifestyle",Not verified
Giordano,"Tiong Bahru Plaza, 302 Tiong Bahru Road, #02-129",168732,1/9/2026,31/8/2027,"BLACK PASSION MEMBERSHIP PRIVILEGES:
- 10% off regular-priced items
- Additional 10% off discounted items

PASSION SILVER / PLATINUM MEMBERSHIP PRIVILEGES:
- 15% off regular-priced items
- Additional 15% off discounted items","fashion, apparel, clothing, t-shirts, shirts, pants, casual wear, menswear, womenswear, lifestyle",Not verified
Giordano,"Toa Payoh (Interchange), Blk 530 Toa Payoh Centre Lorong 6, #01-09",310530,1/9/2026,31/8/2027,"BLACK PASSION MEMBERSHIP PRIVILEGES:
- 10% off regular-priced items
- Additional 10% off discounted items

PASSION SILVER / PLATINUM MEMBERSHIP PRIVILEGES:
- 15% off regular-priced items
- Additional 15% off discounted items","fashion, apparel, clothing, t-shirts, shirts, pants, casual wear, menswear, womenswear, lifestyle",Not verified
Giordano,"Velocity @ Novena Square, 238 Thomson Road, #02-15",307683,1/9/2026,31/8/2027,"BLACK PASSION MEMBERSHIP PRIVILEGES:
- 10% off regular-priced items
- Additional 10% off discounted items

PASSION SILVER / PLATINUM MEMBERSHIP PRIVILEGES:
- 15% off regular-priced items
- Additional 15% off discounted items","fashion, apparel, clothing, t-shirts, shirts, pants, casual wear, menswear, womenswear, lifestyle",Not verified
Giordano,"West Mall, 1 Bukit Batok Central Link, #01-30",658713,1/9/2026,31/8/2027,"BLACK PASSION MEMBERSHIP PRIVILEGES:
- 10% off regular-priced items
- Additional 10% off discounted items

PASSION SILVER / PLATINUM MEMBERSHIP PRIVILEGES:
- 15% off regular-priced items
- Additional 15% off discounted items","fashion, apparel, clothing, t-shirts, shirts, pants, casual wear, menswear, womenswear, lifestyle",Not verified
Giordano,"White Sands, 1 Pasir Ris Central Street 3, #01-04/05/06",518457,1/9/2026,31/8/2027,"BLACK PASSION MEMBERSHIP PRIVILEGES:
- 10% off regular-priced items
- Additional 10% off discounted items

PASSION SILVER / PLATINUM MEMBERSHIP PRIVILEGES:
- 15% off regular-priced items
- Additional 15% off discounted items","fashion, apparel, clothing, t-shirts, shirts, pants, casual wear, menswear, womenswear, lifestyle",Not verified
Giordano,"Changi Airport Terminal 2, 60 Airport Boulevard, #02-160, Departure Transit Lounge North",819643,1/9/2026,31/8/2027,"BLACK PASSION MEMBERSHIP PRIVILEGES:
- 10% off regular-priced items
- Additional 10% off discounted items

PASSION SILVER / PLATINUM MEMBERSHIP PRIVILEGES:
- 15% off regular-priced items
- Additional 15% off discounted items","fashion, apparel, clothing, t-shirts, shirts, pants, casual wear, menswear, womenswear, lifestyle",Not verified
giordano ladies,"Raffles City Shopping Centre, 252 North Bridge Road, #03-34",179103,1/8/2025,31/7/2026,"BLACK PASSION MEMBERSHIP PRIVILEGE:
- 10% off regular-priced items

PASSION SILVER / PLATINUM MEMBERSHIP PRIVILEGE:
- 15% off regular-priced items","fashion, apparel, womenswear, women, clothing, shirts, dresses, casual wear, accessories",Not verified
giordano ladies,"Suntec City Mall, 3 Temasek Boulevard, #01-368",38983,1/8/2025,31/7/2026,"BLACK PASSION MEMBERSHIP PRIVILEGE:
- 10% off regular-priced items

PASSION SILVER / PLATINUM MEMBERSHIP PRIVILEGE:
- 15% off regular-priced items","fashion, apparel, womenswear, women, clothing, shirts, dresses, casual wear, accessories",Not verified
giordano ladies,"Wisma Atria, 435 Orchard Road, #01-06/07",238877,1/8/2025,31/7/2026,"BLACK PASSION MEMBERSHIP PRIVILEGE:
- 10% off regular-priced items

PASSION SILVER / PLATINUM MEMBERSHIP PRIVILEGE:
- 15% off regular-priced items","fashion, apparel, womenswear, women, clothing, shirts, dresses, casual wear, accessories",Not verified
Goldlion,"ARC (Alexandra Retail Centre), 460 Alexandra Road, #01-28",119963,1/3/2026,28/2/2027,"BLACK PASSION MEMBERSHIP PRIVILEGES:
- 25% off regular-priced items 
- Additional 5% off sales items

PASSION SILVER / PLATINUM MEMBERSHIP PRIVILEGES:
- 30% off regular-priced items
- Additional 5% off sales items","fashion, menswear, apparel, shirts, ties, accessories, wallets, belts, gifts",Not verified
Goldlion,"IMM, 2 Jurong East Street 21, #01-30",609601,1/3/2026,28/2/2027,"BLACK PASSION MEMBERSHIP PRIVILEGES:
- 25% off regular-priced items 
- Additional 5% off sales items

PASSION SILVER / PLATINUM MEMBERSHIP PRIVILEGES:
- 30% off regular-priced items
- Additional 5% off sales items","fashion, menswear, apparel, shirts, ties, accessories, wallets, belts, gifts",Not verified
Goldlion,"Jurong Point, 1 Jurong West Central 2, #01-06",648886,1/3/2026,28/2/2027,"BLACK PASSION MEMBERSHIP PRIVILEGES:
- 25% off regular-priced items 
- Additional 5% off sales items

PASSION SILVER / PLATINUM MEMBERSHIP PRIVILEGES:
- 30% off regular-priced items
- Additional 5% off sales items","fashion, menswear, apparel, shirts, ties, accessories, wallets, belts, gifts",Not verified
Goldlion,"VivoCity, 1 Harbourfront Walk, #02-233",98585,1/3/2026,28/2/2027,"BLACK PASSION MEMBERSHIP PRIVILEGES:
- 25% off regular-priced items 
- Additional 5% off sales items

PASSION SILVER / PLATINUM MEMBERSHIP PRIVILEGES:
- 30% off regular-priced items
- Additional 5% off sales items","fashion, menswear, apparel, shirts, ties, accessories, wallets, belts, gifts",Not verified
Goldlion,"Bugis Junction, BHG Bugis, 200 Victoria Street",188021,1/3/2026,28/2/2027,"BLACK PASSION MEMBERSHIP PRIVILEGES:
- 25% off regular-priced items 
- Additional 5% off sales items

PASSION SILVER / PLATINUM MEMBERSHIP PRIVILEGES:
- 30% off regular-priced items
- Additional 5% off sales items","fashion, menswear, apparel, shirts, ties, accessories, wallets, belts, gifts",Not verified
Goldlion,"Causeway Point, Metro Woodlands, 1 Woodlands Square, #01-18/19",738099,1/3/2026,28/2/2027,"BLACK PASSION MEMBERSHIP PRIVILEGES:
- 25% off regular-priced items 
- Additional 5% off sales items

PASSION SILVER / PLATINUM MEMBERSHIP PRIVILEGES:
- 30% off regular-priced items
- Additional 5% off sales items","fashion, menswear, apparel, shirts, ties, accessories, wallets, belts, gifts",Not verified
Goldlion,"60 Albert Street, OG Albert",189969,1/3/2026,28/2/2027,"BLACK PASSION MEMBERSHIP PRIVILEGES:
- 25% off regular-priced items 
- Additional 5% off sales items

PASSION SILVER / PLATINUM MEMBERSHIP PRIVILEGES:
- 30% off regular-priced items
- Additional 5% off sales items","fashion, menswear, apparel, shirts, ties, accessories, wallets, belts, gifts",Not verified
Goldlion,"100 Upper Cross Street, OG People's Park",58360,1/3/2026,28/2/2027,"BLACK PASSION MEMBERSHIP PRIVILEGES:
- 25% off regular-priced items 
- Additional 5% off sales items

PASSION SILVER / PLATINUM MEMBERSHIP PRIVILEGES:
- 30% off regular-priced items
- Additional 5% off sales items","fashion, menswear, apparel, shirts, ties, accessories, wallets, belts, gifts",Not verified
Goldlion,"VivoCity, Tangs Vivo, 1 HarbourFront Walk, #01-187 & #02-189",98585,1/3/2026,28/2/2027,"BLACK PASSION MEMBERSHIP PRIVILEGES:
- 25% off regular-priced items 
- Additional 5% off sales items

PASSION SILVER / PLATINUM MEMBERSHIP PRIVILEGES:
- 30% off regular-priced items
- Additional 5% off sales items","fashion, menswear, apparel, shirts, ties, accessories, wallets, belts, gifts",Not verified
Gong Yuan Mala Tang,"18 Tai Seng, 18 Tai Seng Street, #01-03/04",539775,1/10/2025,30/9/2026,"PASSION MEMBERSHIP PRIVILEGE:
- 5% off total bill","food, mala, spicy, Chinese food, hotpot, noodles, soup, casual dining, takeaway",Not verified
Gong Yuan Mala Tang,"AMK Hub, 53 Ang Mo Kio Avenue 3, #02-15/16",569933,1/10/2025,30/9/2026,"PASSION MEMBERSHIP PRIVILEGE:
- 5% off total bill","food, mala, spicy, Chinese food, hotpot, noodles, soup, casual dining, takeaway",Not verified
Gong Yuan Mala Tang,"Century Square, 2 Tampines Central 5, #01-34",529509,1/10/2025,30/9/2026,"PASSION MEMBERSHIP PRIVILEGE:
- 5% off total bill","food, mala, spicy, Chinese food, hotpot, noodles, soup, casual dining, takeaway",Not verified
Gong Yuan Mala Tang,"Changi City Point, 5 Changi Business Park Central 1, #B1-51/52",486038,1/10/2025,30/9/2026,"PASSION MEMBERSHIP PRIVILEGE:
- 5% off total bill","food, mala, spicy, Chinese food, hotpot, noodles, soup, casual dining, takeaway",Not verified
Gong Yuan Mala Tang,"Chinatown Point, 133 New Bridge Road, #02-43/44",59413,1/10/2025,30/9/2026,"PASSION MEMBERSHIP PRIVILEGE:
- 5% off total bill","food, mala, spicy, Chinese food, hotpot, noodles, soup, casual dining, takeaway",Not verified
Gong Yuan Mala Tang,"Downtown East, 1 Pasir Ris Close, #02-324",519599,1/10/2025,30/9/2026,"PASSION MEMBERSHIP PRIVILEGE:
- 5% off total bill","food, mala, spicy, Chinese food, hotpot, noodles, soup, casual dining, takeaway",Not verified
Gong Yuan Mala Tang,"Funan Mall, 107 North Bridge Road, #B2-09",179105,1/10/2025,30/9/2026,"PASSION MEMBERSHIP PRIVILEGE:
- 5% off total bill","food, mala, spicy, Chinese food, hotpot, noodles, soup, casual dining, takeaway",Not verified
Gong Yuan Mala Tang,"Great World City, 1 Kim Seng Promenade, #01-141",529509,1/10/2025,30/9/2026,"PASSION MEMBERSHIP PRIVILEGE:
- 5% off total bill","food, mala, spicy, Chinese food, hotpot, noodles, soup, casual dining, takeaway",Not verified
Gong Yuan Mala Tang,"Heartland Mall, 205 Hougang Street 21, #02-15",530205,1/10/2025,30/9/2026,"PASSION MEMBERSHIP PRIVILEGE:
- 5% off total bill","food, mala, spicy, Chinese food, hotpot, noodles, soup, casual dining, takeaway",Not verified
Gong Yuan Mala Tang,"Hillion Mall, 17 Petir Road, #01-03/04",678278,1/10/2025,30/9/2026,"PASSION MEMBERSHIP PRIVILEGE:
- 5% off total bill","food, mala, spicy, Chinese food, hotpot, noodles, soup, casual dining, takeaway",Not verified
Gong Yuan Mala Tang,"IMM, 2 Jurong East Street 21, #02-52",609601,1/10/2025,30/9/2026,"PASSION MEMBERSHIP PRIVILEGE:
- 5% off total bill","food, mala, spicy, Chinese food, hotpot, noodles, soup, casual dining, takeaway",Not verified
Gong Yuan Mala Tang,"NEX, 23 Serangoon Central, #03-17",556083,1/10/2025,30/9/2026,"PASSION MEMBERSHIP PRIVILEGE:
- 5% off total bill","food, mala, spicy, Chinese food, hotpot, noodles, soup, casual dining, takeaway",Not verified
Gong Yuan Mala Tang,"Northpoint City, 930 Yishun Avenue 2, #B1-153, South Wing",769098,1/10/2025,30/9/2026,"PASSION MEMBERSHIP PRIVILEGE:
- 5% off total bill","food, mala, spicy, Chinese food, hotpot, noodles, soup, casual dining, takeaway",Not verified
Gong Yuan Mala Tang,"Our Tampines Hub, 1 Tampines Walk, #01-96/97",528523,1/10/2025,30/9/2026,"PASSION MEMBERSHIP PRIVILEGE:
- 5% off total bill","food, mala, spicy, Chinese food, hotpot, noodles, soup, casual dining, takeaway",Not verified
Gong Yuan Mala Tang,"Square 2, 10 Sinaran Drive, #03-06-08",307506,1/10/2025,30/9/2026,"PASSION MEMBERSHIP PRIVILEGE:
- 5% off total bill","food, mala, spicy, Chinese food, hotpot, noodles, soup, casual dining, takeaway",Not verified
Gong Yuan Mala Tang,"Sun Plaza, 30 Sembawang Drive, #01-24",757713,1/10/2025,30/9/2026,"PASSION MEMBERSHIP PRIVILEGE:
- 5% off total bill","food, mala, spicy, Chinese food, hotpot, noodles, soup, casual dining, takeaway",Not verified
Gong Yuan Mala Tang,"Suntec City Mall, 3 Temasek Boulevard, #B1-176",38983,1/10/2025,30/9/2026,"PASSION MEMBERSHIP PRIVILEGE:
- 5% off total bill","food, mala, spicy, Chinese food, hotpot, noodles, soup, casual dining, takeaway",Not verified
Gong Yuan Mala Tang,"Tang Plaza, 310 Orchard Road, #B1-04",238864,1/10/2025,30/9/2026,"PASSION MEMBERSHIP PRIVILEGE:
- 5% off total bill","food, mala, spicy, Chinese food, hotpot, noodles, soup, casual dining, takeaway",Not verified
Gong Yuan Mala Tang,"The Centrepoint, 176 Orchard Road, #02-52 & #02-K01",238843,1/10/2025,30/9/2026,"PASSION MEMBERSHIP PRIVILEGE:
- 5% off total bill","food, mala, spicy, Chinese food, hotpot, noodles, soup, casual dining, takeaway",Not verified
Gong Yuan Mala Tang,"The Clementi Mall, 3155 Commonwealth Avenue West, #B1-28/29",129588,1/10/2025,30/9/2026,"PASSION MEMBERSHIP PRIVILEGE:
- 5% off total bill","food, mala, spicy, Chinese food, hotpot, noodles, soup, casual dining, takeaway",Not verified
Gong Yuan Mala Tang,"The Rail Mall, 454 Upper Bukit Timah Road",678071,1/10/2025,30/9/2026,"PASSION MEMBERSHIP PRIVILEGE:
- 5% off total bill","food, mala, spicy, Chinese food, hotpot, noodles, soup, casual dining, takeaway",Not verified
Gong Yuan Mala Tang,"The Seletar Mall, 33 Sengkang West Avenue, #02-K7",797653,1/10/2025,30/9/2026,"PASSION MEMBERSHIP PRIVILEGE:
- 5% off total bill","food, mala, spicy, Chinese food, hotpot, noodles, soup, casual dining, takeaway",Not verified
Gong Yuan Mala Tang,"The Woodleigh Mall, 11 Bidadari Park Drive, #B1-K51/K52",367803,1/10/2025,30/9/2026,"PASSION MEMBERSHIP PRIVILEGE:
- 5% off total bill","food, mala, spicy, Chinese food, hotpot, noodles, soup, casual dining, takeaway",Not verified
Gong Yuan Mala Tang,"Tiong Bahru Plaza, 302 Tiong Bahru Road, #02-113",168732,1/10/2025,30/9/2026,"PASSION MEMBERSHIP PRIVILEGE:
- 5% off total bill","food, mala, spicy, Chinese food, hotpot, noodles, soup, casual dining, takeaway",Not verified
Gong Yuan Mala Tang,"VivoCity, 1 Harbourfront Walk, #B2-31",98585,1/10/2025,30/9/2026,"PASSION MEMBERSHIP PRIVILEGE:
- 5% off total bill","food, mala, spicy, Chinese food, hotpot, noodles, soup, casual dining, takeaway",Not verified
Gong Yuan Mala Tang,"Waterway Point, 83 Punggol Central, #02-21",828761,1/10/2025,30/9/2026,"PASSION MEMBERSHIP PRIVILEGE:
- 5% off total bill","food, mala, spicy, Chinese food, hotpot, noodles, soup, casual dining, takeaway",Not verified
Gong Yuan Mala Tang,"Yew Tee Point, 21 Choa Chu Kang North 6, #01-18",689578,1/10/2025,30/9/2026,"PASSION MEMBERSHIP PRIVILEGE:
- 5% off total bill","food, mala, spicy, Chinese food, hotpot, noodles, soup, casual dining, takeaway",Not verified
GOPIZZA,"KAP Mall, 9 King Albert Park, #01-27",598332,1/12/2025,30/11/2026,"PASSION MEMBERSHIP PRIVILEGE:
- $5 off a la carte items with a minimum spending of $30","food, pizza, Korean pizza, fast food, takeaway, snacks, individual pizza, cheese",Not verified
GOPIZZA,"Suntec City, 3 Temasek Boulevard, #01-365",38983,1/12/2025,30/11/2026,"PASSION MEMBERSHIP PRIVILEGE:
- $5 off a la carte items with a minimum spending of $30","food, pizza, Korean pizza, fast food, takeaway, snacks, individual pizza, cheese",Not verified
GOURMET PARADISE,"Marina Square, 6 Raffles Boulevard, #02-180 to 183",39594,1/1/2026,31/12/2026,"PASSION SILVER MEMBERSHIP PRIVILEGE:   
- Kaya Butter Bun + Hot Coffee / Tea @ $2.50 on Mon - Fri from 3:00 PM - 5:00 PM (U.P. $2.80 - $3.20)","food, gourmet food, dining, restaurant, buffet, catering, premium food",Not verified
GOURMET PARADISE,"Oasis Terraces, 681 Punggol Drive, #04-01",820681,1/1/2026,31/12/2026,"PASSION SILVER MEMBERSHIP PRIVILEGE:   
- Kaya Butter Bun + Hot Coffee / Tea @ $2.50 on Mon - Fri from 3:00 PM - 5:00 PM (U.P. $2.80 - $3.20)","food, gourmet food, dining, restaurant, buffet, catering, premium food",Not verified
GOURMET PARADISE,"Toa Payoh Hub, 480 Toa Payoh Lorong 6, #B1-01",310480,1/1/2026,31/12/2026,"PASSION SILVER MEMBERSHIP PRIVILEGE:   
- Kaya Butter Bun + Hot Coffee / Tea @ $2.50 on Mon - Fri from 3:00 PM - 5:00 PM (U.P. $2.80 - $3.20)","food, gourmet food, dining, restaurant, buffet, catering, premium food",Not verified
Grand Mercure Singapore Roxy,"50 East Coast Road, Roxy Square, Level 3",428769,1/1/2026,31/12/2026,"PASSION MEMBERSHIP PRIVILEGE:
- 15% off total food bill @ Feast Asia","hotel, accommodation, travel, Katong, staycation, dining, meetings, events",Not verified
Grand Park City Hall,"Grand Park City Hall, 10 Coleman Street",179809,1/2/2026,31/1/2027,"PASSION MEMBERSHIP PRIVILEGES:
- 38% off Best Flexible Rate (Promo Code: GOVACAY)
- 20% off ala carte food & beverage items @ Tablescape Restaurant & Bar (Dine-In Only)","hotel, accommodation, travel, City Hall, staycation, dining, meetings, events",Not verified
Grand Park City Hall,"Tablescape Restaurant & Bar, 10 Coleman Street, Level 3",179809,1/2/2026,31/1/2027,"PASSION MEMBERSHIP PRIVILEGES:
- 38% off Best Flexible Rate (Promo Code: GOVACAY)
- 20% off ala carte food & beverage items @ Tablescape Restaurant & Bar (Dine-In Only)","hotel, accommodation, travel, City Hall, staycation, dining, meetings, events",Not verified
Griddy Grid,"275 Beach Road, #01-01",199549,1/11/2025,31/10/2026,"PASSION MEMBERSHIP PRIVILEGE:
- 10% off admission tickets","sports, recreation, games, entertainment, youth, activities",Not verified
Griddy Grid,"Changi Airport Terminal 2 (Near link bridge to Jewel), #03-03",819643,1/11/2025,31/10/2026,"PASSION MEMBERSHIP PRIVILEGE:
- 10% off admission tickets","sports, recreation, games, entertainment, youth, activities",Not verified
Haig Road Putu Piring,"Century Square, 2 Tampines Central 5, #03-19, The Food Mall",529509,1/6/2026,31/5/2027,"BLACK PASSION MEMBERSHIP PRIVILEGE:
- Free 1 box of 3 pcs of Gula Melaka Putu Piring (U.P. $3) with a minimum spending of $15

PASSION SILVER / PLATINUM MEMBERSHIP PRIVILEGE:
- Free 1 box of 4 pcs of Gula Melaka Putu Piring (U.P. $3.50) with a minimum spending of $15","food, Malay food, Singaporean food, putu piring, dessert, snacks, traditional food",Not verified
Haig Road Putu Piring,"Geylang Serai Market, 1 Geylang Serai, #01-210, Mr. Teh Tarik Coffeeshop",402001,1/6/2025,31/5/2027,"BLACK PASSION MEMBERSHIP PRIVILEGE:
- Free 1 box of 3 pcs of Gula Melaka Putu Piring (U.P. $3) with a minimum spending of $15

PASSION SILVER / PLATINUM MEMBERSHIP PRIVILEGE:
- Free 1 box of 4 pcs of Gula Melaka Putu Piring (U.P. $3.50) with a minimum spending of $15","food, Malay food, Singaporean food, putu piring, dessert, snacks, traditional food",Not verified
Happy Walker,"AMK Hub, 53 Ang Mo Kio Avenue 3, #02-28",569933,1/2/2026,31/1/2027,"BLACK PASSION MEMBERSHIP PRIVILEGE:
- 10% off regular-priced items

PASSION SILVER / PLATINUM MEMBERSHIP PRIVILEGES:
- 15% off regular-priced items
- 5% off custom-made insoles","footwear, comfort shoes, walking shoes, sandals, health, walking, casual shoes",Not verified
Happy Walker,"Bedok Mall, 311 New Upper Changi Road, #B1-67",467360,1/2/2026,31/1/2027,"BLACK PASSION MEMBERSHIP PRIVILEGE:
- 10% off regular-priced items

PASSION SILVER / PLATINUM MEMBERSHIP PRIVILEGES:
- 15% off regular-priced items
- 5% off custom-made insoles","footwear, comfort shoes, walking shoes, sandals, health, walking, casual shoes",Not verified
Happy Walker,"Compass One, 1 Sengkang Square, #03-31",545078,1/2/2026,31/1/2027,"BLACK PASSION MEMBERSHIP PRIVILEGE:
- 10% off regular-priced items

PASSION SILVER / PLATINUM MEMBERSHIP PRIVILEGES:
- 15% off regular-priced items
- 5% off custom-made insoles","footwear, comfort shoes, walking shoes, sandals, health, walking, casual shoes",Not verified
Happy Walker,"Jem, 50 Jurong Gateway Road, #04-03",608549,1/2/2026,31/1/2027,"BLACK PASSION MEMBERSHIP PRIVILEGE:
- 10% off regular-priced items

PASSION SILVER / PLATINUM MEMBERSHIP PRIVILEGES:
- 15% off regular-priced items
- 5% off custom-made insoles","footwear, comfort shoes, walking shoes, sandals, health, walking, casual shoes",Not verified
Happy Walker,"Ng Teng Fong General Hospital, 1 Jurong East Street 21, #02-19",609606,1/2/2026,31/1/2027,"BLACK PASSION MEMBERSHIP PRIVILEGE:
- 10% off regular-priced items

PASSION SILVER / PLATINUM MEMBERSHIP PRIVILEGES:
- 15% off regular-priced items
- 5% off custom-made insoles","footwear, comfort shoes, walking shoes, sandals, health, walking, casual shoes",Not verified
Happy Walker,"Northpoint City, 930 Yishun Avenue 2, #02-08, North Wing",769098,1/2/2026,31/1/2027,"BLACK PASSION MEMBERSHIP PRIVILEGE:
- 10% off regular-priced items

PASSION SILVER / PLATINUM MEMBERSHIP PRIVILEGES:
- 15% off regular-priced items
- 5% off custom-made insoles","footwear, comfort shoes, walking shoes, sandals, health, walking, casual shoes",Not verified
Hard Rock Cafe,"Changi Airport Terminal 2, 60 Airport Boulevard, #02-177",819643,1/9/2025,31/8/2027,"PASSION MEMBERSHIP PRIVILEGE:
- 20% off food, beverage and merchandise","food, restaurant, American food, burgers, music, dining, cafe, tourist, nightlife",Not verified
Hard Rock Cafe,"HPL House, 50 Cuscaden Road, #02-01",249724,1/9/2025,31/8/2027,PASSION MEMBERSHIP PRIVILEGE:,"food, restaurant, American food, burgers, music, dining, cafe, tourist, nightlife",Not verified
Harry's,"18 Tai Seng Street, #01-K4/23-25",539775,1/4/2026,31/3/2027,"PASSION MEMBERSHIP PRIVILEGES:
- 15% off on all regular-priced food & beverages bill
- 10% off all spirit bottles
- $10 Heineken Pints OR House pour red/white wines (glass)","food, restaurant, bar, western food, burgers, casual dining, sports bar, drinks, nightlife",Not verified
Harry's,"Far East Shopping Centre, 545 Orchard Road, #01-01/02",238882,1/4/2026,31/3/2027,"PASSION MEMBERSHIP PRIVILEGES:
- 15% off on all regular-priced food & beverages bill
- 10% off all spirit bottles
- $10 Heineken Pints OR House pour red/white wines (glass)","food, restaurant, bar, western food, burgers, casual dining, sports bar, drinks, nightlife",Not verified
Harry's,"Boat Quay, 28 Boat Quay",49818,1/4/2026,31/3/2027,"PASSION MEMBERSHIP PRIVILEGES:
- 15% off on all regular-priced food & beverages bill
- 10% off all spirit bottles
- $10 Heineken Pints OR House pour red/white wines (glass)","food, restaurant, bar, western food, burgers, casual dining, sports bar, drinks, nightlife",Not verified
Harry's,"CHIJMES, 30 Victoria Street, #01-14",187996,1/4/2026,31/3/2027,"PASSION MEMBERSHIP PRIVILEGES:
- 15% off on all regular-priced food & beverages bill
- 10% off all spirit bottles
- $10 Heineken Pints OR House pour red/white wines (glass)","food, restaurant, bar, western food, burgers, casual dining, sports bar, drinks, nightlife",Not verified
Harry's,"Clarke Quay, 3D River Valley Road, #01-01",179023,1/4/2026,31/3/2027,"PASSION MEMBERSHIP PRIVILEGES:
- 15% off on all regular-priced food & beverages bill
- 10% off all spirit bottles
- $10 Heineken Pints OR House pour red/white wines (glass)","food, restaurant, bar, western food, burgers, casual dining, sports bar, drinks, nightlife",Not verified
Harry's,"Dempsey Hill, Blk 11 Dempsey Road, #01-17A",249673,1/4/2026,31/3/2027,"PASSION MEMBERSHIP PRIVILEGES:
- 15% off on all regular-priced food & beverages bill
- 10% off all spirit bottles
- $10 Heineken Pints OR House pour red/white wines (glass)","food, restaurant, bar, western food, burgers, casual dining, sports bar, drinks, nightlife",Not verified
Harry's,"Esplanade, 8 Raffles Avenue, #01-05/07",39802,1/4/2026,31/3/2027,"PASSION MEMBERSHIP PRIVILEGES:
- 15% off on all regular-priced food & beverages bill
- 10% off all spirit bottles
- $10 Heineken Pints OR House pour red/white wines (glass)","food, restaurant, bar, western food, burgers, casual dining, sports bar, drinks, nightlife",Not verified
Harry's,"Harbourfront Tower One, 1 Harbourfront Place, #01-08",98633,1/4/2026,31/3/2027,"PASSION MEMBERSHIP PRIVILEGES:
- 15% off on all regular-priced food & beverages bill
- 10% off all spirit bottles
- $10 Heineken Pints OR House pour red/white wines (glass)","food, restaurant, bar, western food, burgers, casual dining, sports bar, drinks, nightlife",Not verified
Harry's,"Holland Village, 25 Lorong Mambong",277684,1/4/2026,31/3/2027,"PASSION MEMBERSHIP PRIVILEGES:
- 15% off on all regular-priced food & beverages bill
- 10% off all spirit bottles
- $10 Heineken Pints OR House pour red/white wines (glass)","food, restaurant, bar, western food, burgers, casual dining, sports bar, drinks, nightlife",Not verified
Harry's,"Mapletree Business City, 40 Pasir Panjang Road, #02-43/44",117383,1/4/2026,31/3/2027,"PASSION MEMBERSHIP PRIVILEGES:
- 15% off on all regular-priced food & beverages bill
- 10% off all spirit bottles
- $10 Heineken Pints OR House pour red/white wines (glass)","food, restaurant, bar, western food, burgers, casual dining, sports bar, drinks, nightlife",Not verified
Harry's,"Marina Bay Link Mall, 8A Marina Boulevard, #01-03, Ground Plaza",18984,1/4/2026,31/3/2027,"PASSION MEMBERSHIP PRIVILEGES:
- 15% off on all regular-priced food & beverages bill
- 10% off all spirit bottles
- $10 Heineken Pints OR House pour red/white wines (glass)","food, restaurant, bar, western food, burgers, casual dining, sports bar, drinks, nightlife",Not verified
Harry's,"One Marina Boulevard, 1 Marina Boulevard, NTUC Centre, #01-01",18989,1/4/2026,31/3/2027,"PASSION MEMBERSHIP PRIVILEGES:
- 15% off on all regular-priced food & beverages bill
- 10% off all spirit bottles
- $10 Heineken Pints OR House pour red/white wines (glass)","food, restaurant, bar, western food, burgers, casual dining, sports bar, drinks, nightlife",Not verified
Harry's,"Resorts World Sentosa, 26 Sentosa Gateway, #01-71/83/84/85",98138,1/4/2026,31/3/2027,"PASSION MEMBERSHIP PRIVILEGES:
- 15% off on all regular-priced food & beverages bill
- 10% off all spirit bottles
- $10 Heineken Pints OR House pour red/white wines (glass)","food, restaurant, bar, western food, burgers, casual dining, sports bar, drinks, nightlife",Not verified
Harry's,"South Beach Avenue, 26 Beach Road, #01-18",189768,1/4/2026,31/3/2027,"PASSION MEMBERSHIP PRIVILEGES:
- 15% off on all regular-priced food & beverages bill
- 10% off all spirit bottles
- $10 Heineken Pints OR House pour red/white wines (glass)","food, restaurant, bar, western food, burgers, casual dining, sports bar, drinks, nightlife",Not verified
HaveFun Karaoke,"Bugis Cube, 470 North Bridge Road, #06-00",188735,1/11/2025,31/10/2026,"PASSION MEMBERSHIP PRIVILEGE:
- FREE 1-hour singing session with purchase of any singing hour (U.P. $20++ to $128++) (Mon - Thu)","entertainment, karaoke, singing, music, youth, friends, groups, nightlife",Not verified
HaveFun Karaoke,"Bugis+, 201 Victoria Street, #03-18",188067,1/11/2025,31/10/2026,"PASSION MEMBERSHIP PRIVILEGE:
- FREE 1-hour singing session with purchase of any singing hour (U.P. $20++ to $128++) (Mon - Thu)","entertainment, karaoke, singing, music, youth, friends, groups, nightlife",Not verified
HaveFun Karaoke,"Cineleisure Orchard, 8 Grange Road Level 8",239695,1/11/2025,31/10/2026,"PASSION MEMBERSHIP PRIVILEGE:
- FREE 1-hour singing session with purchase of any singing hour (U.P. $20++ to $128++) (Mon - Thu)","entertainment, karaoke, singing, music, youth, friends, groups, nightlife",Not verified
HaveFun Karaoke,"Downtown East, 1 Pasir Ris Close, #01-311/312",519599,1/11/2025,31/10/2026,"PASSION MEMBERSHIP PRIVILEGE:
- FREE 1-hour singing session with purchase of any singing hour (U.P. $20++ to $128++) (Mon - Thu)","entertainment, karaoke, singing, music, youth, friends, groups, nightlife",Not verified
HaveFun Karaoke,"Lucky Chinatown, 211 New Bridge Road, #04-01",59432,1/11/2025,31/10/2026,"PASSION MEMBERSHIP PRIVILEGE:
- FREE 1-hour singing session with purchase of any singing hour (U.P. $20++ to $128++) (Mon - Thu)","entertainment, karaoke, singing, music, youth, friends, groups, nightlife",Not verified
HaveFun Karaoke,"Pasir Ris Mall, 7 Pasir Ris Central, #02-54",519612,1/11/2025,31/10/2026,"PASSION MEMBERSHIP PRIVILEGE:
- FREE 1-hour singing session with purchase of any singing hour (U.P. $20++ to $128++) (Mon - Thu)","entertainment, karaoke, singing, music, youth, friends, groups, nightlife",Not verified
HaveFun Karaoke,"SAFRA Toa Payoh, 293 Lorong 6 Toa Payoh, #02-06",319387,1/11/2025,31/10/2026,"PASSION MEMBERSHIP PRIVILEGE:
- FREE 1-hour singing session with purchase of any singing hour (U.P. $20++ to $128++) (Mon - Thu)","entertainment, karaoke, singing, music, youth, friends, groups, nightlife",Not verified
HaveFun Karaoke,"SAFRA Yishun, 60 Yishun Avenue 4, #01-04/05/06",769027,1/11/2025,31/10/2026,"PASSION MEMBERSHIP PRIVILEGE:
- FREE 1-hour singing session with purchase of any singing hour (U.P. $20++ to $128++) (Mon - Thu)","entertainment, karaoke, singing, music, youth, friends, groups, nightlife",Not verified
HaveFun Karaoke,"Suntec City Mall, 3 Temasek Boulevard, #03-344/345",38983,1/11/2025,31/10/2026,"PASSION MEMBERSHIP PRIVILEGE:
- FREE 1-hour singing session with purchase of any singing hour (U.P. $20++ to $128++) (Mon - Thu)","entertainment, karaoke, singing, music, youth, friends, groups, nightlife",Not verified
HaveFun Karaoke,"The Seletar Mall, 33 Sengkang West Avenue, #04-24/25",797653,1/11/2025,31/10/2026,"PASSION MEMBERSHIP PRIVILEGE:
- FREE 1-hour singing session with purchase of any singing hour (U.P. $20++ to $128++) (Mon - Thu)","entertainment, karaoke, singing, music, youth, friends, groups, nightlife",Not verified
HaveFun Karaoke,"Thomson Plaza, 301 Upper Thomson Road, #01-116",574408,1/11/2025,31/10/2026,"PASSION MEMBERSHIP PRIVILEGE:
- FREE 1-hour singing session with purchase of any singing hour (U.P. $20++ to $128++) (Mon - Thu)","entertainment, karaoke, singing, music, youth, friends, groups, nightlife",Not verified
Healthway Dental,"Downtown Gallery, 6A Shenton Way, #02-15",68815,-,-,"BLACK PASSION MEMBERSHIP PRIVILEGES:
- Dental Scaling & Polishing @ $98 nett
- Topical Fluoride @ $12 nett
- Take Home Whitening @ $598 nett

PASSION SILVER / PLATINUM MEMBERSHIP PRIVILEGES:
- Dental Scaling & Polishing @ $93 nett
- Topical Fluoride @ $12 nett
- Take Home Whitening @ $588 nett","dental, dentist, oral care, dental treatment, teeth cleaning, braces",Not verified
Healthway Dental,"Blk 41 Holland Drive, #01/02-07",270041,-,-,"BLACK PASSION MEMBERSHIP PRIVILEGES:
- Dental Scaling & Polishing @ $98 nett
- Topical Fluoride @ $12 nett
- Take Home Whitening @ $598 nett

PASSION SILVER / PLATINUM MEMBERSHIP PRIVILEGES:
- Dental Scaling & Polishing @ $93 nett
- Topical Fluoride @ $12 nett
- Take Home Whitening @ $588 nett","dental, dentist, oral care, dental treatment, teeth cleaning, braces",Not verified
Healthway Dental,"Blk 190 Toa Payoh Lorong 6, #02-512",310190,-,-,"BLACK PASSION MEMBERSHIP PRIVILEGES:
- Dental Scaling & Polishing @ $98 nett
- Topical Fluoride @ $12 nett
- Take Home Whitening @ $598 nett

PASSION SILVER / PLATINUM MEMBERSHIP PRIVILEGES:
- Dental Scaling & Polishing @ $93 nett
- Topical Fluoride @ $12 nett
- Take Home Whitening @ $588 nett","dental, dentist, oral care, dental treatment, teeth cleaning, braces",Not verified
Healthway Medical,"Blk 717 Woodlands Drive 70, #01-114, (Opposite Admiralty MRT station)",730717,-,-,"BLACK PASSION MEMBERSHIP PRIVILEGES: 
- GP consultation @ $20 nett
- Flu Vaccination @ $34 nett
- Pink Health Screening Package @ $99 nett
- Gold Health Screening Package @ $250 nett

PASSION SILVER / PLATINUM MEMBERSHIP PRIVILEGES:
- GP consultation @ $15 nett
- Flu Vaccination @ $32 nett
- Pink Health Screening Package @ $99 nett
- Gold Health Screening Package @ $250 nett","healthcare, medical clinic, doctors, family medicine, health screening, general practitioner",Not verified
Healthway Medical,"95 Aljunied Crescent, #01-521",380095,-,-,"BLACK PASSION MEMBERSHIP PRIVILEGES: 
- GP consultation @ $20 nett
- Flu Vaccination @ $34 nett
- Pink Health Screening Package @ $99 nett
- Gold Health Screening Package @ $250 nett

PASSION SILVER / PLATINUM MEMBERSHIP PRIVILEGES:
- GP consultation @ $15 nett
- Flu Vaccination @ $32 nett
- Pink Health Screening Package @ $99 nett
- Gold Health Screening Package @ $250 nett","healthcare, medical clinic, doctors, family medicine, health screening, general practitioner",Not verified
Healthway Medical,"Blk 308 Anchorvale Road, #01-03",540308,-,-,"BLACK PASSION MEMBERSHIP PRIVILEGES: 
- GP consultation @ $20 nett
- Flu Vaccination @ $34 nett
- Pink Health Screening Package @ $99 nett
- Gold Health Screening Package @ $250 nett

PASSION SILVER / PLATINUM MEMBERSHIP PRIVILEGES:
- GP consultation @ $15 nett
- Flu Vaccination @ $32 nett
- Pink Health Screening Package @ $99 nett
- Gold Health Screening Package @ $250 nett","healthcare, medical clinic, doctors, family medicine, health screening, general practitioner",Not verified
Healthway Medical,"Blk 330 Ang Mo Kio Avenue 1, #01-1803",560330,-,-,"BLACK PASSION MEMBERSHIP PRIVILEGES: 
- GP consultation @ $20 nett
- Flu Vaccination @ $34 nett
- Pink Health Screening Package @ $99 nett
- Gold Health Screening Package @ $250 nett

PASSION SILVER / PLATINUM MEMBERSHIP PRIVILEGES:
- GP consultation @ $15 nett
- Flu Vaccination @ $32 nett
- Pink Health Screening Package @ $99 nett
- Gold Health Screening Package @ $250 nett","healthcare, medical clinic, doctors, family medicine, health screening, general practitioner",Not verified
Healthway Medical,"Blk 452 Ang Mo Kio Avenue 10, #01-1787",560452,-,-,"BLACK PASSION MEMBERSHIP PRIVILEGES: 
- GP consultation @ $20 nett
- Flu Vaccination @ $34 nett
- Pink Health Screening Package @ $99 nett
- Gold Health Screening Package @ $250 nett

PASSION SILVER / PLATINUM MEMBERSHIP PRIVILEGES:
- GP consultation @ $15 nett
- Flu Vaccination @ $32 nett
- Pink Health Screening Package @ $99 nett
- Gold Health Screening Package @ $250 nett","healthcare, medical clinic, doctors, family medicine, health screening, general practitioner",Not verified
Healthway Medical,"Blk 721 Ang Mo Kio Avenue 8, #01-2805",560721,-,-,"BLACK PASSION MEMBERSHIP PRIVILEGES: 
- GP consultation @ $20 nett
- Flu Vaccination @ $34 nett
- Pink Health Screening Package @ $99 nett
- Gold Health Screening Package @ $250 nett

PASSION SILVER / PLATINUM MEMBERSHIP PRIVILEGES:
- GP consultation @ $15 nett
- Flu Vaccination @ $32 nett
- Pink Health Screening Package @ $99 nett
- Gold Health Screening Package @ $250 nett","healthcare, medical clinic, doctors, family medicine, health screening, general practitioner",Not verified
Healthway Medical,"Blk 218 Bedok North Street 1, #01-17, (Near Bedok MRT station)",460218,-,-,"BLACK PASSION MEMBERSHIP PRIVILEGES: 
- GP consultation @ $20 nett
- Flu Vaccination @ $34 nett
- Pink Health Screening Package @ $99 nett
- Gold Health Screening Package @ $250 nett

PASSION SILVER / PLATINUM MEMBERSHIP PRIVILEGES:
- GP consultation @ $15 nett
- Flu Vaccination @ $32 nett
- Pink Health Screening Package @ $99 nett
- Gold Health Screening Package @ $250 nett","healthcare, medical clinic, doctors, family medicine, health screening, general practitioner",Not verified
Healthway Medical,"Blk 153 Bukit Batok Street 11, #01-284, (Near St Luke’s Hospital)",650153,-,-,"BLACK PASSION MEMBERSHIP PRIVILEGES: 
- GP consultation @ $20 nett
- Flu Vaccination @ $34 nett
- Pink Health Screening Package @ $99 nett
- Gold Health Screening Package @ $250 nett

PASSION SILVER / PLATINUM MEMBERSHIP PRIVILEGES:
- GP consultation @ $15 nett
- Flu Vaccination @ $32 nett
- Pink Health Screening Package @ $99 nett
- Gold Health Screening Package @ $250 nett","healthcare, medical clinic, doctors, family medicine, health screening, general practitioner",Not verified
Healthway Medical,"Blk 446 Bukit Batok West Avenue 8, #01-03",650446,-,-,"BLACK PASSION MEMBERSHIP PRIVILEGES: 
- GP consultation @ $20 nett
- Flu Vaccination @ $34 nett
- Pink Health Screening Package @ $99 nett
- Gold Health Screening Package @ $250 nett

PASSION SILVER / PLATINUM MEMBERSHIP PRIVILEGES:
- GP consultation @ $15 nett
- Flu Vaccination @ $32 nett
- Pink Health Screening Package @ $99 nett
- Gold Health Screening Package @ $250 nett","healthcare, medical clinic, doctors, family medicine, health screening, general practitioner",Not verified
Healthway Medical,"Fajar Shopping Centre (next to Fajar LRT station), 445 Fajar Road, #02-534",670445,-,-,"BLACK PASSION MEMBERSHIP PRIVILEGES: 
- GP consultation @ $20 nett
- Flu Vaccination @ $34 nett
- Pink Health Screening Package @ $99 nett
- Gold Health Screening Package @ $250 nett

PASSION SILVER / PLATINUM MEMBERSHIP PRIVILEGES:
- GP consultation @ $15 nett
- Flu Vaccination @ $32 nett
- Pink Health Screening Package @ $99 nett
- Gold Health Screening Package @ $250 nett","healthcare, medical clinic, doctors, family medicine, health screening, general practitioner",Not verified
Healthway Medical,"Bukit Panjang Plaza, 1 Jelebu Road, #01-62",677743,-,-,"BLACK PASSION MEMBERSHIP PRIVILEGES: 
- GP consultation @ $20 nett
- Flu Vaccination @ $34 nett
- Pink Health Screening Package @ $99 nett
- Gold Health Screening Package @ $250 nett

PASSION SILVER / PLATINUM MEMBERSHIP PRIVILEGES:
- GP consultation @ $15 nett
- Flu Vaccination @ $32 nett
- Pink Health Screening Package @ $99 nett
- Gold Health Screening Package @ $250 nett","healthcare, medical clinic, doctors, family medicine, health screening, general practitioner",Not verified
Healthway Medical,"Sunshine Place (near South View LRT station), Blk 475 Choa Chu Kang Avenue 3, #02-03",680475,-,-,"BLACK PASSION MEMBERSHIP PRIVILEGES: 
- GP consultation @ $20 nett
- Flu Vaccination @ $34 nett
- Pink Health Screening Package @ $99 nett
- Gold Health Screening Package @ $250 nett

PASSION SILVER / PLATINUM MEMBERSHIP PRIVILEGES:
- GP consultation @ $15 nett
- Flu Vaccination @ $32 nett
- Pink Health Screening Package @ $99 nett
- Gold Health Screening Package @ $250 nett","healthcare, medical clinic, doctors, family medicine, health screening, general practitioner",Not verified
Healthway Medical,"Limbang Shopping Centre, 533 Choa Chu Kang Street 51, #02-307",680534,-,-,"BLACK PASSION MEMBERSHIP PRIVILEGES: 
- GP consultation @ $20 nett
- Flu Vaccination @ $34 nett
- Pink Health Screening Package @ $99 nett
- Gold Health Screening Package @ $250 nett

PASSION SILVER / PLATINUM MEMBERSHIP PRIVILEGES:
- GP consultation @ $15 nett
- Flu Vaccination @ $32 nett
- Pink Health Screening Package @ $99 nett
- Gold Health Screening Package @ $250 nett","healthcare, medical clinic, doctors, family medicine, health screening, general practitioner",Not verified
Healthway Medical,"Blk 727 Clementi West Street 2, #01-258",120727,-,-,"BLACK PASSION MEMBERSHIP PRIVILEGES: 
- GP consultation @ $20 nett
- Flu Vaccination @ $34 nett
- Pink Health Screening Package @ $99 nett
- Gold Health Screening Package @ $250 nett

PASSION SILVER / PLATINUM MEMBERSHIP PRIVILEGES:
- GP consultation @ $15 nett
- Flu Vaccination @ $32 nett
- Pink Health Screening Package @ $99 nett
- Gold Health Screening Package @ $250 nett","healthcare, medical clinic, doctors, family medicine, health screening, general practitioner",Not verified
Healthway Medical,"Blk 352 Clementi Avenue 2, #01-111",120352,-,-,"BLACK PASSION MEMBERSHIP PRIVILEGES: 
- GP consultation @ $20 nett
- Flu Vaccination @ $34 nett
- Pink Health Screening Package @ $99 nett
- Gold Health Screening Package @ $250 nett

PASSION SILVER / PLATINUM MEMBERSHIP PRIVILEGES:
- GP consultation @ $15 nett
- Flu Vaccination @ $32 nett
- Pink Health Screening Package @ $99 nett
- Gold Health Screening Package @ $250 nett","healthcare, medical clinic, doctors, family medicine, health screening, general practitioner",Not verified
Healthway Medical,"Blk 722 Clementi West Street 2, #01-162",120722,-,-,"BLACK PASSION MEMBERSHIP PRIVILEGES: 
- GP consultation @ $20 nett
- Flu Vaccination @ $34 nett
- Pink Health Screening Package @ $99 nett
- Gold Health Screening Package @ $250 nett

PASSION SILVER / PLATINUM MEMBERSHIP PRIVILEGES:
- GP consultation @ $15 nett
- Flu Vaccination @ $32 nett
- Pink Health Screening Package @ $99 nett
- Gold Health Screening Package @ $250 nett","healthcare, medical clinic, doctors, family medicine, health screening, general practitioner",Not verified
Healthway Medical,"Blk 267 Compassvale Link, #01-04",540267,-,-,"BLACK PASSION MEMBERSHIP PRIVILEGES: 
- GP consultation @ $20 nett
- Flu Vaccination @ $34 nett
- Pink Health Screening Package @ $99 nett
- Gold Health Screening Package @ $250 nett

PASSION SILVER / PLATINUM MEMBERSHIP PRIVILEGES:
- GP consultation @ $15 nett
- Flu Vaccination @ $32 nett
- Pink Health Screening Package @ $99 nett
- Gold Health Screening Package @ $250 nett","healthcare, medical clinic, doctors, family medicine, health screening, general practitioner",Not verified
Healthway Medical,"Downtown Gallery, 6A Shenton Way, #02-15",68815,-,-,"BLACK PASSION MEMBERSHIP PRIVILEGES: 
- GP consultation @ $20 nett
- Flu Vaccination @ $34 nett
- Pink Health Screening Package @ $99 nett
- Gold Health Screening Package @ $250 nett

PASSION SILVER / PLATINUM MEMBERSHIP PRIVILEGES:
- GP consultation @ $15 nett
- Flu Vaccination @ $32 nett
- Pink Health Screening Package @ $99 nett
- Gold Health Screening Package @ $250 nett","healthcare, medical clinic, doctors, family medicine, health screening, general practitioner",Not verified
Healthway Medical,"Blk 106 Hougang Avenue 1, #01-1225",530106,-,-,"BLACK PASSION MEMBERSHIP PRIVILEGES: 
- GP consultation @ $20 nett
- Flu Vaccination @ $34 nett
- Pink Health Screening Package @ $99 nett
- Gold Health Screening Package @ $250 nett

PASSION SILVER / PLATINUM MEMBERSHIP PRIVILEGES:
- GP consultation @ $15 nett
- Flu Vaccination @ $32 nett
- Pink Health Screening Package @ $99 nett
- Gold Health Screening Package @ $250 nett","healthcare, medical clinic, doctors, family medicine, health screening, general practitioner",Not verified
Healthway Medical,"Hougang Mall, 90 Hougang Avenue 10, #04-06",538766,-,-,"BLACK PASSION MEMBERSHIP PRIVILEGES: 
- GP consultation @ $20 nett
- Flu Vaccination @ $34 nett
- Pink Health Screening Package @ $99 nett
- Gold Health Screening Package @ $250 nett

PASSION SILVER / PLATINUM MEMBERSHIP PRIVILEGES:
- GP consultation @ $15 nett
- Flu Vaccination @ $32 nett
- Pink Health Screening Package @ $99 nett
- Gold Health Screening Package @ $250 nett","healthcare, medical clinic, doctors, family medicine, health screening, general practitioner",Not verified
Healthway Medical,"Blk 1 Jalan Bukit Merah, #01-4524",150001,-,-,"BLACK PASSION MEMBERSHIP PRIVILEGES: 
- GP consultation @ $20 nett
- Flu Vaccination @ $34 nett
- Pink Health Screening Package @ $99 nett
- Gold Health Screening Package @ $250 nett

PASSION SILVER / PLATINUM MEMBERSHIP PRIVILEGES:
- GP consultation @ $15 nett
- Flu Vaccination @ $32 nett
- Pink Health Screening Package @ $99 nett
- Gold Health Screening Package @ $250 nett","healthcare, medical clinic, doctors, family medicine, health screening, general practitioner",Not verified
Healthway Medical,"Blk 960 Jurong West Street 92, #01-166",640960,-,-,"BLACK PASSION MEMBERSHIP PRIVILEGES: 
- GP consultation @ $20 nett
- Flu Vaccination @ $34 nett
- Pink Health Screening Package @ $99 nett
- Gold Health Screening Package @ $250 nett

PASSION SILVER / PLATINUM MEMBERSHIP PRIVILEGES:
- GP consultation @ $15 nett
- Flu Vaccination @ $32 nett
- Pink Health Screening Package @ $99 nett
- Gold Health Screening Package @ $250 nett","healthcare, medical clinic, doctors, family medicine, health screening, general practitioner",Not verified
Healthway Medical,"Blk 690 Jurong West Central 1, #01-193, (Opposite Jurong Point Shopping Centre next to Boon Lay MRT station)",640690,-,-,"BLACK PASSION MEMBERSHIP PRIVILEGES: 
- GP consultation @ $20 nett
- Flu Vaccination @ $34 nett
- Pink Health Screening Package @ $99 nett
- Gold Health Screening Package @ $250 nett

PASSION SILVER / PLATINUM MEMBERSHIP PRIVILEGES:
- GP consultation @ $15 nett
- Flu Vaccination @ $32 nett
- Pink Health Screening Package @ $99 nett
- Gold Health Screening Package @ $250 nett","healthcare, medical clinic, doctors, family medicine, health screening, general practitioner",Not verified
Healthway Medical,"Blk 110 Lengkong Tiga, #01-231, (behind Kembangan MRT station)",410110,-,-,"BLACK PASSION MEMBERSHIP PRIVILEGES: 
- GP consultation @ $20 nett
- Flu Vaccination @ $34 nett
- Pink Health Screening Package @ $99 nett
- Gold Health Screening Package @ $250 nett

PASSION SILVER / PLATINUM MEMBERSHIP PRIVILEGES:
- GP consultation @ $15 nett
- Flu Vaccination @ $32 nett
- Pink Health Screening Package @ $99 nett
- Gold Health Screening Package @ $250 nett","healthcare, medical clinic, doctors, family medicine, health screening, general practitioner",Not verified
Healthway Medical,"Blk 803 King George’s Avenue, #01-144",200803,-,-,"BLACK PASSION MEMBERSHIP PRIVILEGES: 
- GP consultation @ $20 nett
- Flu Vaccination @ $34 nett
- Pink Health Screening Package @ $99 nett
- Gold Health Screening Package @ $250 nett

PASSION SILVER / PLATINUM MEMBERSHIP PRIVILEGES:
- GP consultation @ $15 nett
- Flu Vaccination @ $32 nett
- Pink Health Screening Package @ $99 nett
- Gold Health Screening Package @ $250 nett","healthcare, medical clinic, doctors, family medicine, health screening, general practitioner",Not verified
Healthway Medical,"Blk 108 Hougang Avenue 1, #01-1299, (Off Paya Lebar Road)",530108,-,-,"BLACK PASSION MEMBERSHIP PRIVILEGES: 
- GP consultation @ $20 nett
- Flu Vaccination @ $34 nett
- Pink Health Screening Package @ $99 nett
- Gold Health Screening Package @ $250 nett

PASSION SILVER / PLATINUM MEMBERSHIP PRIVILEGES:
- GP consultation @ $15 nett
- Flu Vaccination @ $32 nett
- Pink Health Screening Package @ $99 nett
- Gold Health Screening Package @ $250 nett","healthcare, medical clinic, doctors, family medicine, health screening, general practitioner",Not verified
Healthway Medical,"Blk 249 Jurong East Street 24, #01-88",600249,-,-,"BLACK PASSION MEMBERSHIP PRIVILEGES: 
- GP consultation @ $20 nett
- Flu Vaccination @ $34 nett
- Pink Health Screening Package @ $99 nett
- Gold Health Screening Package @ $250 nett

PASSION SILVER / PLATINUM MEMBERSHIP PRIVILEGES:
- GP consultation @ $15 nett
- Flu Vaccination @ $32 nett
- Pink Health Screening Package @ $99 nett
- Gold Health Screening Package @ $250 nett","healthcare, medical clinic, doctors, family medicine, health screening, general practitioner",Not verified
Healthway Medical,"Millenia Walk, 9 Raffles Boulevard, #02-22",39596,-,-,"BLACK PASSION MEMBERSHIP PRIVILEGES: 
- GP consultation @ $20 nett
- Flu Vaccination @ $34 nett
- Pink Health Screening Package @ $99 nett
- Gold Health Screening Package @ $250 nett

PASSION SILVER / PLATINUM MEMBERSHIP PRIVILEGES:
- GP consultation @ $15 nett
- Flu Vaccination @ $32 nett
- Pink Health Screening Package @ $99 nett
- Gold Health Screening Package @ $250 nett","healthcare, medical clinic, doctors, family medicine, health screening, general practitioner",Not verified
Healthway Medical,"59 New Upper Changi Road, #01-1224",461059,-,-,"BLACK PASSION MEMBERSHIP PRIVILEGES: 
- GP consultation @ $20 nett
- Flu Vaccination @ $34 nett
- Pink Health Screening Package @ $99 nett
- Gold Health Screening Package @ $250 nett

PASSION SILVER / PLATINUM MEMBERSHIP PRIVILEGES:
- GP consultation @ $15 nett
- Flu Vaccination @ $32 nett
- Pink Health Screening Package @ $99 nett
- Gold Health Screening Package @ $250 nett","healthcare, medical clinic, doctors, family medicine, health screening, general practitioner",Not verified
Healthway Medical,"Novena Medical Centre, 10 Sinaran Drive, #09-36",307506,-,-,"BLACK PASSION MEMBERSHIP PRIVILEGES: 
- GP consultation @ $20 nett
- Flu Vaccination @ $34 nett
- Pink Health Screening Package @ $99 nett
- Gold Health Screening Package @ $250 nett

PASSION SILVER / PLATINUM MEMBERSHIP PRIVILEGES:
- GP consultation @ $15 nett
- Flu Vaccination @ $32 nett
- Pink Health Screening Package @ $99 nett
- Gold Health Screening Package @ $250 nett","healthcare, medical clinic, doctors, family medicine, health screening, general practitioner",Not verified
Healthway Medical,"Elias Mall, 625 Elias Road, #01-322",510625,-,-,"BLACK PASSION MEMBERSHIP PRIVILEGES: 
- GP consultation @ $20 nett
- Flu Vaccination @ $34 nett
- Pink Health Screening Package @ $99 nett
- Gold Health Screening Package @ $250 nett

PASSION SILVER / PLATINUM MEMBERSHIP PRIVILEGES:
- GP consultation @ $15 nett
- Flu Vaccination @ $32 nett
- Pink Health Screening Package @ $99 nett
- Gold Health Screening Package @ $250 nett","healthcare, medical clinic, doctors, family medicine, health screening, general practitioner",Not verified
Healthway Medical,"Punggol Plaza, 168 Punggol Field, #02-07A",820168,-,-,"BLACK PASSION MEMBERSHIP PRIVILEGES: 
- GP consultation @ $20 nett
- Flu Vaccination @ $34 nett
- Pink Health Screening Package @ $99 nett
- Gold Health Screening Package @ $250 nett

PASSION SILVER / PLATINUM MEMBERSHIP PRIVILEGES:
- GP consultation @ $15 nett
- Flu Vaccination @ $32 nett
- Pink Health Screening Package @ $99 nett
- Gold Health Screening Package @ $250 nett","healthcare, medical clinic, doctors, family medicine, health screening, general practitioner",Not verified
Healthway Medical,"Blk 406 Sembawang Drive, #01-820",757713,-,-,"BLACK PASSION MEMBERSHIP PRIVILEGES: 
- GP consultation @ $20 nett
- Flu Vaccination @ $34 nett
- Pink Health Screening Package @ $99 nett
- Gold Health Screening Package @ $250 nett

PASSION SILVER / PLATINUM MEMBERSHIP PRIVILEGES:
- GP consultation @ $15 nett
- Flu Vaccination @ $32 nett
- Pink Health Screening Package @ $99 nett
- Gold Health Screening Package @ $250 nett","healthcare, medical clinic, doctors, family medicine, health screening, general practitioner",Not verified
Healthway Medical,"Rivervale Plaza, (Next to Kangkar LRT station), 118 Rivervale Drive, #02-17",540118,-,-,"BLACK PASSION MEMBERSHIP PRIVILEGES: 
- GP consultation @ $20 nett
- Flu Vaccination @ $34 nett
- Pink Health Screening Package @ $99 nett
- Gold Health Screening Package @ $250 nett

PASSION SILVER / PLATINUM MEMBERSHIP PRIVILEGES:
- GP consultation @ $15 nett
- Flu Vaccination @ $32 nett
- Pink Health Screening Package @ $99 nett
- Gold Health Screening Package @ $250 nett","healthcare, medical clinic, doctors, family medicine, health screening, general practitioner",Not verified
Healthway Medical,"Sun Plaza, 30 Sembawang Drive, #03-20",757713,-,-,"BLACK PASSION MEMBERSHIP PRIVILEGES: 
- GP consultation @ $20 nett
- Flu Vaccination @ $34 nett
- Pink Health Screening Package @ $99 nett
- Gold Health Screening Package @ $250 nett

PASSION SILVER / PLATINUM MEMBERSHIP PRIVILEGES:
- GP consultation @ $15 nett
- Flu Vaccination @ $32 nett
- Pink Health Screening Package @ $99 nett
- Gold Health Screening Package @ $250 nett","healthcare, medical clinic, doctors, family medicine, health screening, general practitioner",Not verified
Healthway Medical,"Blk 503 Tampines Central 1, #01-311",520503,-,-,"BLACK PASSION MEMBERSHIP PRIVILEGES: 
- GP consultation @ $20 nett
- Flu Vaccination @ $34 nett
- Pink Health Screening Package @ $99 nett
- Gold Health Screening Package @ $250 nett

PASSION SILVER / PLATINUM MEMBERSHIP PRIVILEGES:
- GP consultation @ $15 nett
- Flu Vaccination @ $32 nett
- Pink Health Screening Package @ $99 nett
- Gold Health Screening Package @ $250 nett","healthcare, medical clinic, doctors, family medicine, health screening, general practitioner",Not verified
Healthway Medical,"Blk 139 Tampines Street 11, #01-16",521139,-,-,"BLACK PASSION MEMBERSHIP PRIVILEGES: 
- GP consultation @ $20 nett
- Flu Vaccination @ $34 nett
- Pink Health Screening Package @ $99 nett
- Gold Health Screening Package @ $250 nett

PASSION SILVER / PLATINUM MEMBERSHIP PRIVILEGES:
- GP consultation @ $15 nett
- Flu Vaccination @ $32 nett
- Pink Health Screening Package @ $99 nett
- Gold Health Screening Package @ $250 nett","healthcare, medical clinic, doctors, family medicine, health screening, general practitioner",Not verified
Healthway Medical,"Blk 201D Tampines Street 21, #01-1143",524201,-,-,"BLACK PASSION MEMBERSHIP PRIVILEGES: 
- GP consultation @ $20 nett
- Flu Vaccination @ $34 nett
- Pink Health Screening Package @ $99 nett
- Gold Health Screening Package @ $250 nett

PASSION SILVER / PLATINUM MEMBERSHIP PRIVILEGES:
- GP consultation @ $15 nett
- Flu Vaccination @ $32 nett
- Pink Health Screening Package @ $99 nett
- Gold Health Screening Package @ $250 nett","healthcare, medical clinic, doctors, family medicine, health screening, general practitioner",Not verified
Healthway Medical,"Blk 710 Tampines Street 71, #01-134",520710,-,-,"BLACK PASSION MEMBERSHIP PRIVILEGES: 
- GP consultation @ $20 nett
- Flu Vaccination @ $34 nett
- Pink Health Screening Package @ $99 nett
- Gold Health Screening Package @ $250 nett

PASSION SILVER / PLATINUM MEMBERSHIP PRIVILEGES:
- GP consultation @ $15 nett
- Flu Vaccination @ $32 nett
- Pink Health Screening Package @ $99 nett
- Gold Health Screening Package @ $250 nett","healthcare, medical clinic, doctors, family medicine, health screening, general practitioner",Not verified
Healthway Medical,"Blk 177 Toa Payoh Central, #01-130",310177,-,-,"BLACK PASSION MEMBERSHIP PRIVILEGES: 
- GP consultation @ $20 nett
- Flu Vaccination @ $34 nett
- Pink Health Screening Package @ $99 nett
- Gold Health Screening Package @ $250 nett

PASSION SILVER / PLATINUM MEMBERSHIP PRIVILEGES:
- GP consultation @ $15 nett
- Flu Vaccination @ $32 nett
- Pink Health Screening Package @ $99 nett
- Gold Health Screening Package @ $250 nett","healthcare, medical clinic, doctors, family medicine, health screening, general practitioner",Not verified
Healthway Medical,"Blk 101 Towner Road, #01-236",322101,-,-,"BLACK PASSION MEMBERSHIP PRIVILEGES: 
- GP consultation @ $20 nett
- Flu Vaccination @ $34 nett
- Pink Health Screening Package @ $99 nett
- Gold Health Screening Package @ $250 nett

PASSION SILVER / PLATINUM MEMBERSHIP PRIVILEGES:
- GP consultation @ $15 nett
- Flu Vaccination @ $32 nett
- Pink Health Screening Package @ $99 nett
- Gold Health Screening Package @ $250 nett","healthcare, medical clinic, doctors, family medicine, health screening, general practitioner",Not verified
Healthway Medical,3 Cheong Chin Nam Road,599728,-,-,"BLACK PASSION MEMBERSHIP PRIVILEGES: 
- GP consultation @ $20 nett
- Flu Vaccination @ $34 nett
- Pink Health Screening Package @ $99 nett
- Gold Health Screening Package @ $250 nett

PASSION SILVER / PLATINUM MEMBERSHIP PRIVILEGES:
- GP consultation @ $15 nett
- Flu Vaccination @ $32 nett
- Pink Health Screening Package @ $99 nett
- Gold Health Screening Package @ $250 nett","healthcare, medical clinic, doctors, family medicine, health screening, general practitioner",Not verified
Healthway Medical,"888 Plaza, (near Admiralty MRT station), Blk 888 Woodlands Drive 50, #02-737",730888,-,-,"BLACK PASSION MEMBERSHIP PRIVILEGES: 
- GP consultation @ $20 nett
- Flu Vaccination @ $34 nett
- Pink Health Screening Package @ $99 nett
- Gold Health Screening Package @ $250 nett

PASSION SILVER / PLATINUM MEMBERSHIP PRIVILEGES:
- GP consultation @ $15 nett
- Flu Vaccination @ $32 nett
- Pink Health Screening Package @ $99 nett
- Gold Health Screening Package @ $250 nett","healthcare, medical clinic, doctors, family medicine, health screening, general practitioner",Not verified
Healthway Medical,"Blk 417 Yishun Avenue 11, #01-321",760417,-,-,"BLACK PASSION MEMBERSHIP PRIVILEGES: 
- GP consultation @ $20 nett
- Flu Vaccination @ $34 nett
- Pink Health Screening Package @ $99 nett
- Gold Health Screening Package @ $250 nett

PASSION SILVER / PLATINUM MEMBERSHIP PRIVILEGES:
- GP consultation @ $15 nett
- Flu Vaccination @ $32 nett
- Pink Health Screening Package @ $99 nett
- Gold Health Screening Package @ $250 nett","healthcare, medical clinic, doctors, family medicine, health screening, general practitioner",Not verified
Healthway Medical,"Blk 461 Yishun Avenue 6, #01-05",760461,-,-,"BLACK PASSION MEMBERSHIP PRIVILEGES: 
- GP consultation @ $20 nett
- Flu Vaccination @ $34 nett
- Pink Health Screening Package @ $99 nett
- Gold Health Screening Package @ $250 nett

PASSION SILVER / PLATINUM MEMBERSHIP PRIVILEGES:
- GP consultation @ $15 nett
- Flu Vaccination @ $32 nett
- Pink Health Screening Package @ $99 nett
- Gold Health Screening Package @ $250 nett","healthcare, medical clinic, doctors, family medicine, health screening, general practitioner",Not verified
Healthway Medical,"Blk 101 Yishun Avenue 5, #01-15",760101,-,-,"BLACK PASSION MEMBERSHIP PRIVILEGES: 
- GP consultation @ $20 nett
- Flu Vaccination @ $34 nett
- Pink Health Screening Package @ $99 nett
- Gold Health Screening Package @ $250 nett

PASSION SILVER / PLATINUM MEMBERSHIP PRIVILEGES:
- GP consultation @ $15 nett
- Flu Vaccination @ $32 nett
- Pink Health Screening Package @ $99 nett
- Gold Health Screening Package @ $250 nett","healthcare, medical clinic, doctors, family medicine, health screening, general practitioner",Not verified
Healthway Medical,"Blk 748 Yishun Street 72, #01-230",760748,-,-,"BLACK PASSION MEMBERSHIP PRIVILEGES: 
- GP consultation @ $20 nett
- Flu Vaccination @ $34 nett
- Pink Health Screening Package @ $99 nett
- Gold Health Screening Package @ $250 nett

PASSION SILVER / PLATINUM MEMBERSHIP PRIVILEGES:
- GP consultation @ $15 nett
- Flu Vaccination @ $32 nett
- Pink Health Screening Package @ $99 nett
- Gold Health Screening Package @ $250 nett","healthcare, medical clinic, doctors, family medicine, health screening, general practitioner",Not verified
Healthway Screening,"Downtown Gallery, 6A Shenton Way, #03-11/12/13",68815,-,-,"BLACK PASSION CARD PRIVILEGES:
- Executive Health Screening at Healthway Screening Centres:
  - Core: $385.20 nett
  - Ember: $520.20 nett
  - Eunoia (Female / Male): $882 nett / $826.20 nett
  - Orchid (Female / Male): $1,159.20 nett / $1,105.20 nett
  - Noir (Female / Male): $1,465.20 nett / $1,402.20 nett
  - Camellia (Female / Male): $1,897.20 nett / $1762.20 nett
  - Ivory (Female / Male): $4,219.20 nett / $4,147.20 nett

PASSION SILVER / PLATINUM CARD PRIVILEGES:
- Executive Health Screening at Healthway Screening Centres:
  - Core: $363.80 nett
  - Ember: $491.30 nett
  - Eunoia (Female / Male): $833 nett / $780.30 nett
  - Orchid (Female / Male): $1,094.80 nett / $1,043.80 nett
  - Noir (Female / Male): $1,383.80 nett / $1,324.30 nett
  - Camellia (Female / Male): $1,791.80 nett / $1,664.30 nett
  - Ivory (Female / Male): $3,984.80 nett / $3,916.80 nett","health screening, medical, health check, screening, wellness, corporate health",Not verified
Healthway Screening,"The Capitol, 13 Stamford Road, #B2-17/18/19/20/21",178905,-,-,"BLACK PASSION CARD PRIVILEGES:
- Executive Health Screening at Healthway Screening Centres:
  - Core: $385.20 nett
  - Ember: $520.20 nett
  - Eunoia (Female / Male): $882 nett / $826.20 nett
  - Orchid (Female / Male): $1,159.20 nett / $1,105.20 nett
  - Noir (Female / Male): $1,465.20 nett / $1,402.20 nett
  - Camellia (Female / Male): $1,897.20 nett / $1762.20 nett
  - Ivory (Female / Male): $4,219.20 nett / $4,147.20 nett

PASSION SILVER / PLATINUM CARD PRIVILEGES:
- Executive Health Screening at Healthway Screening Centres:
  - Core: $363.80 nett
  - Ember: $491.30 nett
  - Eunoia (Female / Male): $833 nett / $780.30 nett
  - Orchid (Female / Male): $1,094.80 nett / $1,043.80 nett
  - Noir (Female / Male): $1,383.80 nett / $1,324.30 nett
  - Camellia (Female / Male): $1,791.80 nett / $1,664.30 nett
  - Ivory (Female / Male): $3,984.80 nett / $3,916.80 nett","health screening, medical, health check, screening, wellness, corporate health",Not verified
Healthway Screening,"The Centrepoint, 176 Orchard Road, #06-03/04",238843,-,-,"BLACK PASSION CARD PRIVILEGES:
- Executive Health Screening at Healthway Screening Centres:
  - Core: $385.20 nett
  - Ember: $520.20 nett
  - Eunoia (Female / Male): $882 nett / $826.20 nett
  - Orchid (Female / Male): $1,159.20 nett / $1,105.20 nett
  - Noir (Female / Male): $1,465.20 nett / $1,402.20 nett
  - Camellia (Female / Male): $1,897.20 nett / $1762.20 nett
  - Ivory (Female / Male): $4,219.20 nett / $4,147.20 nett

PASSION SILVER / PLATINUM CARD PRIVILEGES:
- Executive Health Screening at Healthway Screening Centres:
  - Core: $363.80 nett
  - Ember: $491.30 nett
  - Eunoia (Female / Male): $833 nett / $780.30 nett
  - Orchid (Female / Male): $1,094.80 nett / $1,043.80 nett
  - Noir (Female / Male): $1,383.80 nett / $1,324.30 nett
  - Camellia (Female / Male): $1,791.80 nett / $1,664.30 nett
  - Ivory (Female / Male): $3,984.80 nett / $3,916.80 nett","health screening, medical, health check, screening, wellness, corporate health",Not verified
Hei Sushi,"Market Square @ Downtown East E!Avenue, 1 Pasir Ris Close, #02-334",519599,1/12/2025,30/11/2026,"PASSION MEMBERSHIP PRIVILEGE:
- 10% off total bill","food, sushi, Japanese food, bento, sashimi, rice bowls, takeaway",Not verified
Hei Sushi,"Sakae Building, 28 Tai Seng Street, #01-02",534106,1/12/2025,30/11/2026,"PASSION MEMBERSHIP PRIVILEGE:
- 10% off total bill","food, sushi, Japanese food, bento, sashimi, rice bowls, takeaway",Not verified
Hei Sushi,"Sembawang Shopping Centre, 604 Sembawang Road, #01-22/23",758459,1/12/2025,30/11/2026,"PASSION MEMBERSHIP PRIVILEGE:
- 10% off total bill","food, sushi, Japanese food, bento, sashimi, rice bowls, takeaway",Not verified
Hei Sushi,"Woodlands Civic Centre, 900 South Woodlands Drive, #01-04",730900,1/12/2025,30/11/2026,"PASSION MEMBERSHIP PRIVILEGE:
- 10% off total bill","food, sushi, Japanese food, bento, sashimi, rice bowls, takeaway",Not verified
Hokkaido Baked Cheese Tart,"Changi Airport Terminal 3, 65 Airport Boulevard, #B2-11",819663,1/11/2025,31/10/2026,"PASSION MEMBERSHIP PRIVILEGE:
- 5% off regular-priced items with a minimum spending of $4","food, desserts, bakery, cheese tart, pastries, Japanese desserts, snacks, sweet treats",Not verified
Hokkaido Baked Cheese Tart,"Jurong Point, 1 Jurong West Central 2, #B1-K2",648886,1/11/2025,31/10/2026,"PASSION MEMBERSHIP PRIVILEGE:
- 5% off regular-priced items with a minimum spending of $4","food, desserts, bakery, cheese tart, pastries, Japanese desserts, snacks, sweet treats",Not verified
Hokkaido Baked Cheese Tart,"Parkway Parade, 80 Marine Parade Road, #01-23B",449269,1/11/2025,31/10/2026,"PASSION MEMBERSHIP PRIVILEGE:
- 5% off regular-priced items with a minimum spending of $4","food, desserts, bakery, cheese tart, pastries, Japanese desserts, snacks, sweet treats",Not verified
Holiday Inn Singapore Orchard City Centre,"Holiday Inn Singapore Orchard City Centre, 11 Cavenagh Road",229616,1/1/2026,31/12/2026,"PASSION MEMBERSHIP PRIVILEGES:
- 1-for-1 for dinner buffet at Window on the Park Restaurant
- 20% off of a la carte menu at Window on the Park Restaurant
- 20% off of a la carte menu at Hari’s Lobby Lounge & Bar
- 1-for-1 for High Tea at Hari’s Lobby Lounge & Bar
- 20% off of a la carte menu at Tandoor restaurant 
- 10% off Best Flexi Room Rate 
- 15% off Best Flexi Room Rate (BBR) for advance booking minimum 14 days from stay date
- Wedding Dinner Banquet Package from $1,088++ (per table of 10 persons and 1 night stay in Standard room with inclusive of daily Breakfast for 2 pax)","hotel, accommodation, Orchard, travel, staycation, dining, family, meetings",Not verified
Holiday Inn Singapore Orchard City Centre,"Hari's Lobby Lounge & Bar, 11 Cavenagh Road, Level 1",229616,1/1/2026,31/12/2026,"PASSION MEMBERSHIP PRIVILEGES:
- 1-for-1 for dinner buffet at Window on the Park Restaurant
- 20% off of a la carte menu at Window on the Park Restaurant
- 20% off of a la carte menu at Hari’s Lobby Lounge & Bar
- 1-for-1 for High Tea at Hari’s Lobby Lounge & Bar
- 20% off of a la carte menu at Tandoor restaurant 
- 10% off Best Flexi Room Rate 
- 15% off Best Flexi Room Rate (BBR) for advance booking minimum 14 days from stay date
- Wedding Dinner Banquet Package from $1,088++ (per table of 10 persons and 1 night stay in Standard room with inclusive of daily Breakfast for 2 pax)","hotel, accommodation, Orchard, travel, staycation, dining, family, meetings",Not verified
Holiday Inn Singapore Orchard City Centre,"Tandoor, 11 Cavenagh Road, Level B1",229616,1/1/2026,31/12/2026,"PASSION MEMBERSHIP PRIVILEGES:
- 1-for-1 for dinner buffet at Window on the Park Restaurant
- 20% off of a la carte menu at Window on the Park Restaurant
- 20% off of a la carte menu at Hari’s Lobby Lounge & Bar
- 1-for-1 for High Tea at Hari’s Lobby Lounge & Bar
- 20% off of a la carte menu at Tandoor restaurant 
- 10% off Best Flexi Room Rate 
- 15% off Best Flexi Room Rate (BBR) for advance booking minimum 14 days from stay date
- Wedding Dinner Banquet Package from $1,088++ (per table of 10 persons and 1 night stay in Standard room with inclusive of daily Breakfast for 2 pax)","hotel, accommodation, Orchard, travel, staycation, dining, family, meetings",Not verified
Holiday Inn Singapore Orchard City Centre,"Window on the Park, 11 Cavenagh Road, Level 2",229616,1/1/2026,31/12/2026,"PASSION MEMBERSHIP PRIVILEGES:
- 1-for-1 for dinner buffet at Window on the Park Restaurant
- 20% off of a la carte menu at Window on the Park Restaurant
- 20% off of a la carte menu at Hari’s Lobby Lounge & Bar
- 1-for-1 for High Tea at Hari’s Lobby Lounge & Bar
- 20% off of a la carte menu at Tandoor restaurant 
- 10% off Best Flexi Room Rate 
- 15% off Best Flexi Room Rate (BBR) for advance booking minimum 14 days from stay date
- Wedding Dinner Banquet Package from $1,088++ (per table of 10 persons and 1 night stay in Standard room with inclusive of daily Breakfast for 2 pax)","hotel, accommodation, Orchard, travel, staycation, dining, family, meetings",Not verified
Homes & Décor Superstore Pte Ltd,"Alexandra Megastore, 12 Jalang Kilang Barat, L1 - L6",159354,1/10/2025,30/9/2026,"PASSION MEMBERSHIP PRIVILEGES:
- 5% off regular-priced items","home, furniture, home decor, household, renovation, interior, lifestyle",Not verified
Homes & Décor Superstore Pte Ltd,"Luzerne Building, 72 Bendemeer Road, #01-06",339941,1/10/2025,30/9/2026,"PASSION MEMBERSHIP PRIVILEGES:
- 5% off regular-priced items","home, furniture, home decor, household, renovation, interior, lifestyle",Not verified
Homes & Décor Superstore Pte Ltd,"Marina Square, 6 Raffles Boulevard, #03-300-303, #03-346/347/348",39594,1/10/2025,30/9/2026,"PASSION MEMBERSHIP PRIVILEGES:
- 5% off regular-priced items","home, furniture, home decor, household, renovation, interior, lifestyle",Not verified
Homes & Décor Superstore Pte Ltd,"Sungei Kadut, 67 Sungei Kadut Drive, L1 & L2",729567,1/10/2025,30/9/2026,"PASSION MEMBERSHIP PRIVILEGES:
- 5% off regular-priced items","home, furniture, home decor, household, renovation, interior, lifestyle",Not verified
HomeTeamNS Bedok Reservoir,900 Bedok North Road,479994,1/4/2026,31/3/2027,"PASSION MEMBERSHIP PRIVILEGES:
- Up to 20% off guest rates at the following facilities
   - Action Motion
   - Aqua Adventure
   - Fitness Workz Garage
   - ManCaves
- Enjoy HomeTeamNS affiliate rates for East Villa bookings","recreation, sports, fitness, family, clubhouse, activities, dining, leisure",Not verified
HomeTeamNS Bukit Batok,2 Bukit Batok West Avenue 7,659003,1/4/2026,31/3/2027,"PASSION MEMBERSHIP PRIVILEGES:
- Up to 20% off guest rates at the following facilities
   - Laser Quest
   - T-Play
   - Fitness Workz Bukit Batok
   - PlayPen
   - Games Room","recreation, sports, fitness, family, clubhouse, activities, dining, leisure",Not verified
HomeTeamNS Khatib,2 Yishun Walk,767944,1/4/2026,31/3/2027,"PASSION MEMBERSHIP PRIVILEGES:
- Up to 20% off guest rates at the following facilities
  - Adventure HQ
  - TactSim
  - T-Play
  - Fitness Workz Premium
  - Pickleball Court
  - ManCaves
  - BBQ Pit","recreation, sports, fitness, family, clubhouse, activities, dining, leisure",Not verified
Hong Lim Curry Puff,"ABC Brickworks Market & Food Centre, 6 Jalan Bukit Merah, #01-03",150006,1/7/2026,30/6/2027,"BLACK PASSION MEMBERSHIP PRIVILEGE:
- Buy 5 Get 1 Free Classic Puff

PASSION SILVER / PLATINUM MEMBERSHIP PRIVILEGE:
- Any 3 Classic Puffs for $5","food, snacks, curry puff, pastries, local food, takeaway",Not verified
Hong Lim Curry Puff,"Albert Centre Market & Food Centre, 270 Queen Street, #01-108",180270,1/7/2026,30/6/2027,"BLACK PASSION MEMBERSHIP PRIVILEGE:
- Buy 5 Get 1 Free Classic Puff

PASSION SILVER / PLATINUM MEMBERSHIP PRIVILEGE:
- Any 3 Classic Puffs for $5","food, snacks, curry puff, pastries, local food, takeaway",Not verified
Hong Lim Curry Puff,"Alexandra Village Food Centre, 120 Bukit Merah Lane 1, #01-53",150120,1/7/2026,30/6/2027,"BLACK PASSION MEMBERSHIP PRIVILEGE:
- Buy 5 Get 1 Free Classic Puff

PASSION SILVER / PLATINUM MEMBERSHIP PRIVILEGE:
- Any 3 Classic Puffs for $5","food, snacks, curry puff, pastries, local food, takeaway",Not verified
Hong Lim Curry Puff,"Amoy Street Food Centre, 7 Maxwell Road, #01-51",69111,1/7/2026,30/6/2027,"BLACK PASSION MEMBERSHIP PRIVILEGE:
- Buy 5 Get 1 Free Classic Puff

PASSION SILVER / PLATINUM MEMBERSHIP PRIVILEGE:
- Any 3 Classic Puffs for $5","food, snacks, curry puff, pastries, local food, takeaway",Not verified
Hong Lim Curry Puff,"Bedok 85 Market, 85 Bedok North Street, #01-46",460085,1/7/2026,30/6/2027,"BLACK PASSION MEMBERSHIP PRIVILEGE:
- Buy 5 Get 1 Free Classic Puff

PASSION SILVER / PLATINUM MEMBERSHIP PRIVILEGE:
- Any 3 Classic Puffs for $5","food, snacks, curry puff, pastries, local food, takeaway",Not verified
Hong Lim Curry Puff,"Bedok Market & Food Centre, Block 216 Bedok North Street 1, #01-73",460216,1/7/2026,30/6/2027,"BLACK PASSION MEMBERSHIP PRIVILEGE:
- Buy 5 Get 1 Free Classic Puff

PASSION SILVER / PLATINUM MEMBERSHIP PRIVILEGE:
- Any 3 Classic Puffs for $5","food, snacks, curry puff, pastries, local food, takeaway",Not verified
Hong Lim Curry Puff,"Bedok South Market & Food Centre, 16 Bedok South Road, #01-40",460016,1/7/2026,30/6/2027,"BLACK PASSION MEMBERSHIP PRIVILEGE:
- Buy 5 Get 1 Free Classic Puff

PASSION SILVER / PLATINUM MEMBERSHIP PRIVILEGE:
- Any 3 Classic Puffs for $5","food, snacks, curry puff, pastries, local food, takeaway",Not verified
Hong Lim Curry Puff,"Bendemeer Market & Food Centre, 29 Bendemeer Road, #01-87",330029,1/7/2026,30/6/2027,"BLACK PASSION MEMBERSHIP PRIVILEGE:
- Buy 5 Get 1 Free Classic Puff

PASSION SILVER / PLATINUM MEMBERSHIP PRIVILEGE:
- Any 3 Classic Puffs for $5","food, snacks, curry puff, pastries, local food, takeaway",Not verified
Hong Lim Curry Puff,"Bukit Timah Wet Market & Food Centre (Interim), 2A Jalan Seh Chuan, #01-008",599213,1/7/2026,30/6/2027,"BLACK PASSION MEMBERSHIP PRIVILEGE:
- Buy 5 Get 1 Free Classic Puff

PASSION SILVER / PLATINUM MEMBERSHIP PRIVILEGE:
- Any 3 Classic Puffs for $5","food, snacks, curry puff, pastries, local food, takeaway",Not verified
Hong Lim Curry Puff,"Chinatown Complex, 35 Smith Street, #02-102",50335,1/7/2026,30/6/2027,"BLACK PASSION MEMBERSHIP PRIVILEGE:
- Buy 5 Get 1 Free Classic Puff

PASSION SILVER / PLATINUM MEMBERSHIP PRIVILEGE:
- Any 3 Classic Puffs for $5","food, snacks, curry puff, pastries, local food, takeaway",Not verified
Hong Lim Curry Puff,"Chong Pang Food Centre, 105 Yishun Ring Road, #01-134",760105,1/7/2026,30/6/2027,"BLACK PASSION MEMBERSHIP PRIVILEGE:
- Buy 5 Get 1 Free Classic Puff

PASSION SILVER / PLATINUM MEMBERSHIP PRIVILEGE:
- Any 3 Classic Puffs for $5","food, snacks, curry puff, pastries, local food, takeaway",Not verified
Hong Lim Curry Puff,"Fortune Centre, 190 Middle Road, #04-15A",188979,1/7/2026,30/6/2027,"BLACK PASSION MEMBERSHIP PRIVILEGE:
- Buy 5 Get 1 Free Classic Puff

PASSION SILVER / PLATINUM MEMBERSHIP PRIVILEGE:
- Any 3 Classic Puffs for $5","food, snacks, curry puff, pastries, local food, takeaway",Not verified
Hong Lim Curry Puff,"Geylang Bahru Market & Food Centre, 69 Geylang Bahru, #01-37",330069,1/7/2026,30/6/2027,"BLACK PASSION MEMBERSHIP PRIVILEGE:
- Buy 5 Get 1 Free Classic Puff

PASSION SILVER / PLATINUM MEMBERSHIP PRIVILEGE:
- Any 3 Classic Puffs for $5","food, snacks, curry puff, pastries, local food, takeaway",Not verified
Hong Lim Curry Puff,"Geylang East Market & Food Centre, 117 Aljunied Avenue 2, #01-18 ",380117,1/7/2026,30/6/2027,"BLACK PASSION MEMBERSHIP PRIVILEGE:
- Buy 5 Get 1 Free Classic Puff

PASSION SILVER / PLATINUM MEMBERSHIP PRIVILEGE:
- Any 3 Classic Puffs for $5","food, snacks, curry puff, pastries, local food, takeaway",Not verified
Hong Lim Curry Puff,"Hougang Hainanese Village Centre, Block 105 Hougang Ave 1, #02-30",530105,1/7/2026,30/6/2027,"BLACK PASSION MEMBERSHIP PRIVILEGE:
- Buy 5 Get 1 Free Classic Puff

PASSION SILVER / PLATINUM MEMBERSHIP PRIVILEGE:
- Any 3 Classic Puffs for $5","food, snacks, curry puff, pastries, local food, takeaway",Not verified
Hong Lim Curry Puff,"Jem Kopitiam, 50 Jurong Gateway Road, #05-18",608549,1/7/2026,30/6/2027,"BLACK PASSION MEMBERSHIP PRIVILEGE:
- Buy 5 Get 1 Free Classic Puff

PASSION SILVER / PLATINUM MEMBERSHIP PRIVILEGE:
- Any 3 Classic Puffs for $5","food, snacks, curry puff, pastries, local food, takeaway",Not verified
Hong Lim Curry Puff,"Jurong West Hawker Centre, 50 Jurong West Street 61, #02-14",648202,1/7/2026,30/6/2027,"BLACK PASSION MEMBERSHIP PRIVILEGE:
- Buy 5 Get 1 Free Classic Puff

PASSION SILVER / PLATINUM MEMBERSHIP PRIVILEGE:
- Any 3 Classic Puffs for $5","food, snacks, curry puff, pastries, local food, takeaway",Not verified
Hong Lim Curry Puff,"Jurong West Market & Food Centre, 505 Jurong West Street 52, #01-10",640505,1/7/2026,30/6/2027,"BLACK PASSION MEMBERSHIP PRIVILEGE:
- Buy 5 Get 1 Free Classic Puff

PASSION SILVER / PLATINUM MEMBERSHIP PRIVILEGE:
- Any 3 Classic Puffs for $5","food, snacks, curry puff, pastries, local food, takeaway",Not verified
Hong Lim Curry Puff,"Marina Food House, 15 Philip Street",48694,1/7/2026,30/6/2027,"BLACK PASSION MEMBERSHIP PRIVILEGE:
- Buy 5 Get 1 Free Classic Puff

PASSION SILVER / PLATINUM MEMBERSHIP PRIVILEGE:
- Any 3 Classic Puffs for $5","food, snacks, curry puff, pastries, local food, takeaway",Not verified
Hong Lim Curry Puff,"Paya Lebar Quarter Mall (PLQ) Kopitiam, 10 Paya Lebar Road, #04-1A",409057,1/7/2026,30/6/2027,"BLACK PASSION MEMBERSHIP PRIVILEGE:
- Buy 5 Get 1 Free Classic Puff

PASSION SILVER / PLATINUM MEMBERSHIP PRIVILEGE:
- Any 3 Classic Puffs for $5","food, snacks, curry puff, pastries, local food, takeaway",Not verified
Hong Lim Curry Puff,"Redhill Food Centre, 85 Redhill Lane, #01-44",150085,1/7/2026,30/6/2027,"BLACK PASSION MEMBERSHIP PRIVILEGE:
- Buy 5 Get 1 Free Classic Puff

PASSION SILVER / PLATINUM MEMBERSHIP PRIVILEGE:
- Any 3 Classic Puffs for $5","food, snacks, curry puff, pastries, local food, takeaway",Not verified
Hong Lim Curry Puff,"Sims Vista Market & Food Centre, 49 Sims Place, #01-39",380049,1/7/2026,30/6/2027,"BLACK PASSION MEMBERSHIP PRIVILEGE:
- Buy 5 Get 1 Free Classic Puff

PASSION SILVER / PLATINUM MEMBERSHIP PRIVILEGE:
- Any 3 Classic Puffs for $5","food, snacks, curry puff, pastries, local food, takeaway",Not verified
Hong Lim Curry Puff,"Tiong Bahru Market & Food Centre, 30 Seng Poh Road, #02-78",168898,1/7/2026,30/6/2027,"BLACK PASSION MEMBERSHIP PRIVILEGE:
- Buy 5 Get 1 Free Classic Puff

PASSION SILVER / PLATINUM MEMBERSHIP PRIVILEGE:
- Any 3 Classic Puffs for $5","food, snacks, curry puff, pastries, local food, takeaway",Not verified
Hong Lim Curry Puff,"Toa Payoh, Block 183 Toa Payoh Central, #01-316",310183,1/7/2026,30/6/2027,"BLACK PASSION MEMBERSHIP PRIVILEGE:
- Buy 5 Get 1 Free Classic Puff

PASSION SILVER / PLATINUM MEMBERSHIP PRIVILEGE:
- Any 3 Classic Puffs for $5","food, snacks, curry puff, pastries, local food, takeaway",Not verified
Hong Lim Curry Puff,"Whampoa Food Centre, Block 91 Whampoa Drive, #01-19",320091,1/7/2026,30/6/2027,"BLACK PASSION MEMBERSHIP PRIVILEGE:
- Buy 5 Get 1 Free Classic Puff

PASSION SILVER / PLATINUM MEMBERSHIP PRIVILEGE:
- Any 3 Classic Puffs for $5","food, snacks, curry puff, pastries, local food, takeaway",Not verified
Hong Lim Curry Puff,"Yew Tee Point, 21 Choa Chu Kang North 6, #B1-TS1",689578,1/7/2026,30/6/2027,"BLACK PASSION MEMBERSHIP PRIVILEGE:
- Buy 5 Get 1 Free Classic Puff

PASSION SILVER / PLATINUM MEMBERSHIP PRIVILEGE:
- Any 3 Classic Puffs for $5","food, snacks, curry puff, pastries, local food, takeaway",Not verified
Hong Lim Curry Puff,"Yuhua Village Market & Food Centre, 254 Jurong East Street 24, #01-36",600254,1/7/2026,30/6/2027,"BLACK PASSION MEMBERSHIP PRIVILEGE:
- Buy 5 Get 1 Free Classic Puff

PASSION SILVER / PLATINUM MEMBERSHIP PRIVILEGE:
- Any 3 Classic Puffs for $5","food, snacks, curry puff, pastries, local food, takeaway",Not verified
HOTEL GRAND PACIFIC,"HOTEL GRAND PACIFIC, 101 Victoria Street",188018,1/8/2026,31/7/2027,"PASSION MEMBERSHIP PRIVILEGES:
- 10% off Best Available Room Rates (Promo code: PAcard)
- 1-for-1 Peranakan Lunch & Dinner Buffet at Sun's Cafe
  - Monday to Thursday: Buffet Lunch & Dinner at U.P. $60++ per Adult
  - Friday to Sunday: Buffet Lunch & Dinner at U.P. $65++ per Adult","hotel, accommodation, travel, City Hall, staycation, business travel, dining",Not verified
HOTEL GRAND PACIFIC,"Sun's Cafe, 101 Victoria Street, Ground Level",188018,1/8/2026,31/7/2027,"PASSION MEMBERSHIP PRIVILEGES:
- 10% off Best Available Room Rates (Promo code: PAcard)
- 1-for-1 Peranakan Lunch & Dinner Buffet at Sun's Cafe
  - Monday to Thursday: Buffet Lunch & Dinner at U.P. $60++ per Adult
  - Friday to Sunday: Buffet Lunch & Dinner at U.P. $65++ per Adult","hotel, accommodation, travel, City Hall, staycation, business travel, dining",Not verified
Jack’s Place Steakhouse & Restaurant,"Anchorpoint, 370 Alexandra Road, #01-09/10",159953,1/11/2025,31/10/2027,"PASSION MEMBERSHIP PRIVILEGE:   
- $5 off total bill with a minimum spending of $50 (Mon - Fri)

PASSION SILVER MEMBERSHIP PRIVILEGE:
- $10 off total bill with a minimum spending of $50 (Mon - Fri)","food, restaurant, steakhouse, steak, Western food, burgers, pasta, family dining",Not verified
Jack’s Place Steakhouse & Restaurant,"Ang Mo Kio, Blk 730 Ang Mo Kio Avenue 6, #01-4274",560730,1/11/2025,31/10/2027,"PASSION MEMBERSHIP PRIVILEGE:   
- $5 off total bill with a minimum spending of $50 (Mon - Fri)

PASSION SILVER MEMBERSHIP PRIVILEGE:
- $10 off total bill with a minimum spending of $50 (Mon - Fri)","food, restaurant, steakhouse, steak, Western food, burgers, pasta, family dining",Not verified
Jack’s Place Steakhouse & Restaurant,"Bras Basah Complex, Blk 231 Bain Street, #01-01",180231,1/11/2025,31/10/2027,"PASSION MEMBERSHIP PRIVILEGE:   
- $5 off total bill with a minimum spending of $50 (Mon - Fri)

PASSION SILVER MEMBERSHIP PRIVILEGE:
- $10 off total bill with a minimum spending of $50 (Mon - Fri)","food, restaurant, steakhouse, steak, Western food, burgers, pasta, family dining",Not verified
Jack’s Place Steakhouse & Restaurant,"City Square Mall, 180 Kitchener Road, #04-39",208539,1/11/2025,31/10/2027,"PASSION MEMBERSHIP PRIVILEGE:   
- $5 off total bill with a minimum spending of $50 (Mon - Fri)

PASSION SILVER MEMBERSHIP PRIVILEGE:
- $10 off total bill with a minimum spending of $50 (Mon - Fri)","food, restaurant, steakhouse, steak, Western food, burgers, pasta, family dining",Not verified
Jack’s Place Steakhouse & Restaurant,"Compass One, 1 Sengkang Square, #04-07",545078,1/11/2025,31/10/2027,"PASSION MEMBERSHIP PRIVILEGE:   
- $5 off total bill with a minimum spending of $50 (Mon - Fri)

PASSION SILVER MEMBERSHIP PRIVILEGE:
- $10 off total bill with a minimum spending of $50 (Mon - Fri)","food, restaurant, steakhouse, steak, Western food, burgers, pasta, family dining",Not verified
Jack’s Place Steakhouse & Restaurant,"Jem, 50 Jurong Gateway Road, #04-15",608549,1/11/2025,31/10/2027,"PASSION MEMBERSHIP PRIVILEGE:   
- $5 off total bill with a minimum spending of $50 (Mon - Fri)

PASSION SILVER MEMBERSHIP PRIVILEGE:
- $10 off total bill with a minimum spending of $50 (Mon - Fri)","food, restaurant, steakhouse, steak, Western food, burgers, pasta, family dining",Not verified
Jack’s Place Steakhouse & Restaurant,"Jewel Changi Airport, 78 Airport Boulevard, #05-202",819666,1/11/2025,31/10/2027,"PASSION MEMBERSHIP PRIVILEGE:   
- $5 off total bill with a minimum spending of $50 (Mon - Fri)

PASSION SILVER MEMBERSHIP PRIVILEGE:
- $10 off total bill with a minimum spending of $50 (Mon - Fri)","food, restaurant, steakhouse, steak, Western food, burgers, pasta, family dining",Not verified
Jack’s Place Steakhouse & Restaurant,"NEX, 23 Serangoon Central, #04-66",556083,1/11/2025,31/10/2027,"PASSION MEMBERSHIP PRIVILEGE:   
- $5 off total bill with a minimum spending of $50 (Mon - Fri)

PASSION SILVER MEMBERSHIP PRIVILEGE:
- $10 off total bill with a minimum spending of $50 (Mon - Fri)","food, restaurant, steakhouse, steak, Western food, burgers, pasta, family dining",Not verified
Jack’s Place Steakhouse & Restaurant,"Parkway Parade, 80 Marine Parade Road, #03-30D",449269,1/11/2025,31/10/2027,"PASSION MEMBERSHIP PRIVILEGE:   
- $5 off total bill with a minimum spending of $50 (Mon - Fri)

PASSION SILVER MEMBERSHIP PRIVILEGE:
- $10 off total bill with a minimum spending of $50 (Mon - Fri)","food, restaurant, steakhouse, steak, Western food, burgers, pasta, family dining",Not verified
Jack’s Place Steakhouse & Restaurant,"SAFRA Jurong, 333 Boon Lay Way, #2A-01",649848,1/11/2025,31/10/2027,"PASSION MEMBERSHIP PRIVILEGE:   
- $5 off total bill with a minimum spending of $50 (Mon - Fri)

PASSION SILVER MEMBERSHIP PRIVILEGE:
- $10 off total bill with a minimum spending of $50 (Mon - Fri)","food, restaurant, steakhouse, steak, Western food, burgers, pasta, family dining",Not verified
Jack’s Place Steakhouse & Restaurant,"SAFRA Punggol, 9 Sentul Crescent, #01-01",828654,1/11/2025,31/10/2027,"PASSION MEMBERSHIP PRIVILEGE:   
- $5 off total bill with a minimum spending of $50 (Mon - Fri)

PASSION SILVER MEMBERSHIP PRIVILEGE:
- $10 off total bill with a minimum spending of $50 (Mon - Fri)","food, restaurant, steakhouse, steak, Western food, burgers, pasta, family dining",Not verified
Jack’s Place Steakhouse & Restaurant,"Toa Payoh (OrangeTee Building), 430 Toa Payoh Lorong 6, #01-01A",319402,1/11/2025,31/10/2027,"PASSION MEMBERSHIP PRIVILEGE:   
- $5 off total bill with a minimum spending of $50 (Mon - Fri)

PASSION SILVER MEMBERSHIP PRIVILEGE:
- $10 off total bill with a minimum spending of $50 (Mon - Fri)","food, restaurant, steakhouse, steak, Western food, burgers, pasta, family dining",Not verified
Jewel Changi Airport,78 Airport Boulevard,819666,1/1/2026,31/12/2026,"PASSION MEMBERSHIP PRIVILEGES:
- 10% off Singapore Residents Rate (exclude Canopy Park & Bundle Deals) (Promo code: PAJEWEL10)","shopping, attractions, travel, airport, Changi, food, retail, family, tourism",Not verified
J.I.A.K 99,"J.I.A.K 99 @ Singapore Flyer, 30 Raffles Avenue, #01-12",39803,1/12/2025,30/11/2026,"PASSION MEMBERSHIP PRIVILEGES:
- 10% off Classic Hawker Experience + Chef Table Bundle (U.P. $50 per Adult, $40 per Child)
- 10% off food & beverages","fashion, lifestyle, apparel, accessories",Not verified
JINJJA CHICKEN,"Bugis+, 201 Victoria Street, #01-11",188067,1/5/2026,30/4/2027,"PASSION MEMBERSHIP PRIVILEGE:
- 18 pcs Jinjja Signature Chicken Wings for $15.90 (U.P. $21.90)","food, Korean food, Korean fried chicken, fried chicken, jjajangmyeon, noodles, burgers, fast casual, halal food",Yes
JINJJA CHICKEN,"Northpoint City, 930 Yishun Avenue 2, #01-45",769098,1/5/2026,30/4/2027,"PASSION MEMBERSHIP PRIVILEGE:
- 18 pcs Jinjja Signature Chicken Wings for $15.90 (U.P. $21.90)","food, Korean food, Korean fried chicken, fried chicken, jjajangmyeon, noodles, burgers, fast casual, halal food",Yes
JINJJA CHICKEN,"Sengkang Grand Mall, 70 Compassvale Bow, #01-17",544692,1/5/2026,30/4/2027,"PASSION MEMBERSHIP PRIVILEGE:
- 18 pcs Jinjja Signature Chicken Wings for $15.90 (U.P. $21.90)","food, Korean food, Korean fried chicken, fried chicken, jjajangmyeon, noodles, burgers, fast casual, halal food",Yes
JINJJA CHICKEN,"Westgate, 3 Gateway Drive, #02-05",608532,1/5/2026,30/4/2027,"PASSION MEMBERSHIP PRIVILEGE:
- 18 pcs Jinjja Signature Chicken Wings for $15.90 (U.P. $21.90)","food, Korean food, Korean fried chicken, fried chicken, jjajangmyeon, noodles, burgers, fast casual, halal food",Yes
JINJJA KITCHEN,"Bukit Panjang Plaza, 1 Jelebu Road, #02-10",677743,1/5/2026,30/4/2027,"PASSION MEMBERSHIP PRIVILEGE:
- 18 pcs Jinjja Signature Chicken Wings for $15.90 (U.P. $21.90)","food, Korean food, hotplate, Korean rice, noodles, fried chicken, ice cream, croffles, fast casual, halal food",Yes
JINJJA KITCHEN,"Our Tampines Hub, 1 Tampines Walk, #01-101",528523,1/5/2026,30/4/2027,"PASSION MEMBERSHIP PRIVILEGE:
- 18 pcs Jinjja Signature Chicken Wings for $15.90 (U.P. $21.90)","food, Korean food, hotplate, Korean rice, noodles, fried chicken, ice cream, croffles, fast casual, halal food",Yes
JINJJA KITCHEN,"Jurong Point Shopping Centre JP1, 1 Jurong West Central 2, #B1-06",648886,1/5/2026,30/4/2027,"PASSION MEMBERSHIP PRIVILEGE:
- 18 pcs Jinjja Signature Chicken Wings for $15.90 (U.P. $21.90)","food, Korean food, hotplate, Korean rice, noodles, fried chicken, ice cream, croffles, fast casual, halal food",Yes
Katong Flower Shop,221-A Bedok South Avenue 1,469339,1/10/2025,30/9/2026,"BLACK PASSION MEMBERSHIP PRIVILEGES:
- 10% off fresh & artificial floral arrangements
- 10% off plants & all other items

PASSION SILVER / PLATINUM MEMBERSHIP PRIVILEGES:
- 15% off all fresh & artificial floral arrangements
- 10% off plants & all other items","flowers, florist, bouquets, gifts, plants, wedding flowers",Not verified
KBOX Jewellery,"Bugis+, 201 Victoria Street, #02-59/60",188067,1/5/2025,30/4/2027,"PASSION MEMBERSHIP PRIVILEGE:
- 10% off regular-priced jewellery with a minimum spending of $20","jewellery, accessories, gifts, fashion, watches, women",Not verified
KBOX Jewellery,"Junction 8, 9 Bishan Place, #01-44A",579837,1/5/2025,30/4/2027,"PASSION MEMBERSHIP PRIVILEGE:
- 10% off regular-priced jewellery with a minimum spending of $20","jewellery, accessories, gifts, fashion, watches, women",Not verified
KBOX Jewellery,"Plaza Singapura, 68 Orchard Road, #B1-38",238839,1/5/2025,30/4/2027,"PASSION MEMBERSHIP PRIVILEGE:
- 10% off regular-priced jewellery with a minimum spending of $20","jewellery, accessories, gifts, fashion, watches, women",Not verified
Kinohimitsu,"Northpoint City, 1 Northpoint Drive, #01-111, (South Wing)",768019,1/5/2026,30/4/2027,"PASSION MEMBERSHIP PRIVILEGE:
- In-store: 16% off total bill 
- Online: 16% off total bill (Promo Code: PASSION16PO)","beauty, wellness, supplements, health, skincare, nutrition",Not verified
Kinohimitsu,"Paya Lebar Quarter Mall (PLQ), 10 Paya Lebar Road, #B1-K1",677743,1/5/2026,30/4/2027,"PASSION MEMBERSHIP PRIVILEGE:
- In-store: 16% off total bill 
- Online: 16% off total bill (Promo Code: PASSION16PO)","beauty, wellness, supplements, health, skincare, nutrition",Not verified
Kinohimitsu,"Tampines Mall, 4 Tampines Central 5, Level 2 kiosk",529510,1/5/2026,30/4/2027,"PASSION MEMBERSHIP PRIVILEGE:
- In-store: 16% off total bill 
- Online: 16% off total bill (Promo Code: PASSION16PO)","beauty, wellness, supplements, health, skincare, nutrition",Not verified
Koufu,"Anchorpoint, 370 Alexandra Road, #B1-20/21",159953,1/1/2026,31/12/2026,"PASSION SILVER MEMBERSHIP PRIVILEGE:   
- Kaya Butter Bun + Hot Coffee / Tea @ $2.50 on Mon - Fri from 3:00 PM - 5:00 PM (U.P. $2.80 - $3.20)","food, food court, hawker, local food, drinks, noodles, rice, Chinese food, Malay food, snacks",Not verified
Koufu,"Buangkok Square, 991 Buangkok Link, #02-21",530991,1/1/2026,31/12/2026,"PASSION SILVER MEMBERSHIP PRIVILEGE:   
- Kaya Butter Bun + Hot Coffee / Tea @ $2.50 on Mon - Fri from 3:00 PM - 5:00 PM (U.P. $2.80 - $3.20)","food, food court, hawker, local food, drinks, noodles, rice, Chinese food, Malay food, snacks",Not verified
Koufu,"Compassvale Street, 263 Compassvale Street, #01-09",540263,1/1/2026,31/12/2026,"PASSION SILVER MEMBERSHIP PRIVILEGE:   
- Kaya Butter Bun + Hot Coffee / Tea @ $2.50 on Mon - Fri from 3:00 PM - 5:00 PM (U.P. $2.80 - $3.20)","food, food court, hawker, local food, drinks, noodles, rice, Chinese food, Malay food, snacks",Not verified
Koufu,"Dawson Place, 57 Dawson Road, #02-09/10",142057,1/1/2026,31/12/2026,"PASSION SILVER MEMBERSHIP PRIVILEGE:   
- Kaya Butter Bun + Hot Coffee / Tea @ $2.50 on Mon - Fri from 3:00 PM - 5:00 PM (U.P. $2.80 - $3.20)","food, food court, hawker, local food, drinks, noodles, rice, Chinese food, Malay food, snacks",Not verified
Koufu,"Eastlink Mall, 8 Tampines Central 1, #01-18",529543,1/1/2026,31/12/2026,"PASSION SILVER MEMBERSHIP PRIVILEGE:   
- Kaya Butter Bun + Hot Coffee / Tea @ $2.50 on Mon - Fri from 3:00 PM - 5:00 PM (U.P. $2.80 - $3.20)","food, food court, hawker, local food, drinks, noodles, rice, Chinese food, Malay food, snacks",Not verified
Koufu,"Enterprise One, 1 Kaki Bukit Road, #01-18",415934,1/1/2026,31/12/2026,"PASSION SILVER MEMBERSHIP PRIVILEGE:   
- Kaya Butter Bun + Hot Coffee / Tea @ $2.50 on Mon - Fri from 3:00 PM - 5:00 PM (U.P. $2.80 - $3.20)","food, food court, hawker, local food, drinks, noodles, rice, Chinese food, Malay food, snacks",Not verified
Koufu,"Fajar Shopping Centre, 445 Fajar Road, #01-548",670445,1/1/2026,31/12/2026,"PASSION SILVER MEMBERSHIP PRIVILEGE:   
- Kaya Butter Bun + Hot Coffee / Tea @ $2.50 on Mon - Fri from 3:00 PM - 5:00 PM (U.P. $2.80 - $3.20)","food, food court, hawker, local food, drinks, noodles, rice, Chinese food, Malay food, snacks",Not verified
Koufu,"Fusionopolis, 1 Fusionopolis Way, #B2-02",138632,1/1/2026,31/12/2026,"PASSION SILVER MEMBERSHIP PRIVILEGE:   
- Kaya Butter Bun + Hot Coffee / Tea @ $2.50 on Mon - Fri from 3:00 PM - 5:00 PM (U.P. $2.80 - $3.20)","food, food court, hawker, local food, drinks, noodles, rice, Chinese food, Malay food, snacks",Not verified
Koufu,"Hougang Rivercourt, 377 Hougang Street 32, #01-30",530377,1/1/2026,31/12/2026,"PASSION SILVER MEMBERSHIP PRIVILEGE:   
- Kaya Butter Bun + Hot Coffee / Tea @ $2.50 on Mon - Fri from 3:00 PM - 5:00 PM (U.P. $2.80 - $3.20)","food, food court, hawker, local food, drinks, noodles, rice, Chinese food, Malay food, snacks",Not verified
Koufu,"Koufu Headquarter, 1 Woodlands Height, #01-01",737859,1/1/2026,31/12/2026,"PASSION SILVER MEMBERSHIP PRIVILEGE:   
- Kaya Butter Bun + Hot Coffee / Tea @ $2.50 on Mon - Fri from 3:00 PM - 5:00 PM (U.P. $2.80 - $3.20)","food, food court, hawker, local food, drinks, noodles, rice, Chinese food, Malay food, snacks",Not verified
Koufu,"Loyang Point, 258 Pasir Ris Street 21, #02-09",510258,1/1/2026,31/12/2026,"PASSION SILVER MEMBERSHIP PRIVILEGE:   
- Kaya Butter Bun + Hot Coffee / Tea @ $2.50 on Mon - Fri from 3:00 PM - 5:00 PM (U.P. $2.80 - $3.20)","food, food court, hawker, local food, drinks, noodles, rice, Chinese food, Malay food, snacks",Not verified
Koufu,"Pasir Ris West Plaza, 735 Pasir Ris Street 72, #01-336",510735,1/1/2026,31/12/2026,"PASSION SILVER MEMBERSHIP PRIVILEGE:   
- Kaya Butter Bun + Hot Coffee / Tea @ $2.50 on Mon - Fri from 3:00 PM - 5:00 PM (U.P. $2.80 - $3.20)","food, food court, hawker, local food, drinks, noodles, rice, Chinese food, Malay food, snacks",Not verified
Koufu,"Perennial Business City, 1 Venture Avenue, #02-05",608521,1/1/2026,31/12/2026,"PASSION SILVER MEMBERSHIP PRIVILEGE:   
- Kaya Butter Bun + Hot Coffee / Tea @ $2.50 on Mon - Fri from 3:00 PM - 5:00 PM (U.P. $2.80 - $3.20)","food, food court, hawker, local food, drinks, noodles, rice, Chinese food, Malay food, snacks",Not verified
Koufu,"Pioneer Mall, 638A Jurong West Street 61, #01-22",641638,1/1/2026,31/12/2026,"PASSION SILVER MEMBERSHIP PRIVILEGE:   
- Kaya Butter Bun + Hot Coffee / Tea @ $2.50 on Mon - Fri from 3:00 PM - 5:00 PM (U.P. $2.80 - $3.20)","food, food court, hawker, local food, drinks, noodles, rice, Chinese food, Malay food, snacks",Not verified
Koufu,"Plantation Plaza (Tengah), 127 Plantation Crescent, #03-02",692127,1/1/2026,31/12/2026,"PASSION SILVER MEMBERSHIP PRIVILEGE:   
- Kaya Butter Bun + Hot Coffee / Tea @ $2.50 on Mon - Fri from 3:00 PM - 5:00 PM (U.P. $2.80 - $3.20)","food, food court, hawker, local food, drinks, noodles, rice, Chinese food, Malay food, snacks",Not verified
Koufu,"Punggol Plaza, 168 Punggol Field, #01-01",820168,1/1/2026,31/12/2026,"PASSION SILVER MEMBERSHIP PRIVILEGE:   
- Kaya Butter Bun + Hot Coffee / Tea @ $2.50 on Mon - Fri from 3:00 PM - 5:00 PM (U.P. $2.80 - $3.20)","food, food court, hawker, local food, drinks, noodles, rice, Chinese food, Malay food, snacks",Not verified
Koufu,"Rivervale Plaza, 118 Rivervale Drive, #02-15/16",540118,1/1/2026,31/12/2026,"PASSION SILVER MEMBERSHIP PRIVILEGE:   
- Kaya Butter Bun + Hot Coffee / Tea @ $2.50 on Mon - Fri from 3:00 PM - 5:00 PM (U.P. $2.80 - $3.20)","food, food court, hawker, local food, drinks, noodles, rice, Chinese food, Malay food, snacks",Not verified
Koufu,"Sembawang Mart, 511 Canberra Road, #01-01",750511,1/1/2026,31/12/2026,"PASSION SILVER MEMBERSHIP PRIVILEGE:   
- Kaya Butter Bun + Hot Coffee / Tea @ $2.50 on Mon - Fri from 3:00 PM - 5:00 PM (U.P. $2.80 - $3.20)","food, food court, hawker, local food, drinks, noodles, rice, Chinese food, Malay food, snacks",Not verified
Koufu,"Sun Plaza, 30 Sembawang Drive, #03-01B",757713,1/1/2026,31/12/2026,"PASSION SILVER MEMBERSHIP PRIVILEGE:   
- Kaya Butter Bun + Hot Coffee / Tea @ $2.50 on Mon - Fri from 3:00 PM - 5:00 PM (U.P. $2.80 - $3.20)","food, food court, hawker, local food, drinks, noodles, rice, Chinese food, Malay food, snacks",Not verified
Koufu,"Taman Jurong Shopping Centre, 399 Yung Sheng Road, #01-43",610399,1/1/2026,31/12/2026,"PASSION SILVER MEMBERSHIP PRIVILEGE:   
- Kaya Butter Bun + Hot Coffee / Tea @ $2.50 on Mon - Fri from 3:00 PM - 5:00 PM (U.P. $2.80 - $3.20)","food, food court, hawker, local food, drinks, noodles, rice, Chinese food, Malay food, snacks",Not verified
Koufu,"Tampines Mart, 9 Tampines Street 32, #01-10 to 14",529286,1/1/2026,31/12/2026,"PASSION SILVER MEMBERSHIP PRIVILEGE:   
- Kaya Butter Bun + Hot Coffee / Tea @ $2.50 on Mon - Fri from 3:00 PM - 5:00 PM (U.P. $2.80 - $3.20)","food, food court, hawker, local food, drinks, noodles, rice, Chinese food, Malay food, snacks",Not verified
Koufu,"Tanglin Halt, 88 Tanglin Halt Road, #01-08",141088,1/1/2026,31/12/2026,"PASSION SILVER MEMBERSHIP PRIVILEGE:   
- Kaya Butter Bun + Hot Coffee / Tea @ $2.50 on Mon - Fri from 3:00 PM - 5:00 PM (U.P. $2.80 - $3.20)","food, food court, hawker, local food, drinks, noodles, rice, Chinese food, Malay food, snacks",Not verified
Koufu,"Thomson Plaza, 301 Upper Thomson Road, #01-106",574408,1/1/2026,31/12/2026,"PASSION SILVER MEMBERSHIP PRIVILEGE:   
- Kaya Butter Bun + Hot Coffee / Tea @ $2.50 on Mon - Fri from 3:00 PM - 5:00 PM (U.P. $2.80 - $3.20)","food, food court, hawker, local food, drinks, noodles, rice, Chinese food, Malay food, snacks",Not verified
Koufu,"Toa Payoh HDB Centre, Blk 500 Toa Payoh Lorong 6, #02-30",310500,1/1/2026,31/12/2026,"PASSION SILVER MEMBERSHIP PRIVILEGE:   
- Kaya Butter Bun + Hot Coffee / Tea @ $2.50 on Mon - Fri from 3:00 PM - 5:00 PM (U.P. $2.80 - $3.20)","food, food court, hawker, local food, drinks, noodles, rice, Chinese food, Malay food, snacks",Not verified
Koufu,"V Hotel Lavender, 70 Jellicoe Road, #01-03",208767,1/1/2026,31/12/2026,"PASSION SILVER MEMBERSHIP PRIVILEGE:   
- Kaya Butter Bun + Hot Coffee / Tea @ $2.50 on Mon - Fri from 3:00 PM - 5:00 PM (U.P. $2.80 - $3.20)","food, food court, hawker, local food, drinks, noodles, rice, Chinese food, Malay food, snacks",Not verified
Koufu,"Vista Point, 548 Woodlands Drive 44, #02-34",730548,1/1/2026,31/12/2026,"PASSION SILVER MEMBERSHIP PRIVILEGE:   
- Kaya Butter Bun + Hot Coffee / Tea @ $2.50 on Mon - Fri from 3:00 PM - 5:00 PM (U.P. $2.80 - $3.20)","food, food court, hawker, local food, drinks, noodles, rice, Chinese food, Malay food, snacks",Not verified
Koufu,"Wisteria Mall, 598 Yishun Ring Road, #B1-01",768698,1/1/2026,31/12/2026,"PASSION SILVER MEMBERSHIP PRIVILEGE:   
- Kaya Butter Bun + Hot Coffee / Tea @ $2.50 on Mon - Fri from 3:00 PM - 5:00 PM (U.P. $2.80 - $3.20)","food, food court, hawker, local food, drinks, noodles, rice, Chinese food, Malay food, snacks",Not verified
Koufu,"Woodlands Mart, 768 Woodlands Avenue 6, #01-30/31",730768,1/1/2026,31/12/2026,"PASSION SILVER MEMBERSHIP PRIVILEGE:   
- Kaya Butter Bun + Hot Coffee / Tea @ $2.50 on Mon - Fri from 3:00 PM - 5:00 PM (U.P. $2.80 - $3.20)","food, food court, hawker, local food, drinks, noodles, rice, Chinese food, Malay food, snacks",Not verified
Koufu,"Yew Tee Point, 21 Choa Chu Kang North 6, #B1-17 to 22",689578,1/1/2026,31/12/2026,"PASSION SILVER MEMBERSHIP PRIVILEGE:   
- Kaya Butter Bun + Hot Coffee / Tea @ $2.50 on Mon - Fri from 3:00 PM - 5:00 PM (U.P. $2.80 - $3.20)","food, food court, hawker, local food, drinks, noodles, rice, Chinese food, Malay food, snacks",Not verified
LAC,"AMK Hub, 53 Ang Mo Kio Avenue 3, #B2-11",569933,1/1/2026,31/12/2026,"BLACK PASSION MEMBERSHIP PRIVILEGE:
- 15% off regular-priced LAC supplements

PASSION SILVER / PLATINUM MEMBERSHIP PRIVILEGE:
- 20% off regular-priced LAC supplements","health, supplements, vitamins, wellness, nutrition, skincare",Not verified
LAC,"Bedok Mall, 311 New Upper Changi Road, #B2-53",467360,1/1/2026,31/12/2026,"BLACK PASSION MEMBERSHIP PRIVILEGE:
- 15% off regular-priced LAC supplements

PASSION SILVER / PLATINUM MEMBERSHIP PRIVILEGE:
- 20% off regular-priced LAC supplements","health, supplements, vitamins, wellness, nutrition, skincare",Not verified
LAC,"Bugis Junction, 230 Victoria Street, #B1-16",188024,1/1/2026,31/12/2026,"BLACK PASSION MEMBERSHIP PRIVILEGE:
- 15% off regular-priced LAC supplements

PASSION SILVER / PLATINUM MEMBERSHIP PRIVILEGE:
- 20% off regular-priced LAC supplements","health, supplements, vitamins, wellness, nutrition, skincare",Not verified
LAC,"Bukit Panjang Plaza, No. 1 Jelebu Road, #01-09",677743,1/1/2026,31/12/2026,"BLACK PASSION MEMBERSHIP PRIVILEGE:
- 15% off regular-priced LAC supplements

PASSION SILVER / PLATINUM MEMBERSHIP PRIVILEGE:
- 20% off regular-priced LAC supplements","health, supplements, vitamins, wellness, nutrition, skincare",Not verified
LAC,"Bukit Timah Plaza, No. 1 Jalan Anak Bukit, #B2-02",588996,1/1/2026,31/12/2026,"BLACK PASSION MEMBERSHIP PRIVILEGE:
- 15% off regular-priced LAC supplements

PASSION SILVER / PLATINUM MEMBERSHIP PRIVILEGE:
- 20% off regular-priced LAC supplements","health, supplements, vitamins, wellness, nutrition, skincare",Not verified
LAC,"Causeway Point, 1 Woodlands Square, #B1-36",738099,1/1/2026,31/12/2026,"BLACK PASSION MEMBERSHIP PRIVILEGE:
- 15% off regular-priced LAC supplements

PASSION SILVER / PLATINUM MEMBERSHIP PRIVILEGE:
- 20% off regular-priced LAC supplements","health, supplements, vitamins, wellness, nutrition, skincare",Not verified
LAC,"Chinatown Point, 133 New Bridge Road, #B1-31",59413,1/1/2026,31/12/2026,"BLACK PASSION MEMBERSHIP PRIVILEGE:
- 15% off regular-priced LAC supplements

PASSION SILVER / PLATINUM MEMBERSHIP PRIVILEGE:
- 20% off regular-priced LAC supplements","health, supplements, vitamins, wellness, nutrition, skincare",Not verified
LAC,"City Square Mall, 180 Kitchener Road, #B1-K4",208539,1/1/2026,31/12/2026,"BLACK PASSION MEMBERSHIP PRIVILEGE:
- 15% off regular-priced LAC supplements

PASSION SILVER / PLATINUM MEMBERSHIP PRIVILEGE:
- 20% off regular-priced LAC supplements","health, supplements, vitamins, wellness, nutrition, skincare",Not verified
LAC,"Compass One, 1 Sengkang Square, #B1-30",545078,1/1/2026,31/12/2026,"BLACK PASSION MEMBERSHIP PRIVILEGE:
- 15% off regular-priced LAC supplements

PASSION SILVER / PLATINUM MEMBERSHIP PRIVILEGE:
- 20% off regular-priced LAC supplements","health, supplements, vitamins, wellness, nutrition, skincare",Not verified
LAC,"Forum The Shopping Mall, 583 Orchard Road, #B1-23",238884,1/1/2026,31/12/2026,"BLACK PASSION MEMBERSHIP PRIVILEGE:
- 15% off regular-priced LAC supplements

PASSION SILVER / PLATINUM MEMBERSHIP PRIVILEGE:
- 20% off regular-priced LAC supplements","health, supplements, vitamins, wellness, nutrition, skincare",Not verified
LAC,"Funan Mall, 107 North Bridge Road, #B1-12",179105,1/1/2026,31/12/2026,"BLACK PASSION MEMBERSHIP PRIVILEGE:
- 15% off regular-priced LAC supplements

PASSION SILVER / PLATINUM MEMBERSHIP PRIVILEGE:
- 20% off regular-priced LAC supplements","health, supplements, vitamins, wellness, nutrition, skincare",Not verified
LAC,"Great World City, 1 Kim Seng Promenade, #B1-138",237994,1/1/2026,31/12/2026,"BLACK PASSION MEMBERSHIP PRIVILEGE:
- 15% off regular-priced LAC supplements

PASSION SILVER / PLATINUM MEMBERSHIP PRIVILEGE:
- 20% off regular-priced LAC supplements","health, supplements, vitamins, wellness, nutrition, skincare",Not verified
LAC,"Heartland Mall, 205 Hougang Street 21, Part of 2nd Storey",530205,1/1/2026,31/12/2026,"BLACK PASSION MEMBERSHIP PRIVILEGE:
- 15% off regular-priced LAC supplements

PASSION SILVER / PLATINUM MEMBERSHIP PRIVILEGE:
- 20% off regular-priced LAC supplements","health, supplements, vitamins, wellness, nutrition, skincare",Not verified
LAC,"Holland Village Shopping Centre, 211 Holland Avenue, #02-04",278967,1/1/2026,31/12/2026,"BLACK PASSION MEMBERSHIP PRIVILEGE:
- 15% off regular-priced LAC supplements

PASSION SILVER / PLATINUM MEMBERSHIP PRIVILEGE:
- 20% off regular-priced LAC supplements","health, supplements, vitamins, wellness, nutrition, skincare",Not verified
LAC,"Hougang Mall, 90 Hougang Avenue 10, #B1-06",538766,1/1/2026,31/12/2026,"BLACK PASSION MEMBERSHIP PRIVILEGE:
- 15% off regular-priced LAC supplements

PASSION SILVER / PLATINUM MEMBERSHIP PRIVILEGE:
- 20% off regular-priced LAC supplements","health, supplements, vitamins, wellness, nutrition, skincare",Not verified
LAC,"IMM, 2 Jurong East Street 21, #01-52",609601,1/1/2026,31/12/2026,"BLACK PASSION MEMBERSHIP PRIVILEGE:
- 15% off regular-priced LAC supplements

PASSION SILVER / PLATINUM MEMBERSHIP PRIVILEGE:
- 20% off regular-priced LAC supplements","health, supplements, vitamins, wellness, nutrition, skincare",Not verified
LAC,"ION Orchard, 2 Orchard Turn, #B4-44",238801,1/1/2026,31/12/2026,"BLACK PASSION MEMBERSHIP PRIVILEGE:
- 15% off regular-priced LAC supplements

PASSION SILVER / PLATINUM MEMBERSHIP PRIVILEGE:
- 20% off regular-priced LAC supplements","health, supplements, vitamins, wellness, nutrition, skincare",Not verified
LAC,"Jem, 50 Jurong Gateway Road, #B1-33",608548,1/1/2026,31/12/2026,"BLACK PASSION MEMBERSHIP PRIVILEGE:
- 15% off regular-priced LAC supplements

PASSION SILVER / PLATINUM MEMBERSHIP PRIVILEGE:
- 20% off regular-priced LAC supplements","health, supplements, vitamins, wellness, nutrition, skincare",Not verified
LAC,"Jewel Changi Airport, 78 Airport Boulevard, #B2-212",819666,1/1/2026,31/12/2026,"BLACK PASSION MEMBERSHIP PRIVILEGE:
- 15% off regular-priced LAC supplements

PASSION SILVER / PLATINUM MEMBERSHIP PRIVILEGE:
- 20% off regular-priced LAC supplements","health, supplements, vitamins, wellness, nutrition, skincare",Not verified
LAC,"Junction 8, 9 Bishan Place, #B1-17",579837,1/1/2026,31/12/2026,"BLACK PASSION MEMBERSHIP PRIVILEGE:
- 15% off regular-priced LAC supplements

PASSION SILVER / PLATINUM MEMBERSHIP PRIVILEGE:
- 20% off regular-priced LAC supplements","health, supplements, vitamins, wellness, nutrition, skincare",Not verified
LAC,"Jurong Point, 63 Jurong West Central 3, #03-03/04",648331,1/1/2026,31/12/2026,"BLACK PASSION MEMBERSHIP PRIVILEGE:
- 15% off regular-priced LAC supplements

PASSION SILVER / PLATINUM MEMBERSHIP PRIVILEGE:
- 20% off regular-priced LAC supplements","health, supplements, vitamins, wellness, nutrition, skincare",Not verified
LAC,"Lot One Shoppers’ Mall, 21 Choa Chu Kang Avenue 4, #B1-24",689812,1/1/2026,31/12/2026,"BLACK PASSION MEMBERSHIP PRIVILEGE:
- 15% off regular-priced LAC supplements

PASSION SILVER / PLATINUM MEMBERSHIP PRIVILEGE:
- 20% off regular-priced LAC supplements","health, supplements, vitamins, wellness, nutrition, skincare",Not verified
LAC,"NEX, 23 Serangooon Central, #03-40",556083,1/1/2026,31/12/2026,"BLACK PASSION MEMBERSHIP PRIVILEGE:
- 15% off regular-priced LAC supplements

PASSION SILVER / PLATINUM MEMBERSHIP PRIVILEGE:
- 20% off regular-priced LAC supplements","health, supplements, vitamins, wellness, nutrition, skincare",Not verified
LAC,"Northpoint City, 930 Yishun Avenue 2, #B1-20/21",769098,1/1/2026,31/12/2026,"BLACK PASSION MEMBERSHIP PRIVILEGE:
- 15% off regular-priced LAC supplements

PASSION SILVER / PLATINUM MEMBERSHIP PRIVILEGE:
- 20% off regular-priced LAC supplements","health, supplements, vitamins, wellness, nutrition, skincare",Not verified
LAC,"Novena Square, 238 Thomson Road, #01-74",307683,1/1/2026,31/12/2026,"BLACK PASSION MEMBERSHIP PRIVILEGE:
- 15% off regular-priced LAC supplements

PASSION SILVER / PLATINUM MEMBERSHIP PRIVILEGE:
- 20% off regular-priced LAC supplements","health, supplements, vitamins, wellness, nutrition, skincare",Not verified
LAC,"Paragon, 290 Orchard Road, #B1-18",238859,1/1/2026,31/12/2026,"BLACK PASSION MEMBERSHIP PRIVILEGE:
- 15% off regular-priced LAC supplements

PASSION SILVER / PLATINUM MEMBERSHIP PRIVILEGE:
- 20% off regular-priced LAC supplements","health, supplements, vitamins, wellness, nutrition, skincare",Not verified
LAC,"Parkway Parade, 80 Marine Parade Road, #B1-K1",449269,1/1/2026,31/12/2026,"BLACK PASSION MEMBERSHIP PRIVILEGE:
- 15% off regular-priced LAC supplements

PASSION SILVER / PLATINUM MEMBERSHIP PRIVILEGE:
- 20% off regular-priced LAC supplements","health, supplements, vitamins, wellness, nutrition, skincare",Not verified
LAC,"Pasir Ris Mall, 7 Pasir Ris Central, #B1-12",519612,1/1/2026,31/12/2026,"BLACK PASSION MEMBERSHIP PRIVILEGE:
- 15% off regular-priced LAC supplements

PASSION SILVER / PLATINUM MEMBERSHIP PRIVILEGE:
- 20% off regular-priced LAC supplements","health, supplements, vitamins, wellness, nutrition, skincare",Not verified
LAC,"Paya Lebar Quarter Mall (PLQ), 10 Paya Lebar Road, #B2-10",409057,1/1/2026,31/12/2026,"BLACK PASSION MEMBERSHIP PRIVILEGE:
- 15% off regular-priced LAC supplements

PASSION SILVER / PLATINUM MEMBERSHIP PRIVILEGE:
- 20% off regular-priced LAC supplements","health, supplements, vitamins, wellness, nutrition, skincare",Not verified
LAC,"Plaza Singapura, 68 Orchard Road, #B2-05",238839,1/1/2026,31/12/2026,"BLACK PASSION MEMBERSHIP PRIVILEGE:
- 15% off regular-priced LAC supplements

PASSION SILVER / PLATINUM MEMBERSHIP PRIVILEGE:
- 20% off regular-priced LAC supplements","health, supplements, vitamins, wellness, nutrition, skincare",Not verified
LAC,"Raffles City Shopping Centre, 252 North Bridge Road, #B1-44K",179103,1/1/2026,31/12/2026,"BLACK PASSION MEMBERSHIP PRIVILEGE:
- 15% off regular-priced LAC supplements

PASSION SILVER / PLATINUM MEMBERSHIP PRIVILEGE:
- 20% off regular-priced LAC supplements","health, supplements, vitamins, wellness, nutrition, skincare",Not verified
LAC,"Raffles Place MRT Station, 5 Raffles Place, #B1-47/48",48618,1/1/2026,31/12/2026,"BLACK PASSION MEMBERSHIP PRIVILEGE:
- 15% off regular-priced LAC supplements

PASSION SILVER / PLATINUM MEMBERSHIP PRIVILEGE:
- 20% off regular-priced LAC supplements","health, supplements, vitamins, wellness, nutrition, skincare",Not verified
LAC,"Republic Plaza, 9 Raffles Place, #01-11",48619,1/1/2026,31/12/2026,"BLACK PASSION MEMBERSHIP PRIVILEGE:
- 15% off regular-priced LAC supplements

PASSION SILVER / PLATINUM MEMBERSHIP PRIVILEGE:
- 20% off regular-priced LAC supplements","health, supplements, vitamins, wellness, nutrition, skincare",Not verified
LAC,"Sun Plaza, 30 Sembawang Drive, #B1-27",757713,1/1/2026,31/12/2026,"BLACK PASSION MEMBERSHIP PRIVILEGE:
- 15% off regular-priced LAC supplements

PASSION SILVER / PLATINUM MEMBERSHIP PRIVILEGE:
- 20% off regular-priced LAC supplements","health, supplements, vitamins, wellness, nutrition, skincare",Not verified
LAC,"Suntec City Mall, 3 Temasek Boulevard, #02-431",38983,1/1/2026,31/12/2026,"BLACK PASSION MEMBERSHIP PRIVILEGE:
- 15% off regular-priced LAC supplements

PASSION SILVER / PLATINUM MEMBERSHIP PRIVILEGE:
- 20% off regular-priced LAC supplements","health, supplements, vitamins, wellness, nutrition, skincare",Not verified
LAC,"Takashimaya Departmental Store, 391 Orchard Road, #B201-6",238873,1/1/2026,31/12/2026,"BLACK PASSION MEMBERSHIP PRIVILEGE:
- 15% off regular-priced LAC supplements

PASSION SILVER / PLATINUM MEMBERSHIP PRIVILEGE:
- 20% off regular-priced LAC supplements","health, supplements, vitamins, wellness, nutrition, skincare",Not verified
LAC,"Tampines Mall, 4 Tampines Central 5, #B1-06",529510,1/1/2026,31/12/2026,"BLACK PASSION MEMBERSHIP PRIVILEGE:
- 15% off regular-priced LAC supplements

PASSION SILVER / PLATINUM MEMBERSHIP PRIVILEGE:
- 20% off regular-priced LAC supplements","health, supplements, vitamins, wellness, nutrition, skincare",Not verified
LAC,"Tanglin Mall, 163 Tanglin Road, #B1-118",247933,1/1/2026,31/12/2026,"BLACK PASSION MEMBERSHIP PRIVILEGE:
- 15% off regular-priced LAC supplements

PASSION SILVER / PLATINUM MEMBERSHIP PRIVILEGE:
- 20% off regular-priced LAC supplements","health, supplements, vitamins, wellness, nutrition, skincare",Not verified
LAC,"The Centrepoint, 176 Orchard Road, #B1-05",238843,1/1/2026,31/12/2026,"BLACK PASSION MEMBERSHIP PRIVILEGE:
- 15% off regular-priced LAC supplements

PASSION SILVER / PLATINUM MEMBERSHIP PRIVILEGE:
- 20% off regular-priced LAC supplements","health, supplements, vitamins, wellness, nutrition, skincare",Not verified
LAC,"The Clementi Mall, 3155 Commonwealth Avenue West, #B1-07",129588,1/1/2026,31/12/2026,"BLACK PASSION MEMBERSHIP PRIVILEGE:
- 15% off regular-priced LAC supplements

PASSION SILVER / PLATINUM MEMBERSHIP PRIVILEGE:
- 20% off regular-priced LAC supplements","health, supplements, vitamins, wellness, nutrition, skincare",Not verified
LAC,"The Seletar Mall, 33 Sengkang West Avenue, #B2-15",797653,1/1/2026,31/12/2026,"BLACK PASSION MEMBERSHIP PRIVILEGE:
- 15% off regular-priced LAC supplements

PASSION SILVER / PLATINUM MEMBERSHIP PRIVILEGE:
- 20% off regular-priced LAC supplements","health, supplements, vitamins, wellness, nutrition, skincare",Not verified
LAC,"The Shoppes at Marina Bay Sands, 2 Bayfront Avenue, #B2-56B",18972,1/1/2026,31/12/2026,"BLACK PASSION MEMBERSHIP PRIVILEGE:
- 15% off regular-priced LAC supplements

PASSION SILVER / PLATINUM MEMBERSHIP PRIVILEGE:
- 20% off regular-priced LAC supplements","health, supplements, vitamins, wellness, nutrition, skincare",Not verified
LAC,"The Woodleigh Mall, 11 Bidadari Park Drive, #B1-35",367803,1/1/2026,31/12/2026,"BLACK PASSION MEMBERSHIP PRIVILEGE:
- 15% off regular-priced LAC supplements

PASSION SILVER / PLATINUM MEMBERSHIP PRIVILEGE:
- 20% off regular-priced LAC supplements","health, supplements, vitamins, wellness, nutrition, skincare",Not verified
LAC,"Thomson Plaza, 301 Upper Thomson Road, #01-46",574408,1/1/2026,31/12/2026,"BLACK PASSION MEMBERSHIP PRIVILEGE:
- 15% off regular-priced LAC supplements

PASSION SILVER / PLATINUM MEMBERSHIP PRIVILEGE:
- 20% off regular-priced LAC supplements","health, supplements, vitamins, wellness, nutrition, skincare",Not verified
LAC,"Tiong Bahru Plaza, 302 Tiong Bahru Road, #B1-116",168732,1/1/2026,31/12/2026,"BLACK PASSION MEMBERSHIP PRIVILEGE:
- 15% off regular-priced LAC supplements

PASSION SILVER / PLATINUM MEMBERSHIP PRIVILEGE:
- 20% off regular-priced LAC supplements","health, supplements, vitamins, wellness, nutrition, skincare",Not verified
LAC,"Toa Payoh, 530 Toa Payoh Lorong 6, #01-06",310530,1/1/2026,31/12/2026,"BLACK PASSION MEMBERSHIP PRIVILEGE:
- 15% off regular-priced LAC supplements

PASSION SILVER / PLATINUM MEMBERSHIP PRIVILEGE:
- 20% off regular-priced LAC supplements","health, supplements, vitamins, wellness, nutrition, skincare",Not verified
LAC,"United Square, 101 Thomson Road, #B1-25",307591,1/1/2026,31/12/2026,"BLACK PASSION MEMBERSHIP PRIVILEGE:
- 15% off regular-priced LAC supplements

PASSION SILVER / PLATINUM MEMBERSHIP PRIVILEGE:
- 20% off regular-priced LAC supplements","health, supplements, vitamins, wellness, nutrition, skincare",Not verified
LAC,"VivoCity, 1 Harbourfront Walk, #B2-18",98585,1/1/2026,31/12/2026,"BLACK PASSION MEMBERSHIP PRIVILEGE:
- 15% off regular-priced LAC supplements

PASSION SILVER / PLATINUM MEMBERSHIP PRIVILEGE:
- 20% off regular-priced LAC supplements","health, supplements, vitamins, wellness, nutrition, skincare",Not verified
LAC,"Waterway Point, 83 Punggol Central, #B2-29",828761,1/1/2026,31/12/2026,"BLACK PASSION MEMBERSHIP PRIVILEGE:
- 15% off regular-priced LAC supplements

PASSION SILVER / PLATINUM MEMBERSHIP PRIVILEGE:
- 20% off regular-priced LAC supplements","health, supplements, vitamins, wellness, nutrition, skincare",Not verified
LAC,"West Coast Plaza, 154 West Coast Road, #B1-10",127371,1/1/2026,31/12/2026,"BLACK PASSION MEMBERSHIP PRIVILEGE:
- 15% off regular-priced LAC supplements

PASSION SILVER / PLATINUM MEMBERSHIP PRIVILEGE:
- 20% off regular-priced LAC supplements","health, supplements, vitamins, wellness, nutrition, skincare",Not verified
LAC,"West Mall, 1 Bukit Batok Central Link, #B1-08",658713,1/1/2026,31/12/2026,"BLACK PASSION MEMBERSHIP PRIVILEGE:
- 15% off regular-priced LAC supplements

PASSION SILVER / PLATINUM MEMBERSHIP PRIVILEGE:
- 20% off regular-priced LAC supplements","health, supplements, vitamins, wellness, nutrition, skincare",Not verified
LAC,"White Sands, 1 Pasir Ris Central Street 3, #B1-15",518457,1/1/2026,31/12/2026,"BLACK PASSION MEMBERSHIP PRIVILEGE:
- 15% off regular-priced LAC supplements

PASSION SILVER / PLATINUM MEMBERSHIP PRIVILEGE:
- 20% off regular-priced LAC supplements","health, supplements, vitamins, wellness, nutrition, skincare",Not verified
LAC,"Wisma Atria, 435 Orchard Road, #B1-41B",238877,1/1/2026,31/12/2026,"BLACK PASSION MEMBERSHIP PRIVILEGE:
- 15% off regular-priced LAC supplements

PASSION SILVER / PLATINUM MEMBERSHIP PRIVILEGE:
- 20% off regular-priced LAC supplements","health, supplements, vitamins, wellness, nutrition, skincare",Not verified
Lenskart,"Artra, 12 Alexandra View, #01-16",158736,1/2/2026,31/1/2027,"PASSION MEMBERSHIP PRIVILEGE:
- $30 off with a minimum spending of $150","optical, eyewear, glasses, spectacles, contact lenses, sunglasses, eye care",Not verified
Lenskart,"Bedok Mall, 311 New Upper Changi Road, #B1-36",467360,1/2/2026,31/1/2027,"PASSION MEMBERSHIP PRIVILEGE:
- $30 off with a minimum spending of $150","optical, eyewear, glasses, spectacles, contact lenses, sunglasses, eye care",Not verified
Lenskart,"Causeway Point, 1 Woodlands Square, #01-11",738099,1/2/2026,31/1/2027,"PASSION MEMBERSHIP PRIVILEGE:
- $30 off with a minimum spending of $150","optical, eyewear, glasses, spectacles, contact lenses, sunglasses, eye care",Not verified
Lenskart,"Century Square, 2 Tampines Central 5, #01-02",529509,1/2/2026,31/1/2027,"PASSION MEMBERSHIP PRIVILEGE:
- $30 off with a minimum spending of $150","optical, eyewear, glasses, spectacles, contact lenses, sunglasses, eye care",Not verified
Lenskart,"Chinatown Point, 133 New Bridge Road, #01-49A",59413,1/2/2026,31/1/2027,"PASSION MEMBERSHIP PRIVILEGE:
- $30 off with a minimum spending of $150","optical, eyewear, glasses, spectacles, contact lenses, sunglasses, eye care",Not verified
Lenskart,"City Square Mall, 180 Kitchener Road, #B2-24",208539,1/2/2026,31/1/2027,"PASSION MEMBERSHIP PRIVILEGE:
- $30 off with a minimum spending of $150","optical, eyewear, glasses, spectacles, contact lenses, sunglasses, eye care",Not verified
Lenskart,"Compass One, 1 Sengkang Square, #02-03",545078,1/2/2026,31/1/2027,"PASSION MEMBERSHIP PRIVILEGE:
- $30 off with a minimum spending of $150","optical, eyewear, glasses, spectacles, contact lenses, sunglasses, eye care",Not verified
Lenskart,"Eastpoint Mall, 3 Simei Street 6, #01-19",528833,1/2/2026,31/1/2027,"PASSION MEMBERSHIP PRIVILEGE:
- $30 off with a minimum spending of $150","optical, eyewear, glasses, spectacles, contact lenses, sunglasses, eye care",Not verified
Lenskart,"Hillion Mall, 17 Petir Road, #B1-50/51",678278,1/2/2026,31/1/2027,"PASSION MEMBERSHIP PRIVILEGE:
- $30 off with a minimum spending of $150","optical, eyewear, glasses, spectacles, contact lenses, sunglasses, eye care",Not verified
Lenskart,"Hougang Mall, 90 Hougang Avenue 10, #01-06",538766,1/2/2026,31/1/2027,"PASSION MEMBERSHIP PRIVILEGE:
- $30 off with a minimum spending of $150","optical, eyewear, glasses, spectacles, contact lenses, sunglasses, eye care",Not verified
Lenskart,"IMM, 2 Jurong East Street 21, #01-86",609601,1/2/2026,31/1/2027,"PASSION MEMBERSHIP PRIVILEGE:
- $30 off with a minimum spending of $150","optical, eyewear, glasses, spectacles, contact lenses, sunglasses, eye care",Not verified
Lenskart,"Jewel Changi Airport, 78 Airport Boulevard, #B1-201",819666,1/2/2026,31/1/2027,"PASSION MEMBERSHIP PRIVILEGE:
- $30 off with a minimum spending of $150","optical, eyewear, glasses, spectacles, contact lenses, sunglasses, eye care",Not verified
Lenskart,"Junction 8, 9 Bishan Place, #02-22/23",579837,1/2/2026,31/1/2027,"PASSION MEMBERSHIP PRIVILEGE:
- $30 off with a minimum spending of $150","optical, eyewear, glasses, spectacles, contact lenses, sunglasses, eye care",Not verified
Lenskart,"Jurong Point, 1 Jurong West Central 2, #01-05",648886,1/2/2026,31/1/2027,"PASSION MEMBERSHIP PRIVILEGE:
- $30 off with a minimum spending of $150","optical, eyewear, glasses, spectacles, contact lenses, sunglasses, eye care",Not verified
Lenskart,"Lot One Shoppers' Mall, 21 Choa Chu Kang Avenue 4, #01-19",689812,1/2/2026,31/1/2027,"PASSION MEMBERSHIP PRIVILEGE:
- $30 off with a minimum spending of $150","optical, eyewear, glasses, spectacles, contact lenses, sunglasses, eye care",Not verified
Lenskart,"NEX, 23 Serangoon Central, #01-49",556083,1/2/2026,31/1/2027,"PASSION MEMBERSHIP PRIVILEGE:
- $30 off with a minimum spending of $150","optical, eyewear, glasses, spectacles, contact lenses, sunglasses, eye care",Not verified
Lenskart,"Northpoint City, 1 Northpoint Drive, #01-105/106",768019,1/2/2026,31/1/2027,"PASSION MEMBERSHIP PRIVILEGE:
- $30 off with a minimum spending of $150","optical, eyewear, glasses, spectacles, contact lenses, sunglasses, eye care",Not verified
Lenskart,"Parkway Parade, 80 Marine Parade Road, #B1-99/100",449269,1/2/2026,31/1/2027,"PASSION MEMBERSHIP PRIVILEGE:
- $30 off with a minimum spending of $150","optical, eyewear, glasses, spectacles, contact lenses, sunglasses, eye care",Not verified
Lenskart,"Pasir Ris Mall, 7 Pasir Ris Central, #01-27",519612,1/2/2026,31/1/2027,"PASSION MEMBERSHIP PRIVILEGE:
- $30 off with a minimum spending of $150","optical, eyewear, glasses, spectacles, contact lenses, sunglasses, eye care",Not verified
Lenskart,"Paya Lebar Quarter Mall (PLQ), 10 Paya Lebar Road, #B1-30",409057,1/2/2026,31/1/2027,"PASSION MEMBERSHIP PRIVILEGE:
- $30 off with a minimum spending of $150","optical, eyewear, glasses, spectacles, contact lenses, sunglasses, eye care",Not verified
Lenskart,"Plaza Singapura, 68 Orchard Road, #B1-12",238839,1/2/2026,31/1/2027,"PASSION MEMBERSHIP PRIVILEGE:
- $30 off with a minimum spending of $150","optical, eyewear, glasses, spectacles, contact lenses, sunglasses, eye care",Not verified
Lenskart,"Punggol Coast Mall, 88 Punggol Way, Tower 7, #01-137",829913,1/2/2026,31/1/2027,"PASSION MEMBERSHIP PRIVILEGE:
- $30 off with a minimum spending of $150","optical, eyewear, glasses, spectacles, contact lenses, sunglasses, eye care",Not verified
Lenskart,"Suntec City Mall, 3 Temasek Boulevard, #01-633",38983,1/2/2026,31/1/2027,"PASSION MEMBERSHIP PRIVILEGE:
- $30 off with a minimum spending of $150","optical, eyewear, glasses, spectacles, contact lenses, sunglasses, eye care",Not verified
Lenskart,"Suntec City Mall, 3 Temasek Boulevard, #01-307",38983,1/2/2026,31/1/2027,"PASSION MEMBERSHIP PRIVILEGE:
- $30 off with a minimum spending of $150","optical, eyewear, glasses, spectacles, contact lenses, sunglasses, eye care",Not verified
Lenskart,"Tampines 1, 10 Tampines Central 1, #01-31",529536,1/2/2026,31/1/2027,"PASSION MEMBERSHIP PRIVILEGE:
- $30 off with a minimum spending of $150","optical, eyewear, glasses, spectacles, contact lenses, sunglasses, eye care",Not verified
Lenskart,"The Clementi Mall, 3155 Commonwealth Avenue West, #03-10/11",129588,1/2/2026,31/1/2027,"PASSION MEMBERSHIP PRIVILEGE:
- $30 off with a minimum spending of $150","optical, eyewear, glasses, spectacles, contact lenses, sunglasses, eye care",Not verified
Lenskart,"VivoCity, 1 Harbourfront Walk, #02-238",98585,1/2/2026,31/1/2027,"PASSION MEMBERSHIP PRIVILEGE:
- $30 off with a minimum spending of $150","optical, eyewear, glasses, spectacles, contact lenses, sunglasses, eye care",Not verified
Lenskart,"Waterway Point, 83 Punggol Central, #01-06, West Wing",828761,1/2/2026,31/1/2027,"PASSION MEMBERSHIP PRIVILEGE:
- $30 off with a minimum spending of $150","optical, eyewear, glasses, spectacles, contact lenses, sunglasses, eye care",Not verified
Lenskart,"West Mall, 1 Bukit Batok Central Link, #01-15",658713,1/2/2026,31/1/2027,"PASSION MEMBERSHIP PRIVILEGE:
- $30 off with a minimum spending of $150","optical, eyewear, glasses, spectacles, contact lenses, sunglasses, eye care",Not verified
Lenskart,"Westgate, 3 Gateway Drive, #02-38",608532,1/2/2026,31/1/2027,"PASSION MEMBERSHIP PRIVILEGE:
- $30 off with a minimum spending of $150","optical, eyewear, glasses, spectacles, contact lenses, sunglasses, eye care",Not verified
Lenskart,"White Sands, 1 Pasir Ris Central 3, #02-15",518457,1/2/2026,31/1/2027,"PASSION MEMBERSHIP PRIVILEGE:
- $30 off with a minimum spending of $150","optical, eyewear, glasses, spectacles, contact lenses, sunglasses, eye care",Not verified
Lifespa,"Carlton Hotel, 76 Bras Basah Road, Level 4, Executive Wing",189558,1/10/2025,30/9/2027,"PASSION MEMBERSHIP PRIVILEGES:
- Indulge in One of these Spa Treats at $35 nett
  - 60-min Gua Sha Lifting or Pearl Brighten Facial Treatment (U.P. $260)
  - 60-min Ginger Oil or Collagen Firming Body Massage (U.P. $260)

- Complimentary add on treatment on weekday (excluding PH), 10:00 AM to 5:00 PM appointment
  - Enhanced Eye Treatment (15-min U.P. $85) with facial
  - Anti-Ache Therapy (15-min U.P. $85) with massage","spa, wellness, massage, beauty, relaxation, personal care",Not verified
Lifespa,"Carlton Hotel, 76 Bras Basah Road, Level 5, Premier Wing",189558,1/10/2025,30/9/2027,"PASSION MEMBERSHIP PRIVILEGES:
- Indulge in One of these Spa Treats at $35 nett
  - 60-min Gua Sha Lifting or Pearl Brighten Facial Treatment (U.P. $260)
  - 60-min Ginger Oil or Collagen Firming Body Massage (U.P. $260)

- Complimentary add on treatment on weekday (excluding PH), 10:00 AM to 5:00 PM appointment
  - Enhanced Eye Treatment (15-min U.P. $85) with facial
  - Anti-Ache Therapy (15-min U.P. $85) with massage","spa, wellness, massage, beauty, relaxation, personal care",Not verified
Lifespa,"Orchard Gateway @ Emerald, 218 Orchard Road, Level 11",238851,1/10/2025,30/9/2027,"PASSION MEMBERSHIP PRIVILEGES:
- Indulge in One of these Spa Treats at $35 nett
  - 60-min Gua Sha Lifting or Pearl Brighten Facial Treatment (U.P. $260)
  - 60-min Ginger Oil or Collagen Firming Body Massage (U.P. $260)

- Complimentary add on treatment on weekday (excluding PH), 10:00 AM to 5:00 PM appointment
  - Enhanced Eye Treatment (15-min U.P. $85) with facial
  - Anti-Ache Therapy (15-min U.P. $85) with massage","spa, wellness, massage, beauty, relaxation, personal care",Not verified
Loong Dim Sum,"10 North Canal Road, #01-00",48823,1/11/2025,30/10/2026,"PASSION MEMBERSHIP PRIVILEGE:
- Free drink of choice (U.P $3.90 - $11.90) with purchase of set meals @ $38++","food, Chinese food, dim sum, dumplings, pau, buns, noodles, takeaway",Not verified
Madame Tussauds Singapore,"Imbiah Lookout Sentosa, 40 Imbiah Road",99700,1/10/2025,30/9/2026,"PASSION MEMBERSHIP PRIVILEGE:
- 10% off Standard ticket (U.P. $39)","attractions, museum, wax museum, celebrities, tourism, family, photo experience",Not verified
Makansutra,"Makansutra Gluttons Bay, 8 Raffles Avenue, #01-15",39802,1/2/2026,31/1/2027,"PASSION MEMBERSHIP PRIVILEGE:
- 10% off regular-priced food & beverages","food, hawker, local food, Singapore food, dining, food court, street food",Not verified
Mandai Wildlife Reserve,80 Mandai Lake Road,729826,1/8/2026,31/7/2027,"PASSION MEMBERSHIP PRIVILEGE:
- 30% off prevailing Adult & Child Admission Rates to Exploria, Rainforest Wild Adventure, River Wonders, Singapore Zoo, Bird Paradise, Curiosity Cove and Night Safari (Mon - Thu)","attractions, zoo, wildlife, animals, family, nature, tourism, education",Not verified
Moda Paolo,"Blk 208 Bedok Central, #01-669",460208,1/1/2026,31/12/2026,"PASSION MEMBERSHIP PRIVILEGES:
- 5% off luggage and bags
- 10% off house brand shoes","fashion, apparel, clothing, shoes, accessories, lifestyle",Not verified
Nature's Farm,"Bukit Panjang Plaza, No 1 Jelebu Road, #01-04",677743,1/3/2026,28/2/2027,"BLACK PASSION MEMBERSHIP PRIVILEGE:
- 15% off regular-priced items

PASSION SILVER / PLATINUM MEMBERSHIP PRIVILEGE:
- 20% off regular-priced items","health, supplements, vitamins, health food, wellness, nutrition, organic products",Not verified
Nature's Farm,"Chinatown Point, 133 New Bridge Road, #B1-04",59413,1/3/2026,28/2/2027,"BLACK PASSION MEMBERSHIP PRIVILEGE:
- 15% off regular-priced items

PASSION SILVER / PLATINUM MEMBERSHIP PRIVILEGE:
- 20% off regular-priced items","health, supplements, vitamins, health food, wellness, nutrition, organic products",Not verified
Nature's Farm,"Junction 8, 9 Bishan Place, #03-K1",579837,1/3/2026,28/2/2027,"BLACK PASSION MEMBERSHIP PRIVILEGE:
- 15% off regular-priced items

PASSION SILVER / PLATINUM MEMBERSHIP PRIVILEGE:
- 20% off regular-priced items","health, supplements, vitamins, health food, wellness, nutrition, organic products",Not verified
Nature's Farm,"Century Square, 2 Tampines Central 5, #B1-09",529509,1/3/2026,28/2/2027,"BLACK PASSION MEMBERSHIP PRIVILEGE:
- 15% off regular-priced items

PASSION SILVER / PLATINUM MEMBERSHIP PRIVILEGE:
- 20% off regular-priced items","health, supplements, vitamins, health food, wellness, nutrition, organic products",Not verified
Nuffield Dental,"East Village, 430 Upper Changi Road, #01-64",487048,-,-,"BLACK PASSION MEMBERSHIP PRIVILEGES:
- Adult Scaling & Polishing @ $159
- Kids Scaling & Polishing @ $145
- Take Home Teeth Whitening $595
- In Office Whitening $950

PASSION SILVER / PLATINUM MEMBERSHIP PRIVILEGES:
- Adult Scaling & Polishing @ $129
- Kids Scaling & Polishing @ $115
- Take Home Teeth Whitening $585
- In Office Whitening $850
- Braces (from $4,500)","dental, dentist, orthodontics, braces, oral care, cosmetic dentistry",Not verified
Nuffield Dental,"Marina One, 5 Straits View, #B2-58",18935,-,-,"BLACK PASSION MEMBERSHIP PRIVILEGES:
- Adult Scaling & Polishing @ $159
- Kids Scaling & Polishing @ $145
- Take Home Teeth Whitening $595
- In Office Whitening $950

PASSION SILVER / PLATINUM MEMBERSHIP PRIVILEGES:
- Adult Scaling & Polishing @ $129
- Kids Scaling & Polishing @ $115
- Take Home Teeth Whitening $585
- In Office Whitening $850
- Braces (from $4,500)","dental, dentist, orthodontics, braces, oral care, cosmetic dentistry",Not verified
Nuffield Dental,"One Holland Village, 7 Holland Village Way, #03-16",275748,-,-,"BLACK PASSION MEMBERSHIP PRIVILEGES:
- Adult Scaling & Polishing @ $159
- Kids Scaling & Polishing @ $145
- Take Home Teeth Whitening $595
- In Office Whitening $950

PASSION SILVER / PLATINUM MEMBERSHIP PRIVILEGES:
- Adult Scaling & Polishing @ $129
- Kids Scaling & Polishing @ $115
- Take Home Teeth Whitening $585
- In Office Whitening $850
- Braces (from $4,500)","dental, dentist, orthodontics, braces, oral care, cosmetic dentistry",Not verified
Nuffield Dental,"Simon Plaza, 2 Kovan Road, #01-03",548008,-,-,"BLACK PASSION MEMBERSHIP PRIVILEGES:
- Adult Scaling & Polishing @ $159
- Kids Scaling & Polishing @ $145
- Take Home Teeth Whitening $595
- In Office Whitening $950

PASSION SILVER / PLATINUM MEMBERSHIP PRIVILEGES:
- Adult Scaling & Polishing @ $129
- Kids Scaling & Polishing @ $115
- Take Home Teeth Whitening $585
- In Office Whitening $850
- Braces (from $4,500)","dental, dentist, orthodontics, braces, oral care, cosmetic dentistry",Not verified
Nuffield Dental,"Raffles Place, 1 Raffles Place, #05-19",48616,-,-,"BLACK PASSION MEMBERSHIP PRIVILEGES:
- Adult Scaling & Polishing @ $159
- Kids Scaling & Polishing @ $145
- Take Home Teeth Whitening $595
- In Office Whitening $950

PASSION SILVER / PLATINUM MEMBERSHIP PRIVILEGES:
- Adult Scaling & Polishing @ $129
- Kids Scaling & Polishing @ $115
- Take Home Teeth Whitening $585
- In Office Whitening $850
- Braces (from $4,500)","dental, dentist, orthodontics, braces, oral care, cosmetic dentistry",Not verified
Nuffield Dental,"Greenwich V, 1 Seletar Road, #01-07/08",807011,-,-,"BLACK PASSION MEMBERSHIP PRIVILEGES:
- Adult Scaling & Polishing @ $159
- Kids Scaling & Polishing @ $145
- Take Home Teeth Whitening $595
- In Office Whitening $950

PASSION SILVER / PLATINUM MEMBERSHIP PRIVILEGES:
- Adult Scaling & Polishing @ $129
- Kids Scaling & Polishing @ $115
- Take Home Teeth Whitening $585
- In Office Whitening $850
- Braces (from $4,500)","dental, dentist, orthodontics, braces, oral care, cosmetic dentistry",Not verified
Nuffield Dental,"Serangoon Garden Estate, 57 Serangoon Garden Way",555953,-,-,"BLACK PASSION MEMBERSHIP PRIVILEGES:
- Adult Scaling & Polishing @ $159
- Kids Scaling & Polishing @ $145
- Take Home Teeth Whitening $595
- In Office Whitening $950

PASSION SILVER / PLATINUM MEMBERSHIP PRIVILEGES:
- Adult Scaling & Polishing @ $129
- Kids Scaling & Polishing @ $115
- Take Home Teeth Whitening $585
- In Office Whitening $850
- Braces (from $4,500)","dental, dentist, orthodontics, braces, oral care, cosmetic dentistry",Not verified
Nuffield Dental,"The Domain, 914 East Coast Road, #01-03",459108,-,-,"BLACK PASSION MEMBERSHIP PRIVILEGES:
- Adult Scaling & Polishing @ $159
- Kids Scaling & Polishing @ $145
- Take Home Teeth Whitening $595
- In Office Whitening $950

PASSION SILVER / PLATINUM MEMBERSHIP PRIVILEGES:
- Adult Scaling & Polishing @ $129
- Kids Scaling & Polishing @ $115
- Take Home Teeth Whitening $585
- In Office Whitening $850
- Braces (from $4,500)","dental, dentist, orthodontics, braces, oral care, cosmetic dentistry",Not verified
Nuffield Dental,"Westgate, 3 Gateway Drive, #04-32",608532,-,-,"BLACK PASSION MEMBERSHIP PRIVILEGES:
- Adult Scaling & Polishing @ $159
- Kids Scaling & Polishing @ $145
- Take Home Teeth Whitening $595
- In Office Whitening $950

PASSION SILVER / PLATINUM MEMBERSHIP PRIVILEGES:
- Adult Scaling & Polishing @ $129
- Kids Scaling & Polishing @ $115
- Take Home Teeth Whitening $585
- In Office Whitening $850
- Braces (from $4,500)","dental, dentist, orthodontics, braces, oral care, cosmetic dentistry",Not verified
Nuffield Dental,"Wheelock Place, 501 Orchard Road, #05-01",238880,-,-,"BLACK PASSION MEMBERSHIP PRIVILEGES:
- Adult Scaling & Polishing @ $159
- Kids Scaling & Polishing @ $145
- Take Home Teeth Whitening $595
- In Office Whitening $950

PASSION SILVER / PLATINUM MEMBERSHIP PRIVILEGES:
- Adult Scaling & Polishing @ $129
- Kids Scaling & Polishing @ $115
- Take Home Teeth Whitening $585
- In Office Whitening $850
- Braces (from $4,500)","dental, dentist, orthodontics, braces, oral care, cosmetic dentistry",Not verified
O'Coffee Club,"Changi Airport Terminal 3, 65 Airport Boulevard, Public Area, Departure/ Check-in Hall South, #02-81",819663,1/5/2025,30/4/2027,"BLACK PASSION MEMBERSHIP PRIVILEGE:
- 10% off a la carte items

PASSION SILVER / PLATINUM MEMBERSHIP PRIVILEGE:
- 15% off a la carte items","food, drinks, coffee, cafe, brunch, desserts, sandwiches, western food, takeaway",Not verified
O'Coffee Club,"Changi Airport Terminal 4, 10 Airport Boulevard, Public Area, Departure, #02-13",819665,1/5/2025,30/4/2027,"BLACK PASSION MEMBERSHIP PRIVILEGE:
- 10% off a la carte items

PASSION SILVER / PLATINUM MEMBERSHIP PRIVILEGE:
- 15% off a la carte items","food, drinks, coffee, cafe, brunch, desserts, sandwiches, western food, takeaway",Not verified
O'Coffee Club,"Isetan Scotts, Shaw House 350 Orchard Road, #02-K4",238868,1/5/2025,30/4/2027,"BLACK PASSION MEMBERSHIP PRIVILEGE:
- 10% off a la carte items

PASSION SILVER / PLATINUM MEMBERSHIP PRIVILEGE:
- 15% off a la carte items","food, drinks, coffee, cafe, brunch, desserts, sandwiches, western food, takeaway",Not verified
O'Coffee Club,"Jun Xin Building, 402 North Bridge Road, #01-00",188722,1/5/2025,30/4/2027,"BLACK PASSION MEMBERSHIP PRIVILEGE:
- 10% off a la carte items

PASSION SILVER / PLATINUM MEMBERSHIP PRIVILEGE:
- 15% off a la carte items","food, drinks, coffee, cafe, brunch, desserts, sandwiches, western food, takeaway",Not verified
O'Coffee Club,"Orchard Paragon, 290 Orchard Road, #05-46 & #05-K3/K4",238859,1/5/2025,30/4/2027,"BLACK PASSION MEMBERSHIP PRIVILEGE:
- 10% off a la carte items

PASSION SILVER / PLATINUM MEMBERSHIP PRIVILEGE:
- 15% off a la carte items","food, drinks, coffee, cafe, brunch, desserts, sandwiches, western food, takeaway",Not verified
O'Coffee Club,"Raffles City Shopping Centre, 252 North Bridge Road, #03-30-30A",179103,1/5/2025,30/4/2027,"BLACK PASSION MEMBERSHIP PRIVILEGE:
- 10% off a la carte items

PASSION SILVER / PLATINUM MEMBERSHIP PRIVILEGE:
- 15% off a la carte items","food, drinks, coffee, cafe, brunch, desserts, sandwiches, western food, takeaway",Not verified
O'Coffee Club,"SGH Academia, 20 College Road",169856,1/5/2025,30/4/2027,"BLACK PASSION MEMBERSHIP PRIVILEGE:
- 10% off a la carte items

PASSION SILVER / PLATINUM MEMBERSHIP PRIVILEGE:
- 15% off a la carte items","food, drinks, coffee, cafe, brunch, desserts, sandwiches, western food, takeaway",Not verified
OG,"OG Albert, 60 Albert Street",189969,1/10/2025,30/9/2027,"PASSION MEMBERSHIP PRIVILEGE:
- 5% rebate on non-discounted merchandise","department store, fashion, apparel, clothing, shoes, beauty, household, lifestyle, shopping",Not verified
OG,"OG People's Park, 100 Upper Cross Street",58360,1/10/2025,30/9/2027,"PASSION MEMBERSHIP PRIVILEGE:
- 5% rebate on non-discounted merchandise","department store, fashion, apparel, clothing, shoes, beauty, household, lifestyle, shopping",Not verified
Optical 88,"IMM, 2 Jurong East Street 21, #01-68/69",609601,1/9/2025,31/8/2027,"BLACK PASSION MEMBERSHIP PRIVILEGE:
- 10% off regular-priced eyewear and prescription lenses

PASSION SILVER / PLATINUM MEMBERSHIP PRIVILEGE:
- 15% off regular-priced eyewear and prescription lenses","optical, eyewear, glasses, spectacles, contact lenses, sunglasses, eye care",Not verified
Optical 88,"ION Orchard, 2 Orchard Turn, #B3-53",238801,1/9/2025,31/8/2027,"BLACK PASSION MEMBERSHIP PRIVILEGE:
- 10% off regular-priced eyewear and prescription lenses

PASSION SILVER / PLATINUM MEMBERSHIP PRIVILEGE:
- 15% off regular-priced eyewear and prescription lenses","optical, eyewear, glasses, spectacles, contact lenses, sunglasses, eye care",Not verified
Optical 88,"Jurong Point, 63 Jurong West Central 3, #B1-20/21/22",648331,1/9/2025,31/8/2027,"BLACK PASSION MEMBERSHIP PRIVILEGE:
- 10% off regular-priced eyewear and prescription lenses

PASSION SILVER / PLATINUM MEMBERSHIP PRIVILEGE:
- 15% off regular-priced eyewear and prescription lenses","optical, eyewear, glasses, spectacles, contact lenses, sunglasses, eye care",Not verified
Optical 88,"The Clementi Mall, 3155 Commonwealth Avenue West, #05-27",129588,1/9/2025,31/8/2027,"BLACK PASSION MEMBERSHIP PRIVILEGE:
- 10% off regular-priced eyewear and prescription lenses

PASSION SILVER / PLATINUM MEMBERSHIP PRIVILEGE:
- 15% off regular-priced eyewear and prescription lenses","optical, eyewear, glasses, spectacles, contact lenses, sunglasses, eye care",Not verified
Orchid Country Club,1 Orchid Club Road,769162,1/3/2025,28/2/2026,"BLACK PASSION MEMBERSHIP PRIVILEGES:
- All-year round 2D1N Deluxe Room @ $190++ per night (U.P. $234++) inclusive of 2 pax of Subway Set meals
- Birthday Month promo 2D1N Deluxe Room @ $165++ per night (U.P. $220++ for weekdays) (Room only)

PASSION SILVER / PLATINUM MEMBERSHIP PRIVILEGES:
- All-year round 2D1N Deluxe Room @ $180++ per night (U.P. $234++) inclusive of 2 pax of Subway Set meals
- Birthday Month promo 2D1N Deluxe Room @ $160++ per night (U.P. $220++ for weekdays) (Room only)","sports, golf, recreation, fitness, leisure, swimming, family, dining, clubhouse",Not verified
OSIM,"AMK Hub, 53 Ang Mo Kio Avenue 3, #B2-05/06",569933,1/8/2025,31/7/2026,"BLACK PASSION MEMBERSHIP PRIVILEGE:
- $15 off with a minimum spending of $250

PASSION SILVER / PLATINUM MEMBERSHIP PRIVILEGE:
- $20 off with a minimum spending of $250","wellness, massage, health, fitness, home wellness, massage chairs, lifestyle",Not verified
OSIM,"Bedok Mall, 311 New Upper Changi Road, #B2-57",467360,1/8/2025,31/7/2026,"BLACK PASSION MEMBERSHIP PRIVILEGE:
- $15 off with a minimum spending of $250

PASSION SILVER / PLATINUM MEMBERSHIP PRIVILEGE:
- $20 off with a minimum spending of $250","wellness, massage, health, fitness, home wellness, massage chairs, lifestyle",Not verified
OSIM,"Causeway Point, 1 Woodlands Square, #B1-37",738099,1/8/2025,31/7/2026,"BLACK PASSION MEMBERSHIP PRIVILEGE:
- $15 off with a minimum spending of $250

PASSION SILVER / PLATINUM MEMBERSHIP PRIVILEGE:
- $20 off with a minimum spending of $250","wellness, massage, health, fitness, home wellness, massage chairs, lifestyle",Not verified
OSIM,"Compass One, 1 Sengkang Square, #B1-21/22",545078,1/8/2025,31/7/2026,"BLACK PASSION MEMBERSHIP PRIVILEGE:
- $15 off with a minimum spending of $250

PASSION SILVER / PLATINUM MEMBERSHIP PRIVILEGE:
- $20 off with a minimum spending of $250","wellness, massage, health, fitness, home wellness, massage chairs, lifestyle",Not verified
OSIM,"Courts Megastore, No 50, Tampines North Drive 2, Level 2",528766,1/8/2025,31/7/2026,"BLACK PASSION MEMBERSHIP PRIVILEGE:
- $15 off with a minimum spending of $250

PASSION SILVER / PLATINUM MEMBERSHIP PRIVILEGE:
- $20 off with a minimum spending of $250","wellness, massage, health, fitness, home wellness, massage chairs, lifestyle",Not verified
OSIM,"Great World City, 1 Kim Seng Promenade, #02-123/124",237994,1/8/2025,31/7/2026,"BLACK PASSION MEMBERSHIP PRIVILEGE:
- $15 off with a minimum spending of $250

PASSION SILVER / PLATINUM MEMBERSHIP PRIVILEGE:
- $20 off with a minimum spending of $250","wellness, massage, health, fitness, home wellness, massage chairs, lifestyle",Not verified
OSIM,"IMM, 2 Jurong East Street 21, #02-40",609601,1/8/2025,31/7/2026,"BLACK PASSION MEMBERSHIP PRIVILEGE:
- $15 off with a minimum spending of $250

PASSION SILVER / PLATINUM MEMBERSHIP PRIVILEGE:
- $20 off with a minimum spending of $250","wellness, massage, health, fitness, home wellness, massage chairs, lifestyle",Not verified
OSIM,"JEM, 50 Jurong Gateway Road, B1-46/47 ",608549,1/8/2025,31/7/2026,"BLACK PASSION MEMBERSHIP PRIVILEGE:
- $15 off with a minimum spending of $250

PASSION SILVER / PLATINUM MEMBERSHIP PRIVILEGE:
- $20 off with a minimum spending of $250","wellness, massage, health, fitness, home wellness, massage chairs, lifestyle",Not verified
OSIM,"Jewel Changi Airport, 78 Airport Boulevard, #B2-220",819666,1/8/2025,31/7/2026,"BLACK PASSION MEMBERSHIP PRIVILEGE:
- $15 off with a minimum spending of $250

PASSION SILVER / PLATINUM MEMBERSHIP PRIVILEGE:
- $20 off with a minimum spending of $250","wellness, massage, health, fitness, home wellness, massage chairs, lifestyle",Not verified
OSIM,"Junction 8, 9 Bishan Place, #03-10",579837,1/8/2025,31/7/2026,"BLACK PASSION MEMBERSHIP PRIVILEGE:
- $15 off with a minimum spending of $250

PASSION SILVER / PLATINUM MEMBERSHIP PRIVILEGE:
- $20 off with a minimum spending of $250","wellness, massage, health, fitness, home wellness, massage chairs, lifestyle",Not verified
OSIM,"Jurong Point, 1 Jurong West Central 2, #B1-34A/35/36",648886,1/8/2025,31/7/2026,"BLACK PASSION MEMBERSHIP PRIVILEGE:
- $15 off with a minimum spending of $250

PASSION SILVER / PLATINUM MEMBERSHIP PRIVILEGE:
- $20 off with a minimum spending of $250","wellness, massage, health, fitness, home wellness, massage chairs, lifestyle",Not verified
OSIM,"Causeway Point, 1 Woodlands Square, Metro Level 3",738099,1/8/2025,31/7/2026,"BLACK PASSION MEMBERSHIP PRIVILEGE:
- $15 off with a minimum spending of $250

PASSION SILVER / PLATINUM MEMBERSHIP PRIVILEGE:
- $20 off with a minimum spending of $250","wellness, massage, health, fitness, home wellness, massage chairs, lifestyle",Not verified
OSIM,"NEX, 23 Serangoon Central, #03-05",556083,1/8/2025,31/7/2026,"BLACK PASSION MEMBERSHIP PRIVILEGE:
- $15 off with a minimum spending of $250

PASSION SILVER / PLATINUM MEMBERSHIP PRIVILEGE:
- $20 off with a minimum spending of $250","wellness, massage, health, fitness, home wellness, massage chairs, lifestyle",Not verified
OSIM,"Northpoint City, 930 Yishun Avenue 2, #B1-120",769098,1/8/2025,31/7/2026,"BLACK PASSION MEMBERSHIP PRIVILEGE:
- $15 off with a minimum spending of $250

PASSION SILVER / PLATINUM MEMBERSHIP PRIVILEGE:
- $20 off with a minimum spending of $250","wellness, massage, health, fitness, home wellness, massage chairs, lifestyle",Not verified
OSIM,"Parkway Parade, 80 Marine Parade, #B1-63",449269,1/8/2025,31/7/2026,"BLACK PASSION MEMBERSHIP PRIVILEGE:
- $15 off with a minimum spending of $250

PASSION SILVER / PLATINUM MEMBERSHIP PRIVILEGE:
- $20 off with a minimum spending of $250","wellness, massage, health, fitness, home wellness, massage chairs, lifestyle",Not verified
OSIM,"Plaza Singapura, 68 Orchard Road, #03-09",238839,1/8/2025,31/7/2026,"BLACK PASSION MEMBERSHIP PRIVILEGE:
- $15 off with a minimum spending of $250

PASSION SILVER / PLATINUM MEMBERSHIP PRIVILEGE:
- $20 off with a minimum spending of $250","wellness, massage, health, fitness, home wellness, massage chairs, lifestyle",Not verified
OSIM,"Suntec City Mall, 3 Temasek Boulevard, #02-454/455",38983,1/8/2025,31/7/2026,"BLACK PASSION MEMBERSHIP PRIVILEGE:
- $15 off with a minimum spending of $250

PASSION SILVER / PLATINUM MEMBERSHIP PRIVILEGE:
- $20 off with a minimum spending of $250","wellness, massage, health, fitness, home wellness, massage chairs, lifestyle",Not verified
OSIM,"Takashimaya Ngee Ann City, 391 Orchard Road, B1 Podium Block",238872,1/8/2025,31/7/2026,"BLACK PASSION MEMBERSHIP PRIVILEGE:
- $15 off with a minimum spending of $250

PASSION SILVER / PLATINUM MEMBERSHIP PRIVILEGE:
- $20 off with a minimum spending of $250","wellness, massage, health, fitness, home wellness, massage chairs, lifestyle",Not verified
OSIM,"Tampines Mall, 4 Tampines Central 5, #B1-05",529510,1/8/2025,31/7/2026,"BLACK PASSION MEMBERSHIP PRIVILEGE:
- $15 off with a minimum spending of $250

PASSION SILVER / PLATINUM MEMBERSHIP PRIVILEGE:
- $20 off with a minimum spending of $250","wellness, massage, health, fitness, home wellness, massage chairs, lifestyle",Not verified
OSIM,"The Woodleigh Mall, 11 Bidadari Park Drive, #B1-31",367803,1/8/2025,31/7/2026,"BLACK PASSION MEMBERSHIP PRIVILEGE:
- $15 off with a minimum spending of $250

PASSION SILVER / PLATINUM MEMBERSHIP PRIVILEGE:
- $20 off with a minimum spending of $250","wellness, massage, health, fitness, home wellness, massage chairs, lifestyle",Not verified
OSIM,"VivoCity, 1 Harbourfront Walk, #01-91A",98585,1/8/2025,31/7/2026,"BLACK PASSION MEMBERSHIP PRIVILEGE:
- $15 off with a minimum spending of $250

PASSION SILVER / PLATINUM MEMBERSHIP PRIVILEGE:
- $20 off with a minimum spending of $250","wellness, massage, health, fitness, home wellness, massage chairs, lifestyle",Not verified
OSIM,"Waterway Point, 83 Punggol Central, #B2-23",828761,1/8/2025,31/7/2026,"BLACK PASSION MEMBERSHIP PRIVILEGE:
- $15 off with a minimum spending of $250

PASSION SILVER / PLATINUM MEMBERSHIP PRIVILEGE:
- $20 off with a minimum spending of $250","wellness, massage, health, fitness, home wellness, massage chairs, lifestyle",Not verified
OTO,"IMM, 2 Jurong East Street 21, #02-34/35",609601,1/7/2026,30/6/2027,"PASSION MEMBERSHIP PRIVILEGES:
- 5% off regular-priced & discounted fitness items at retail outlets
- 5% off regular-priced & discounted fitness items for online purchases (Promo Code: PAOTO)","fitness, wellness, massage, home fitness, health, recovery, lifestyle",Not verified
OTO,"Bedok Mall, 311 New Upper Changi Road, #B2-58",467360,1/7/2026,30/6/2027,"PASSION MEMBERSHIP PRIVILEGES:
- 5% off regular-priced & discounted fitness items at retail outlets
- 5% off regular-priced & discounted fitness items for online purchases (Promo Code: PAOTO)","fitness, wellness, massage, home fitness, health, recovery, lifestyle",Not verified
OTO,"NEX, 23 Serangoon Central, #03-35/36",556083,1/7/2026,30/6/2027,"PASSION MEMBERSHIP PRIVILEGES:
- 5% off regular-priced & discounted fitness items at retail outlets
- 5% off regular-priced & discounted fitness items for online purchases (Promo Code: PAOTO)","fitness, wellness, massage, home fitness, health, recovery, lifestyle",Not verified
OTO,"Parkway Parade, 80 Marine Parade Road, #B1-91/92",449269,1/7/2026,30/6/2027,"PASSION MEMBERSHIP PRIVILEGES:
- 5% off regular-priced & discounted fitness items at retail outlets
- 5% off regular-priced & discounted fitness items for online purchases (Promo Code: PAOTO)","fitness, wellness, massage, home fitness, health, recovery, lifestyle",Not verified
OTO,"Tampines Mall, 4 Tampines Central, #B1-20",529510,1/7/2026,30/6/2027,"PASSION MEMBERSHIP PRIVILEGES:
- 5% off regular-priced & discounted fitness items at retail outlets
- 5% off regular-priced & discounted fitness items for online purchases (Promo Code: PAOTO)","fitness, wellness, massage, home fitness, health, recovery, lifestyle",Not verified
OVERSCOOP,"CQ @ Clarke Quay, 3A River Valley Road, #01-01",179020,1/7/2026,30/6/2027,"PASSION MEMBERSHIP PRIVILEGE:
- Free waffle with purchase of Triple Scoops","food, desserts, ice cream, gelato, scoops, sweet treats, snacks, drinks",Not verified
OVERSCOOP,"Orchard Central, 181 Orchard Road, #02-12",238896,1/7/2026,30/6/2027,"PASSION MEMBERSHIP PRIVILEGE:
- Free waffle with purchase of Triple Scoops","food, desserts, ice cream, gelato, scoops, sweet treats, snacks, drinks",Not verified
OVERSCOOP,55 Tanjong Pagar Road,88476,1/7/2026,30/6/2027,"PASSION MEMBERSHIP PRIVILEGE:
- Free waffle with purchase of Triple Scoops","food, desserts, ice cream, gelato, scoops, sweet treats, snacks, drinks",Not verified
Patisserie Glace,"Chai Chee, Blk 20 Chai Chee Road, #01-416",461020,1/5/2026,30/4/2027,"PASSION MEMBERSHIP PRIVILEGE:
- Free Chiffon Slice (worth $1.90) with a minimum spending of $20 on regular-priced items","food, bakery, desserts, cakes, pastries, French desserts, celebration cakes",Not verified
Peperoni Pizzeria,"Peperoni Pizzeria @ Biopolis: 10 Biopolis Road, Chromos Block, #01-01",138670,1/2/2026,31/1/2027,"PASSION MEMBERSHIP PRIVILEGE:
- 10% off a la carte food and beverages","food, pizza, Italian food, pasta, restaurant, takeaway, delivery, family dining",Not verified
Peperoni Pizzeria,Peperoni Pizzeria @ Frankel: 95 Frankel Avenue,458221,1/2/2026,31/1/2027,"PASSION MEMBERSHIP PRIVILEGE:
- 10% off a la carte food and beverages","food, pizza, Italian food, pasta, restaurant, takeaway, delivery, family dining",Not verified
Peperoni Pizzeria,"Peperoni Pizzeria @ Greenwood: 6 Greenwood Avenue, Hillcrest Park",289195,1/2/2026,31/1/2027,"PASSION MEMBERSHIP PRIVILEGE:
- 10% off a la carte food and beverages","food, pizza, Italian food, pasta, restaurant, takeaway, delivery, family dining",Not verified
Peperoni Pizzeria,"Peperoni Pizzeria @ Mountbatten Community Club: 87 Jalan Satu, #01-02",390087,1/2/2026,31/1/2027,"PASSION MEMBERSHIP PRIVILEGE:
- 10% off a la carte food and beverages","food, pizza, Italian food, pasta, restaurant, takeaway, delivery, family dining",Not verified
Peperoni Pizzeria,"Peperoni Pizzeria @ Paya Lebar Quarter (PLQ 3): 2 Tanjong Katong Road, #01-09",437161,1/2/2026,31/1/2027,"PASSION MEMBERSHIP PRIVILEGE:
- 10% off a la carte food and beverages","food, pizza, Italian food, pasta, restaurant, takeaway, delivery, family dining",Not verified
Peperoni Pizzeria,"Peperoni Pizzeria @ Suntec City Mall: 3 Temasek Boulevard, #B1-130",38983,1/2/2026,31/1/2027,"PASSION MEMBERSHIP PRIVILEGE:
- 10% off a la carte food and beverages","food, pizza, Italian food, pasta, restaurant, takeaway, delivery, family dining",Not verified
Peperoni Pizzeria,"Peperoni Pizzeria @ United Square: 101 Thomson Road, #01-07/60",307591,1/2/2026,31/1/2027,"PASSION MEMBERSHIP PRIVILEGE:
- 10% off a la carte food and beverages","food, pizza, Italian food, pasta, restaurant, takeaway, delivery, family dining",Not verified
Peperoni Pizzeria,Peperoni Pizzeria @ Upper Thomson: 267 Upper Thomson Road,574394,1/2/2026,31/1/2027,"PASSION MEMBERSHIP PRIVILEGE:
- 10% off a la carte food and beverages","food, pizza, Italian food, pasta, restaurant, takeaway, delivery, family dining",Not verified
Pet Lovers Centre Pte Ltd,"100AM, 100 Tras Street, #04-03",79027,1/1/2026,31/12/2026,"PASSION MEMBERSHIP PRIVILEGE:
- 3% off regular-priced items with a minimum spending of $15","pets, pet food, pet supplies, dogs, cats, accessories, grooming, animal care",Not verified
Pet Lovers Centre Pte Ltd,"888 Plaza, 888 Woodlands Drive 50, #01-735",730888,1/1/2026,31/12/2026,"PASSION MEMBERSHIP PRIVILEGE:
- 3% off regular-priced items with a minimum spending of $15","pets, pet food, pet supplies, dogs, cats, accessories, grooming, animal care",Not verified
Pet Lovers Centre Pte Ltd,"Anchorpoint, 370 Alexandra Road, #B1-26",159953,1/1/2026,31/12/2026,"PASSION MEMBERSHIP PRIVILEGE:
- 3% off regular-priced items with a minimum spending of $15","pets, pet food, pet supplies, dogs, cats, accessories, grooming, animal care",Not verified
Pet Lovers Centre Pte Ltd,"Balmoral Plaza, 271 Bukit Timah Road, #02-07",259708,1/1/2026,31/12/2026,"PASSION MEMBERSHIP PRIVILEGE:
- 3% off regular-priced items with a minimum spending of $15","pets, pet food, pet supplies, dogs, cats, accessories, grooming, animal care",Not verified
Pet Lovers Centre Pte Ltd,"Bedok Mall, 311 New Upper Changi Road, #B2-59",467360,1/1/2026,31/12/2026,"PASSION MEMBERSHIP PRIVILEGE:
- 3% off regular-priced items with a minimum spending of $15","pets, pet food, pet supplies, dogs, cats, accessories, grooming, animal care",Not verified
Pet Lovers Centre Pte Ltd,"Big Mac Centre, 51 Ang Mo Kio Avenue 3, #01-02",569922,1/1/2026,31/12/2026,"PASSION MEMBERSHIP PRIVILEGE:
- 3% off regular-priced items with a minimum spending of $15","pets, pet food, pet supplies, dogs, cats, accessories, grooming, animal care",Not verified
Pet Lovers Centre Pte Ltd,"Boon Lay Shopping Centre, 221 Boon Lay Place, #02-118",640221,1/1/2026,31/12/2026,"PASSION MEMBERSHIP PRIVILEGE:
- 3% off regular-priced items with a minimum spending of $15","pets, pet food, pet supplies, dogs, cats, accessories, grooming, animal care",Not verified
Pet Lovers Centre Pte Ltd,"Bugis Junction, 200 Victoria Street, #B1-27",188021,1/1/2026,31/12/2026,"PASSION MEMBERSHIP PRIVILEGE:
- 3% off regular-priced items with a minimum spending of $15","pets, pet food, pet supplies, dogs, cats, accessories, grooming, animal care",Not verified
Pet Lovers Centre Pte Ltd,"Bukit Timah Plaza, 1 Jalan Anak Bukit, #B2-07",588996,1/1/2026,31/12/2026,"PASSION MEMBERSHIP PRIVILEGE:
- 3% off regular-priced items with a minimum spending of $15","pets, pet food, pet supplies, dogs, cats, accessories, grooming, animal care",Not verified
Pet Lovers Centre Pte Ltd,"City Square Mall, 180 Kitchener Road, #B2-46",208539,1/1/2026,31/12/2026,"PASSION MEMBERSHIP PRIVILEGE:
- 3% off regular-priced items with a minimum spending of $15","pets, pet food, pet supplies, dogs, cats, accessories, grooming, animal care",Not verified
Pet Lovers Centre Pte Ltd,"Coronation Plaza, 587 Bukit Timah Road, #02-22",269707,1/1/2026,31/12/2026,"PASSION MEMBERSHIP PRIVILEGE:
- 3% off regular-priced items with a minimum spending of $15","pets, pet food, pet supplies, dogs, cats, accessories, grooming, animal care",Not verified
Pet Lovers Centre Pte Ltd,"Elias Mall, 625 Elias Road, #01-308",510625,1/1/2026,31/12/2026,"PASSION MEMBERSHIP PRIVILEGE:
- 3% off regular-priced items with a minimum spending of $15","pets, pet food, pet supplies, dogs, cats, accessories, grooming, animal care",Not verified
Pet Lovers Centre Pte Ltd,"Great World City, 1 Kim Seng Promenade, #01-63",237994,1/1/2026,31/12/2026,"PASSION MEMBERSHIP PRIVILEGE:
- 3% off regular-priced items with a minimum spending of $15","pets, pet food, pet supplies, dogs, cats, accessories, grooming, animal care",Not verified
Pet Lovers Centre Pte Ltd,"Heartland Mall, 205 Hougang Street 21, #03-12",530205,1/1/2026,31/12/2026,"PASSION MEMBERSHIP PRIVILEGE:
- 3% off regular-priced items with a minimum spending of $15","pets, pet food, pet supplies, dogs, cats, accessories, grooming, animal care",Not verified
Pet Lovers Centre Pte Ltd,"Hillion Mall, 17 Petir Road, #B2-22",678278,1/1/2026,31/12/2026,"PASSION MEMBERSHIP PRIVILEGE:
- 3% off regular-priced items with a minimum spending of $15","pets, pet food, pet supplies, dogs, cats, accessories, grooming, animal care",Not verified
Pet Lovers Centre Pte Ltd,"HillV2, 4 Hillview Rise, #02-16",667979,1/1/2026,31/12/2026,"PASSION MEMBERSHIP PRIVILEGE:
- 3% off regular-priced items with a minimum spending of $15","pets, pet food, pet supplies, dogs, cats, accessories, grooming, animal care",Not verified
Pet Lovers Centre Pte Ltd,"Holland Village, 31A & 33A Lorong Liput",277744,1/1/2026,31/12/2026,"PASSION MEMBERSHIP PRIVILEGE:
- 3% off regular-priced items with a minimum spending of $15","pets, pet food, pet supplies, dogs, cats, accessories, grooming, animal care",Not verified
Pet Lovers Centre Pte Ltd,"Hougang Green, 21 Hougang Street 51, #01-17/18",538719,1/1/2026,31/12/2026,"PASSION MEMBERSHIP PRIVILEGE:
- 3% off regular-priced items with a minimum spending of $15","pets, pet food, pet supplies, dogs, cats, accessories, grooming, animal care",Not verified
Pet Lovers Centre Pte Ltd,"Hougang Mall, 90 Hougang Avenue 10, #B1-03",538766,1/1/2026,31/12/2026,"PASSION MEMBERSHIP PRIVILEGE:
- 3% off regular-priced items with a minimum spending of $15","pets, pet food, pet supplies, dogs, cats, accessories, grooming, animal care",Not verified
Pet Lovers Centre Pte Ltd,8 Jalan Leban,577550,1/1/2026,31/12/2026,"PASSION MEMBERSHIP PRIVILEGE:
- 3% off regular-priced items with a minimum spending of $15","pets, pet food, pet supplies, dogs, cats, accessories, grooming, animal care",Not verified
Pet Lovers Centre Pte Ltd,"Jem, 50 Jurong Gateway, #B1-24/25",608549,1/1/2026,31/12/2026,"PASSION MEMBERSHIP PRIVILEGE:
- 3% off regular-priced items with a minimum spending of $15","pets, pet food, pet supplies, dogs, cats, accessories, grooming, animal care",Not verified
Pet Lovers Centre Pte Ltd,"Junction 10, 1 Woodlands Road, #01-01",677899,1/1/2026,31/12/2026,"PASSION MEMBERSHIP PRIVILEGE:
- 3% off regular-priced items with a minimum spending of $15","pets, pet food, pet supplies, dogs, cats, accessories, grooming, animal care",Not verified
Pet Lovers Centre Pte Ltd,"Junction 8, 9 Bishan Place, #B1-14",579837,1/1/2026,31/12/2026,"PASSION MEMBERSHIP PRIVILEGE:
- 3% off regular-priced items with a minimum spending of $15","pets, pet food, pet supplies, dogs, cats, accessories, grooming, animal care",Not verified
Pet Lovers Centre Pte Ltd,"Jurong Point, 63 Jurong West Central 3, #03-61",648331,1/1/2026,31/12/2026,"PASSION MEMBERSHIP PRIVILEGE:
- 3% off regular-priced items with a minimum spending of $15","pets, pet food, pet supplies, dogs, cats, accessories, grooming, animal care",Not verified
Pet Lovers Centre Pte Ltd,"Kembangan, 494 Changi Road",419901,1/1/2026,31/12/2026,"PASSION MEMBERSHIP PRIVILEGE:
- 3% off regular-priced items with a minimum spending of $15","pets, pet food, pet supplies, dogs, cats, accessories, grooming, animal care",Not verified
Pet Lovers Centre Pte Ltd,"KINEX, 11 Tanjong Katong Road, #B1-18",437157,1/1/2026,31/12/2026,"PASSION MEMBERSHIP PRIVILEGE:
- 3% off regular-priced items with a minimum spending of $15","pets, pet food, pet supplies, dogs, cats, accessories, grooming, animal care",Not verified
Pet Lovers Centre Pte Ltd,"Lot One Shoppers' Mall, 21 Choa Chu Kang Avenue 4, #B1-19",689812,1/1/2026,31/12/2026,"PASSION MEMBERSHIP PRIVILEGE:
- 3% off regular-priced items with a minimum spending of $15","pets, pet food, pet supplies, dogs, cats, accessories, grooming, animal care",Not verified
Pet Lovers Centre Pte Ltd,"NEX, 23 Serangoon Central, #04-03 & #04-71",556083,1/1/2026,31/12/2026,"PASSION MEMBERSHIP PRIVILEGE:
- 3% off regular-priced items with a minimum spending of $15","pets, pet food, pet supplies, dogs, cats, accessories, grooming, animal care",Not verified
Pet Lovers Centre Pte Ltd,"Northpoint City, 930 Yishun Avenue 2, #B1-113",769098,1/1/2026,31/12/2026,"PASSION MEMBERSHIP PRIVILEGE:
- 3% off regular-priced items with a minimum spending of $15","pets, pet food, pet supplies, dogs, cats, accessories, grooming, animal care",Not verified
Pet Lovers Centre Pte Ltd,"Parkway Parade, 80 Marine Parade Road, #B1-13",449269,1/1/2026,31/12/2026,"PASSION MEMBERSHIP PRIVILEGE:
- 3% off regular-priced items with a minimum spending of $15","pets, pet food, pet supplies, dogs, cats, accessories, grooming, animal care",Not verified
Pet Lovers Centre Pte Ltd,"Plaza Singapura, 68 Orchard Road, #B2-19A",238839,1/1/2026,31/12/2026,"PASSION MEMBERSHIP PRIVILEGE:
- 3% off regular-priced items with a minimum spending of $15","pets, pet food, pet supplies, dogs, cats, accessories, grooming, animal care",Not verified
Pet Lovers Centre Pte Ltd,"Serangoon Gardens, 10 Kensington Park Road",557262,1/1/2026,31/12/2026,"PASSION MEMBERSHIP PRIVILEGE:
- 3% off regular-priced items with a minimum spending of $15","pets, pet food, pet supplies, dogs, cats, accessories, grooming, animal care",Not verified
Pet Lovers Centre Pte Ltd,"Shaw Centre, 1 Scotts Road, #04-03",228208,1/1/2026,31/12/2026,"PASSION MEMBERSHIP PRIVILEGE:
- 3% off regular-priced items with a minimum spending of $15","pets, pet food, pet supplies, dogs, cats, accessories, grooming, animal care",Not verified
Pet Lovers Centre Pte Ltd,"Siglap Village, 725 East Coast Road",459072,1/1/2026,31/12/2026,"PASSION MEMBERSHIP PRIVILEGE:
- 3% off regular-priced items with a minimum spending of $15","pets, pet food, pet supplies, dogs, cats, accessories, grooming, animal care",Not verified
Pet Lovers Centre Pte Ltd,"Simei MRT, 30 Simei Street 3, #01-08",529888,1/1/2026,31/12/2026,"PASSION MEMBERSHIP PRIVILEGE:
- 3% off regular-priced items with a minimum spending of $15","pets, pet food, pet supplies, dogs, cats, accessories, grooming, animal care",Not verified
Pet Lovers Centre Pte Ltd,"Simpang Bedok, 345 Bedok Road",469530,1/1/2026,31/12/2026,"PASSION MEMBERSHIP PRIVILEGE:
- 3% off regular-priced items with a minimum spending of $15","pets, pet food, pet supplies, dogs, cats, accessories, grooming, animal care",Not verified
Pet Lovers Centre Pte Ltd,"Sixth Avenue Bukit Timah, 793 Bukit Timah Road, #01-01",269765,1/1/2026,31/12/2026,"PASSION MEMBERSHIP PRIVILEGE:
- 3% off regular-priced items with a minimum spending of $15","pets, pet food, pet supplies, dogs, cats, accessories, grooming, animal care",Not verified
Pet Lovers Centre Pte Ltd,"Suntec City Mall, 3 Temasek Boulevard, #02-722",38983,1/1/2026,31/12/2026,"PASSION MEMBERSHIP PRIVILEGE:
- 3% off regular-priced items with a minimum spending of $15","pets, pet food, pet supplies, dogs, cats, accessories, grooming, animal care",Not verified
Pet Lovers Centre Pte Ltd,"139 Tampines Street 11, #01-94",521139,1/1/2026,31/12/2026,"PASSION MEMBERSHIP PRIVILEGE:
- 3% off regular-priced items with a minimum spending of $15","pets, pet food, pet supplies, dogs, cats, accessories, grooming, animal care",Not verified
Pet Lovers Centre Pte Ltd,"Tampines Mall, 4 Tampines Central 5, #B1-25/26",529510,1/1/2026,31/12/2026,"PASSION MEMBERSHIP PRIVILEGE:
- 3% off regular-priced items with a minimum spending of $15","pets, pet food, pet supplies, dogs, cats, accessories, grooming, animal care",Not verified
Pet Lovers Centre Pte Ltd,"Tampines Mart, 11 Tampines Street 32, #01-08",529287,1/1/2026,31/12/2026,"PASSION MEMBERSHIP PRIVILEGE:
- 3% off regular-priced items with a minimum spending of $15","pets, pet food, pet supplies, dogs, cats, accessories, grooming, animal care",Not verified
Pet Lovers Centre Pte Ltd,"Tanglin Mall, 163 Tanglin Road, #03-107",247933,1/1/2026,31/12/2026,"PASSION MEMBERSHIP PRIVILEGE:
- 3% off regular-priced items with a minimum spending of $15","pets, pet food, pet supplies, dogs, cats, accessories, grooming, animal care",Not verified
Pet Lovers Centre Pte Ltd,"The Centrepoint, 176 Orchard Road, #02-27",238843,1/1/2026,31/12/2026,"PASSION MEMBERSHIP PRIVILEGE:
- 3% off regular-priced items with a minimum spending of $15","pets, pet food, pet supplies, dogs, cats, accessories, grooming, animal care",Not verified
Pet Lovers Centre Pte Ltd,"The Clementi Mall, 3155 Commonwealth Avenue West, #B1-02",129588,1/1/2026,31/12/2026,"PASSION MEMBERSHIP PRIVILEGE:
- 3% off regular-priced items with a minimum spending of $15","pets, pet food, pet supplies, dogs, cats, accessories, grooming, animal care",Not verified
Pet Lovers Centre Pte Ltd,"The Seletar Mall, 33 Sengkang West Avenue, #B2-11/12",797653,1/1/2026,31/12/2026,"PASSION MEMBERSHIP PRIVILEGE:
- 3% off regular-priced items with a minimum spending of $15","pets, pet food, pet supplies, dogs, cats, accessories, grooming, animal care",Not verified
Pet Lovers Centre Pte Ltd,"The Star Vista, 1 Vista Exchange Green, #01-14/15",138617,1/1/2026,31/12/2026,"PASSION MEMBERSHIP PRIVILEGE:
- 3% off regular-priced items with a minimum spending of $15","pets, pet food, pet supplies, dogs, cats, accessories, grooming, animal care",Not verified
Pet Lovers Centre Pte Ltd,"The Woodgrove, 30 Woodlands Avenue 1, #01-16/17",739065,1/1/2026,31/12/2026,"PASSION MEMBERSHIP PRIVILEGE:
- 3% off regular-priced items with a minimum spending of $15","pets, pet food, pet supplies, dogs, cats, accessories, grooming, animal care",Not verified
Pet Lovers Centre Pte Ltd,"Thomson Plaza, 301 Upper Thomson Road, #01-75",574408,1/1/2026,31/12/2026,"PASSION MEMBERSHIP PRIVILEGE:
- 3% off regular-priced items with a minimum spending of $15","pets, pet food, pet supplies, dogs, cats, accessories, grooming, animal care",Not verified
Pet Lovers Centre Pte Ltd,"177 Toa Payoh Central, #01-116",310177,1/1/2026,31/12/2026,"PASSION MEMBERSHIP PRIVILEGE:
- 3% off regular-priced items with a minimum spending of $15","pets, pet food, pet supplies, dogs, cats, accessories, grooming, animal care",Not verified
Pet Lovers Centre Pte Ltd,"United Square, 101 Thomson Road, #B1-74",307591,1/1/2026,31/12/2026,"PASSION MEMBERSHIP PRIVILEGE:
- 3% off regular-priced items with a minimum spending of $15","pets, pet food, pet supplies, dogs, cats, accessories, grooming, animal care",Not verified
Pet Lovers Centre Pte Ltd,"Valley Point, 491 River Valley Road, #01-14A",248371,1/1/2026,31/12/2026,"PASSION MEMBERSHIP PRIVILEGE:
- 3% off regular-priced items with a minimum spending of $15","pets, pet food, pet supplies, dogs, cats, accessories, grooming, animal care",Not verified
Pet Lovers Centre Pte Ltd,"Vivocity, 1 Harbourfront Walk, #03-03",98585,1/1/2026,31/12/2026,"PASSION MEMBERSHIP PRIVILEGE:
- 3% off regular-priced items with a minimum spending of $15","pets, pet food, pet supplies, dogs, cats, accessories, grooming, animal care",Not verified
Pet Lovers Centre Pte Ltd,"Waterway Point, 83 Punggol Central, #B2-10",828761,1/1/2026,31/12/2026,"PASSION MEMBERSHIP PRIVILEGE:
- 3% off regular-priced items with a minimum spending of $15","pets, pet food, pet supplies, dogs, cats, accessories, grooming, animal care",Not verified
Pet Lovers Centre Pte Ltd,"West Coast Plaza, 154 West Coast Road, #02-09",127371,1/1/2026,31/12/2026,"PASSION MEMBERSHIP PRIVILEGE:
- 3% off regular-priced items with a minimum spending of $15","pets, pet food, pet supplies, dogs, cats, accessories, grooming, animal care",Not verified
Pet Lovers Centre Pte Ltd,"West Mall, 1 Bukit Batok Central Link, #04-16",658713,1/1/2026,31/12/2026,"PASSION MEMBERSHIP PRIVILEGE:
- 3% off regular-priced items with a minimum spending of $15","pets, pet food, pet supplies, dogs, cats, accessories, grooming, animal care",Not verified
Pet Lovers Centre Pte Ltd,"White Sands, 1 Pasir Ris Central Street 3, #B1-13/14",518457,1/1/2026,31/12/2026,"PASSION MEMBERSHIP PRIVILEGE:
- 3% off regular-priced items with a minimum spending of $15","pets, pet food, pet supplies, dogs, cats, accessories, grooming, animal care",Not verified
Pet Lovers Centre Pte Ltd,"Woodlands Mart, 768 Woodlands Avenue 6, #01-26",730768,1/1/2026,31/12/2026,"PASSION MEMBERSHIP PRIVILEGE:
- 3% off regular-priced items with a minimum spending of $15","pets, pet food, pet supplies, dogs, cats, accessories, grooming, animal care",Not verified
Pet Lovers Centre Pte Ltd,"Zhongshan Mall, 20 Ah Hood Road, #01-29/30",329984,1/1/2026,31/12/2026,"PASSION MEMBERSHIP PRIVILEGE:
- 3% off regular-priced items with a minimum spending of $15","pets, pet food, pet supplies, dogs, cats, accessories, grooming, animal care",Not verified
Petit Bateau,"Orchard Paragon, 290 Orchard Road, #05-37/38",238859,1/9/2025,31/8/2026,"PASSION MEMBERSHIP PRIVILEGE:
- 10% off regular-priced items with a minimum spending of $80","fashion, children, baby, kids, clothing, apparel, childrenswear, babywear",Not verified
Petit Bateau,"Tanglin Mall, 163 Tanglin Road, #02-105",247933,1/9/2025,31/8/2026,"PASSION MEMBERSHIP PRIVILEGE:
- 10% off regular-priced items with a minimum spending of $80","fashion, children, baby, kids, clothing, apparel, childrenswear, babywear",Not verified
PlayMade,"313@somerset, 313 Orchard Road, #B3- 08",238895,1/1/2026,31/12/2026,"PASSION MEMBERSHIP PRIVILEGE:
- 5% off total bill (Promo code: PMXPM5)","food, beverages, drinks, snacks, desserts, bubble tea, boba, milk tea, fruit tea, pearls, tapioca, takeaway drinks",Not verified
PlayMade,"AMK Hub (Playground), 53 Ang Mo Kio Avenue 3, #B1- 51B",569933,1/1/2026,31/12/2026,"PASSION MEMBERSHIP PRIVILEGE:
- 5% off total bill (Promo code: PMXPM5)","food, beverages, drinks, snacks, desserts, bubble tea, boba, milk tea, fruit tea, pearls, tapioca, takeaway drinks",Not verified
PlayMade,"Bedok Mall, 311 New Upper Changi Road, #01-09",467360,1/1/2026,31/12/2026,"PASSION MEMBERSHIP PRIVILEGE:
- 5% off total bill (Promo code: PMXPM5)","food, beverages, drinks, snacks, desserts, bubble tea, boba, milk tea, fruit tea, pearls, tapioca, takeaway drinks",Not verified
PlayMade,"Bukit Panjang Plaza, 1 Jelebu Road, #01-17",677743,1/1/2026,31/12/2026,"PASSION MEMBERSHIP PRIVILEGE:
- 5% off total bill (Promo code: PMXPM5)","food, beverages, drinks, snacks, desserts, bubble tea, boba, milk tea, fruit tea, pearls, tapioca, takeaway drinks",Not verified
PlayMade,"Buona Vista MRT Station, 100 North Buona Vista Road, #01-08",139345,1/1/2026,31/12/2026,"PASSION MEMBERSHIP PRIVILEGE:
- 5% off total bill (Promo code: PMXPM5)","food, beverages, drinks, snacks, desserts, bubble tea, boba, milk tea, fruit tea, pearls, tapioca, takeaway drinks",Not verified
PlayMade,"Causeway Point, 1 Woodlands Square, #B1-K30",738099,1/1/2026,31/12/2026,"PASSION MEMBERSHIP PRIVILEGE:
- 5% off total bill (Promo code: PMXPM5)","food, beverages, drinks, snacks, desserts, bubble tea, boba, milk tea, fruit tea, pearls, tapioca, takeaway drinks",Not verified
PlayMade,"City Square Mall, 180 Kitchener Road, #B2-K10",208539,1/1/2026,31/12/2026,"PASSION MEMBERSHIP PRIVILEGE:
- 5% off total bill (Promo code: PMXPM5)","food, beverages, drinks, snacks, desserts, bubble tea, boba, milk tea, fruit tea, pearls, tapioca, takeaway drinks",Not verified
PlayMade,"Depot Heights Shopping Centre, 108 Depot Road, #01-03",100108,1/1/2026,31/12/2026,"PASSION MEMBERSHIP PRIVILEGE:
- 5% off total bill (Promo code: PMXPM5)","food, beverages, drinks, snacks, desserts, bubble tea, boba, milk tea, fruit tea, pearls, tapioca, takeaway drinks",Not verified
PlayMade,"Hougang Mall, 90 Hougang Avenue 10, #01-25",538766,1/1/2026,31/12/2026,"PASSION MEMBERSHIP PRIVILEGE:
- 5% off total bill (Promo code: PMXPM5)","food, beverages, drinks, snacks, desserts, bubble tea, boba, milk tea, fruit tea, pearls, tapioca, takeaway drinks",Not verified
PlayMade,"Jurong Point, 1 Jurong West Central 2, #B1-36A",648886,1/1/2026,31/12/2026,"PASSION MEMBERSHIP PRIVILEGE:
- 5% off total bill (Promo code: PMXPM5)","food, beverages, drinks, snacks, desserts, bubble tea, boba, milk tea, fruit tea, pearls, tapioca, takeaway drinks",Not verified
PlayMade,"Marina Bay Link Mall, 8A Marina Boulevard, #B2-43",18984,1/1/2026,31/12/2026,"PASSION MEMBERSHIP PRIVILEGE:
- 5% off total bill (Promo code: PMXPM5)","food, beverages, drinks, snacks, desserts, bubble tea, boba, milk tea, fruit tea, pearls, tapioca, takeaway drinks",Not verified
PlayMade,"NEX, 23 Serangoon Central, #04-17",556083,1/1/2026,31/12/2026,"PASSION MEMBERSHIP PRIVILEGE:
- 5% off total bill (Promo code: PMXPM5)","food, beverages, drinks, snacks, desserts, bubble tea, boba, milk tea, fruit tea, pearls, tapioca, takeaway drinks",Not verified
PlayMade,"Northpoint City, 1 Northpoint Drive, South Wing, #01-154",768019,1/1/2026,31/12/2026,"PASSION MEMBERSHIP PRIVILEGE:
- 5% off total bill (Promo code: PMXPM5)","food, beverages, drinks, snacks, desserts, bubble tea, boba, milk tea, fruit tea, pearls, tapioca, takeaway drinks",Not verified
PlayMade,"Northshore Plaza II, 418 Northshore Drive, #03-02",820418,1/1/2026,31/12/2026,"PASSION MEMBERSHIP PRIVILEGE:
- 5% off total bill (Promo code: PMXPM5)","food, beverages, drinks, snacks, desserts, bubble tea, boba, milk tea, fruit tea, pearls, tapioca, takeaway drinks",Not verified
PlayMade,"Paya Lebar Quarter Mall (PLQ), 10 Paya Lebar Road, #B2-K5",409057,1/1/2026,31/12/2026,"PASSION MEMBERSHIP PRIVILEGE:
- 5% off total bill (Promo code: PMXPM5)","food, beverages, drinks, snacks, desserts, bubble tea, boba, milk tea, fruit tea, pearls, tapioca, takeaway drinks",Not verified
PlayMade,"Punggol Digital District (Playground), 88 Punggol Way, #02-127",829913,1/1/2026,31/12/2026,"PASSION MEMBERSHIP PRIVILEGE:
- 5% off total bill (Promo code: PMXPM5)","food, beverages, drinks, snacks, desserts, bubble tea, boba, milk tea, fruit tea, pearls, tapioca, takeaway drinks",Not verified
PlayMade,"Sengkang Grand Mall, 70 Compassavale Bow, #01-67",544692,1/1/2026,31/12/2026,"PASSION MEMBERSHIP PRIVILEGE:
- 5% off total bill (Promo code: PMXPM5)","food, beverages, drinks, snacks, desserts, bubble tea, boba, milk tea, fruit tea, pearls, tapioca, takeaway drinks",Not verified
PlayMade,"Suntec City Mall (Playground), 3 Temasek Boulevard, North Tower, #B1-151",38983,1/1/2026,31/12/2026,"PASSION MEMBERSHIP PRIVILEGE:
- 5% off total bill (Promo code: PMXPM5)","food, beverages, drinks, snacks, desserts, bubble tea, boba, milk tea, fruit tea, pearls, tapioca, takeaway drinks",Not verified
PlayMade,"Tampines 1, 10 Tampines Central 1, #01-59",529536,1/1/2026,31/12/2026,"PASSION MEMBERSHIP PRIVILEGE:
- 5% off total bill (Promo code: PMXPM5)","food, beverages, drinks, snacks, desserts, bubble tea, boba, milk tea, fruit tea, pearls, tapioca, takeaway drinks",Not verified
PlayMade,"The Clementi Mall, 3155 Commonwealth Avenue West, #04-K4",129588,1/1/2026,31/12/2026,"PASSION MEMBERSHIP PRIVILEGE:
- 5% off total bill (Promo code: PMXPM5)","food, beverages, drinks, snacks, desserts, bubble tea, boba, milk tea, fruit tea, pearls, tapioca, takeaway drinks",Not verified
PlayMade,"The Seletar Mall (Playground), 33 Sengkang West Avenue, #03-K3",797653,1/1/2026,31/12/2026,"PASSION MEMBERSHIP PRIVILEGE:
- 5% off total bill (Promo code: PMXPM5)","food, beverages, drinks, snacks, desserts, bubble tea, boba, milk tea, fruit tea, pearls, tapioca, takeaway drinks",Not verified
PlayMade,"Tiong Bahru Plaza, 302 Tiong Bahru Road, #01-154",168732,1/1/2026,31/12/2026,"PASSION MEMBERSHIP PRIVILEGE:
- 5% off total bill (Promo code: PMXPM5)","food, beverages, drinks, snacks, desserts, bubble tea, boba, milk tea, fruit tea, pearls, tapioca, takeaway drinks",Not verified
PlayMade,"Toa Payoh Central, 190 Lorong 6 Toa Payoh, #01-564B",310190,1/1/2026,31/12/2026,"PASSION MEMBERSHIP PRIVILEGE:
- 5% off total bill (Promo code: PMXPM5)","food, beverages, drinks, snacks, desserts, bubble tea, boba, milk tea, fruit tea, pearls, tapioca, takeaway drinks",Not verified
PlayMade,"Velocity @ Novena Square, 238 Thomson Road, #02-52",307683,1/1/2026,31/12/2026,"PASSION MEMBERSHIP PRIVILEGE:
- 5% off total bill (Promo code: PMXPM5)","food, beverages, drinks, snacks, desserts, bubble tea, boba, milk tea, fruit tea, pearls, tapioca, takeaway drinks",Not verified
PlayMade,"VivoCity, 1 Harbourfront Walk, #02-118",98585,1/1/2026,31/12/2026,"PASSION MEMBERSHIP PRIVILEGE:
- 5% off total bill (Promo code: PMXPM5)","food, beverages, drinks, snacks, desserts, bubble tea, boba, milk tea, fruit tea, pearls, tapioca, takeaway drinks",Not verified
PlayMade,"Waterway Point, 83 Punggol Central, #B1-K6",828761,1/1/2026,31/12/2026,"PASSION MEMBERSHIP PRIVILEGE:
- 5% off total bill (Promo code: PMXPM5)","food, beverages, drinks, snacks, desserts, bubble tea, boba, milk tea, fruit tea, pearls, tapioca, takeaway drinks",Not verified
PlayMade,"Westgate, 3 Gateway Drive, #01-K1",608532,1/1/2026,31/12/2026,"PASSION MEMBERSHIP PRIVILEGE:
- 5% off total bill (Promo code: PMXPM5)","food, beverages, drinks, snacks, desserts, bubble tea, boba, milk tea, fruit tea, pearls, tapioca, takeaway drinks",Not verified
PlayMade,"Wisteria Mall, 598 Yishun Ring Road, #01-24",768698,1/1/2026,31/12/2026,"PASSION MEMBERSHIP PRIVILEGE:
- 5% off total bill (Promo code: PMXPM5)","food, beverages, drinks, snacks, desserts, bubble tea, boba, milk tea, fruit tea, pearls, tapioca, takeaway drinks",Not verified
Pierre Cardin,"Energized: Harbourfront Centre, 1 Maritime Square, #01-43",99253,1/11/2025,31/10/2026,"BLACK PASSION MEMBERSHIP PRIVILEGES:
- In-store: 15% off regular-priced items
- Online: 15% off regular-priced items with a minimum spending of $100 (Promo code: PCPABC15)

PASSION SILVER / PLATINUM MEMBERSHIP PRIVILEGES:
- In-store: 20% off regular-priced items
- Online: 20% off regular-priced items with a minimum spending of $100 (Promo code: PCPASC20)","fashion, apparel, menswear, womenswear, accessories, bags, belts, wallets",Not verified
Pierre Cardin,"Energized: Pasir Ris Mall, 7 Pasir Ris Central, #02-21",519612,1/11/2025,31/10/2026,"BLACK PASSION MEMBERSHIP PRIVILEGES:
- In-store: 15% off regular-priced items
- Online: 15% off regular-priced items with a minimum spending of $100 (Promo code: PCPABC15)

PASSION SILVER / PLATINUM MEMBERSHIP PRIVILEGES:
- In-store: 20% off regular-priced items
- Online: 20% off regular-priced items with a minimum spending of $100 (Promo code: PCPASC20)","fashion, apparel, menswear, womenswear, accessories, bags, belts, wallets",Not verified
Pierre Cardin,"Energized: Paya Lebar Quarter Mall (PLQ), 10 Paya Lebar Road, #02-36",409057,1/11/2025,31/10/2026,"BLACK PASSION MEMBERSHIP PRIVILEGES:
- In-store: 15% off regular-priced items
- Online: 15% off regular-priced items with a minimum spending of $100 (Promo code: PCPABC15)

PASSION SILVER / PLATINUM MEMBERSHIP PRIVILEGES:
- In-store: 20% off regular-priced items
- Online: 20% off regular-priced items with a minimum spending of $100 (Promo code: PCPASC20)","fashion, apparel, menswear, womenswear, accessories, bags, belts, wallets",Not verified
Pierre Cardin,"AMK Hub, 53 Ang Mo Kio Avenue 3, #02-44/45",569933,1/11/2025,31/10/2026,"BLACK PASSION MEMBERSHIP PRIVILEGES:
- In-store: 15% off regular-priced items
- Online: 15% off regular-priced items with a minimum spending of $100 (Promo code: PCPABC15)

PASSION SILVER / PLATINUM MEMBERSHIP PRIVILEGES:
- In-store: 20% off regular-priced items
- Online: 20% off regular-priced items with a minimum spending of $100 (Promo code: PCPASC20)","fashion, apparel, menswear, womenswear, accessories, bags, belts, wallets",Not verified
Pierre Cardin,"Bedok Mall, 311 New Upper Changi Road, #B1-30",467360,1/11/2025,31/10/2026,"BLACK PASSION MEMBERSHIP PRIVILEGES:
- In-store: 15% off regular-priced items
- Online: 15% off regular-priced items with a minimum spending of $100 (Promo code: PCPABC15)

PASSION SILVER / PLATINUM MEMBERSHIP PRIVILEGES:
- In-store: 20% off regular-priced items
- Online: 20% off regular-priced items with a minimum spending of $100 (Promo code: PCPASC20)","fashion, apparel, menswear, womenswear, accessories, bags, belts, wallets",Not verified
Pierre Cardin,"Changi City Point, 5 Changi Business Park Central 1, #01-13",486038,1/11/2025,31/10/2026,"BLACK PASSION MEMBERSHIP PRIVILEGES:
- In-store: 15% off regular-priced items
- Online: 15% off regular-priced items with a minimum spending of $100 (Promo code: PCPABC15)

PASSION SILVER / PLATINUM MEMBERSHIP PRIVILEGES:
- In-store: 20% off regular-priced items
- Online: 20% off regular-priced items with a minimum spending of $100 (Promo code: PCPASC20)","fashion, apparel, menswear, womenswear, accessories, bags, belts, wallets",Not verified
Pierre Cardin,"Compass One, 1 Sengkang Square, #02-27",545078,1/11/2025,31/10/2026,"BLACK PASSION MEMBERSHIP PRIVILEGES:
- In-store: 15% off regular-priced items
- Online: 15% off regular-priced items with a minimum spending of $100 (Promo code: PCPABC15)

PASSION SILVER / PLATINUM MEMBERSHIP PRIVILEGES:
- In-store: 20% off regular-priced items
- Online: 20% off regular-priced items with a minimum spending of $100 (Promo code: PCPASC20)","fashion, apparel, menswear, womenswear, accessories, bags, belts, wallets",Not verified
Pierre Cardin,"Harbourfront Centre, 1 Maritime Square, #02-18",99253,1/11/2025,31/10/2026,"BLACK PASSION MEMBERSHIP PRIVILEGES:
- In-store: 15% off regular-priced items
- Online: 15% off regular-priced items with a minimum spending of $100 (Promo code: PCPABC15)

PASSION SILVER / PLATINUM MEMBERSHIP PRIVILEGES:
- In-store: 20% off regular-priced items
- Online: 20% off regular-priced items with a minimum spending of $100 (Promo code: PCPASC20)","fashion, apparel, menswear, womenswear, accessories, bags, belts, wallets",Not verified
Pierre Cardin,"Hillion Mall, 17 Petir Road, #B1-54",678278,1/11/2025,31/10/2026,"BLACK PASSION MEMBERSHIP PRIVILEGES:
- In-store: 15% off regular-priced items
- Online: 15% off regular-priced items with a minimum spending of $100 (Promo code: PCPABC15)

PASSION SILVER / PLATINUM MEMBERSHIP PRIVILEGES:
- In-store: 20% off regular-priced items
- Online: 20% off regular-priced items with a minimum spending of $100 (Promo code: PCPASC20)","fashion, apparel, menswear, womenswear, accessories, bags, belts, wallets",Not verified
Pierre Cardin,"Hougang Mall, 90 Hougang Avenue 10, #01-32",538766,1/11/2025,31/10/2026,"BLACK PASSION MEMBERSHIP PRIVILEGES:
- In-store: 15% off regular-priced items
- Online: 15% off regular-priced items with a minimum spending of $100 (Promo code: PCPABC15)

PASSION SILVER / PLATINUM MEMBERSHIP PRIVILEGES:
- In-store: 20% off regular-priced items
- Online: 20% off regular-priced items with a minimum spending of $100 (Promo code: PCPASC20)","fashion, apparel, menswear, womenswear, accessories, bags, belts, wallets",Not verified
Pierre Cardin,"IMM, 2 Jurong East Street 21, #01-64",609601,1/11/2025,31/10/2026,"BLACK PASSION MEMBERSHIP PRIVILEGES:
- In-store: 15% off regular-priced items
- Online: 15% off regular-priced items with a minimum spending of $100 (Promo code: PCPABC15)

PASSION SILVER / PLATINUM MEMBERSHIP PRIVILEGES:
- In-store: 20% off regular-priced items
- Online: 20% off regular-priced items with a minimum spending of $100 (Promo code: PCPASC20)","fashion, apparel, menswear, womenswear, accessories, bags, belts, wallets",Not verified
Pierre Cardin,"Jem, 50 Jurong Gateway Road, #02-18",608550,1/11/2025,31/10/2026,"BLACK PASSION MEMBERSHIP PRIVILEGES:
- In-store: 15% off regular-priced items
- Online: 15% off regular-priced items with a minimum spending of $100 (Promo code: PCPABC15)

PASSION SILVER / PLATINUM MEMBERSHIP PRIVILEGES:
- In-store: 20% off regular-priced items
- Online: 20% off regular-priced items with a minimum spending of $100 (Promo code: PCPASC20)","fashion, apparel, menswear, womenswear, accessories, bags, belts, wallets",Not verified
Pierre Cardin,"Jurong Point, 63 Jurong West Central 3, #03-12",648331,1/11/2025,31/10/2026,"BLACK PASSION MEMBERSHIP PRIVILEGES:
- In-store: 15% off regular-priced items
- Online: 15% off regular-priced items with a minimum spending of $100 (Promo code: PCPABC15)

PASSION SILVER / PLATINUM MEMBERSHIP PRIVILEGES:
- In-store: 20% off regular-priced items
- Online: 20% off regular-priced items with a minimum spending of $100 (Promo code: PCPASC20)","fashion, apparel, menswear, womenswear, accessories, bags, belts, wallets",Not verified
Pierre Cardin,"NEX, 23 Serangoon Central, #01-87",556083,1/11/2025,31/10/2026,"BLACK PASSION MEMBERSHIP PRIVILEGES:
- In-store: 15% off regular-priced items
- Online: 15% off regular-priced items with a minimum spending of $100 (Promo code: PCPABC15)

PASSION SILVER / PLATINUM MEMBERSHIP PRIVILEGES:
- In-store: 20% off regular-priced items
- Online: 20% off regular-priced items with a minimum spending of $100 (Promo code: PCPASC20)","fashion, apparel, menswear, womenswear, accessories, bags, belts, wallets",Not verified
Pierre Cardin,"Northpoint City, 930 Yishun Avenue 2, #02-32",769098,1/11/2025,31/10/2026,"BLACK PASSION MEMBERSHIP PRIVILEGES:
- In-store: 15% off regular-priced items
- Online: 15% off regular-priced items with a minimum spending of $100 (Promo code: PCPABC15)

PASSION SILVER / PLATINUM MEMBERSHIP PRIVILEGES:
- In-store: 20% off regular-priced items
- Online: 20% off regular-priced items with a minimum spending of $100 (Promo code: PCPASC20)","fashion, apparel, menswear, womenswear, accessories, bags, belts, wallets",Not verified
Pierre Cardin,"Parkway Parade, 80 Marine Parade Road, #02-60",449269,1/11/2025,31/10/2026,"BLACK PASSION MEMBERSHIP PRIVILEGES:
- In-store: 15% off regular-priced items
- Online: 15% off regular-priced items with a minimum spending of $100 (Promo code: PCPABC15)

PASSION SILVER / PLATINUM MEMBERSHIP PRIVILEGES:
- In-store: 20% off regular-priced items
- Online: 20% off regular-priced items with a minimum spending of $100 (Promo code: PCPASC20)","fashion, apparel, menswear, womenswear, accessories, bags, belts, wallets",Not verified
Pierre Cardin,"Pasir Ris Mall, 7 Pasir Ris Central, #02-21",519612,1/11/2025,31/10/2026,"BLACK PASSION MEMBERSHIP PRIVILEGES:
- In-store: 15% off regular-priced items
- Online: 15% off regular-priced items with a minimum spending of $100 (Promo code: PCPABC15)

PASSION SILVER / PLATINUM MEMBERSHIP PRIVILEGES:
- In-store: 20% off regular-priced items
- Online: 20% off regular-priced items with a minimum spending of $100 (Promo code: PCPASC20)","fashion, apparel, menswear, womenswear, accessories, bags, belts, wallets",Not verified
Pierre Cardin,"Paya Lebar Quarter Mall (PLQ), 10 Paya Lebar Road, #02-33",409057,1/11/2025,31/10/2026,"BLACK PASSION MEMBERSHIP PRIVILEGES:
- In-store: 15% off regular-priced items
- Online: 15% off regular-priced items with a minimum spending of $100 (Promo code: PCPABC15)

PASSION SILVER / PLATINUM MEMBERSHIP PRIVILEGES:
- In-store: 20% off regular-priced items
- Online: 20% off regular-priced items with a minimum spending of $100 (Promo code: PCPASC20)","fashion, apparel, menswear, womenswear, accessories, bags, belts, wallets",Not verified
Pierre Cardin,"Sengkang Grand Mall, 70 Compassvale Bow, #01-27",544692,1/11/2025,31/10/2026,"BLACK PASSION MEMBERSHIP PRIVILEGES:
- In-store: 15% off regular-priced items
- Online: 15% off regular-priced items with a minimum spending of $100 (Promo code: PCPABC15)

PASSION SILVER / PLATINUM MEMBERSHIP PRIVILEGES:
- In-store: 20% off regular-priced items
- Online: 20% off regular-priced items with a minimum spending of $100 (Promo code: PCPASC20)","fashion, apparel, menswear, womenswear, accessories, bags, belts, wallets",Not verified
Pierre Cardin,"Suntec City Mall, 3 Temasek Boulevard, #02-367",38983,1/11/2025,31/10/2026,"BLACK PASSION MEMBERSHIP PRIVILEGES:
- In-store: 15% off regular-priced items
- Online: 15% off regular-priced items with a minimum spending of $100 (Promo code: PCPABC15)

PASSION SILVER / PLATINUM MEMBERSHIP PRIVILEGES:
- In-store: 20% off regular-priced items
- Online: 20% off regular-priced items with a minimum spending of $100 (Promo code: PCPASC20)","fashion, apparel, menswear, womenswear, accessories, bags, belts, wallets",Not verified
Pierre Cardin,"Tampines Mall, 4 Tampines Central, #02-16A",529510,1/11/2025,31/10/2026,"BLACK PASSION MEMBERSHIP PRIVILEGES:
- In-store: 15% off regular-priced items
- Online: 15% off regular-priced items with a minimum spending of $100 (Promo code: PCPABC15)

PASSION SILVER / PLATINUM MEMBERSHIP PRIVILEGES:
- In-store: 20% off regular-priced items
- Online: 20% off regular-priced items with a minimum spending of $100 (Promo code: PCPASC20)","fashion, apparel, menswear, womenswear, accessories, bags, belts, wallets",Not verified
Pierre Cardin,"The Clementi Mall, 3155 Commonwealth Avenue West, #03-35",129588,1/11/2025,31/10/2026,"BLACK PASSION MEMBERSHIP PRIVILEGES:
- In-store: 15% off regular-priced items
- Online: 15% off regular-priced items with a minimum spending of $100 (Promo code: PCPABC15)

PASSION SILVER / PLATINUM MEMBERSHIP PRIVILEGES:
- In-store: 20% off regular-priced items
- Online: 20% off regular-priced items with a minimum spending of $100 (Promo code: PCPASC20)","fashion, apparel, menswear, womenswear, accessories, bags, belts, wallets",Not verified
Pierre Cardin,"Toa Payoh Central, Blk 183 Toa Payoh Central, #01-302",310183,1/11/2025,31/10/2026,"BLACK PASSION MEMBERSHIP PRIVILEGES:
- In-store: 15% off regular-priced items
- Online: 15% off regular-priced items with a minimum spending of $100 (Promo code: PCPABC15)

PASSION SILVER / PLATINUM MEMBERSHIP PRIVILEGES:
- In-store: 20% off regular-priced items
- Online: 20% off regular-priced items with a minimum spending of $100 (Promo code: PCPASC20)","fashion, apparel, menswear, womenswear, accessories, bags, belts, wallets",Not verified
Pierre Cardin,"Toa Payoh Lorong 6, Blk 190 Toa Payoh Lorong 6, #01-546",310190,1/11/2025,31/10/2026,"BLACK PASSION MEMBERSHIP PRIVILEGES:
- In-store: 15% off regular-priced items
- Online: 15% off regular-priced items with a minimum spending of $100 (Promo code: PCPABC15)

PASSION SILVER / PLATINUM MEMBERSHIP PRIVILEGES:
- In-store: 20% off regular-priced items
- Online: 20% off regular-priced items with a minimum spending of $100 (Promo code: PCPASC20)","fashion, apparel, menswear, womenswear, accessories, bags, belts, wallets",Not verified
Pierre Cardin,"Velocity @ Novena Square, 238 Thomson Road, #02-21",307683,1/11/2025,31/10/2026,"BLACK PASSION MEMBERSHIP PRIVILEGES:
- In-store: 15% off regular-priced items
- Online: 15% off regular-priced items with a minimum spending of $100 (Promo code: PCPABC15)

PASSION SILVER / PLATINUM MEMBERSHIP PRIVILEGES:
- In-store: 20% off regular-priced items
- Online: 20% off regular-priced items with a minimum spending of $100 (Promo code: PCPASC20)","fashion, apparel, menswear, womenswear, accessories, bags, belts, wallets",Not verified
Pinnacle Family Clinic,"Pinnacle Family Clinic (Buangkok Square), 991 Buangkok Link, #02-05",530991,-,-,"PASSION MEMBERSHIP PRIVILEGES:
- Telemedicine @ $12 per consultation
- Basic Health Screening @ $49
- Comprehensive Health Screening @ $199
- Flu vaccine @ $29
- Mammogram (2D/3D) @ $120/$170
- Bone Mineral Density @ $90
- Ultrasound Breasts @ $100
- Ultrasound Prostate @ $100","healthcare, medical clinic, family medicine, general practitioner, doctors, health screening",Not verified
Pinnacle Family Clinic,"Pinnacle Family Clinic (Changi North), 963C Upper Changi Road North, #02-09",506790,-,-,"PASSION MEMBERSHIP PRIVILEGES:
- Telemedicine @ $12 per consultation
- Basic Health Screening @ $49
- Comprehensive Health Screening @ $199
- Flu vaccine @ $29
- Mammogram (2D/3D) @ $120/$170
- Bone Mineral Density @ $90
- Ultrasound Breasts @ $100
- Ultrasound Prostate @ $100","healthcare, medical clinic, family medicine, general practitioner, doctors, health screening",Not verified
Pinnacle Family Clinic,"Pinnacle Family Clinic (Clementi), 209A Clementi Avenue 6, #01-06",121209,-,-,"PASSION MEMBERSHIP PRIVILEGES:
- Telemedicine @ $12 per consultation
- Basic Health Screening @ $49
- Comprehensive Health Screening @ $199
- Flu vaccine @ $29
- Mammogram (2D/3D) @ $120/$170
- Bone Mineral Density @ $90
- Ultrasound Breasts @ $100
- Ultrasound Prostate @ $100","healthcare, medical clinic, family medicine, general practitioner, doctors, health screening",Not verified
Pinnacle Family Clinic,"Pinnacle Family Clinic (Compassvale), 289C Compassvale Crescent, #01-04",543289,-,-,"PASSION MEMBERSHIP PRIVILEGES:
- Telemedicine @ $12 per consultation
- Basic Health Screening @ $49
- Comprehensive Health Screening @ $199
- Flu vaccine @ $29
- Mammogram (2D/3D) @ $120/$170
- Bone Mineral Density @ $90
- Ultrasound Breasts @ $100
- Ultrasound Prostate @ $100","healthcare, medical clinic, family medicine, general practitioner, doctors, health screening",Not verified
Pinnacle Family Clinic,"Pinnacle Family Clinic (Dairy Farm), 4 Dairy Farm Lane, #B1-07",677622,-,-,"PASSION MEMBERSHIP PRIVILEGES:
- Telemedicine @ $12 per consultation
- Basic Health Screening @ $49
- Comprehensive Health Screening @ $199
- Flu vaccine @ $29
- Mammogram (2D/3D) @ $120/$170
- Bone Mineral Density @ $90
- Ultrasound Breasts @ $100
- Ultrasound Prostate @ $100","healthcare, medical clinic, family medicine, general practitioner, doctors, health screening",Not verified
Pinnacle Family Clinic,"Pinnacle Family Clinic (Dakota), Blk 91 Jalan Satu, #01-05",390091,-,-,"PASSION MEMBERSHIP PRIVILEGES:
- Telemedicine @ $12 per consultation
- Basic Health Screening @ $49
- Comprehensive Health Screening @ $199
- Flu vaccine @ $29
- Mammogram (2D/3D) @ $120/$170
- Bone Mineral Density @ $90
- Ultrasound Breasts @ $100
- Ultrasound Prostate @ $100","healthcare, medical clinic, family medicine, general practitioner, doctors, health screening",Not verified
Pinnacle Family Clinic,"Pinnacle Family Clinic (DUO Galleria), 7 Fraser Street, #B3-12",189356,-,-,"PASSION MEMBERSHIP PRIVILEGES:
- Telemedicine @ $12 per consultation
- Basic Health Screening @ $49
- Comprehensive Health Screening @ $199
- Flu vaccine @ $29
- Mammogram (2D/3D) @ $120/$170
- Bone Mineral Density @ $90
- Ultrasound Breasts @ $100
- Ultrasound Prostate @ $100","healthcare, medical clinic, family medicine, general practitioner, doctors, health screening",Not verified
Pinnacle Family Clinic,"Pinnacle Family Clinic (Hougang), Blk 356 Hougang Avenue 7, #01-791",530356,-,-,"PASSION MEMBERSHIP PRIVILEGES:
- Telemedicine @ $12 per consultation
- Basic Health Screening @ $49
- Comprehensive Health Screening @ $199
- Flu vaccine @ $29
- Mammogram (2D/3D) @ $120/$170
- Bone Mineral Density @ $90
- Ultrasound Breasts @ $100
- Ultrasound Prostate @ $100","healthcare, medical clinic, family medicine, general practitioner, doctors, health screening",Not verified
Pinnacle Family Clinic,"Pinnacle Family Clinic (NorthShore Plaza 1), 407 Northshore Drive, #02-18",820407,-,-,"PASSION MEMBERSHIP PRIVILEGES:
- Telemedicine @ $12 per consultation
- Basic Health Screening @ $49
- Comprehensive Health Screening @ $199
- Flu vaccine @ $29
- Mammogram (2D/3D) @ $120/$170
- Bone Mineral Density @ $90
- Ultrasound Breasts @ $100
- Ultrasound Prostate @ $100","healthcare, medical clinic, family medicine, general practitioner, doctors, health screening",Not verified
Pinnacle Family Clinic,"Pinnacle Family Clinic (Pasir Ris), Blk 571 Pasir Ris Street 53, #01-50",510571,-,-,"PASSION MEMBERSHIP PRIVILEGES:
- Telemedicine @ $12 per consultation
- Basic Health Screening @ $49
- Comprehensive Health Screening @ $199
- Flu vaccine @ $29
- Mammogram (2D/3D) @ $120/$170
- Bone Mineral Density @ $90
- Ultrasound Breasts @ $100
- Ultrasound Prostate @ $100","healthcare, medical clinic, family medicine, general practitioner, doctors, health screening",Not verified
Pinnacle Family Clinic,"Pinnacle Family Clinic (Pioneer MRT), 31 Jurong West Street 63 #02-01",648310,-,-,"PASSION MEMBERSHIP PRIVILEGES:
- Telemedicine @ $12 per consultation
- Basic Health Screening @ $49
- Comprehensive Health Screening @ $199
- Flu vaccine @ $29
- Mammogram (2D/3D) @ $120/$170
- Bone Mineral Density @ $90
- Ultrasound Breasts @ $100
- Ultrasound Prostate @ $100","healthcare, medical clinic, family medicine, general practitioner, doctors, health screening",Not verified
Pinnacle Family Clinic,"Pinnacle Family Clinic (River Valley), 240 River Valley Road",238297,-,-,"PASSION MEMBERSHIP PRIVILEGES:
- Telemedicine @ $12 per consultation
- Basic Health Screening @ $49
- Comprehensive Health Screening @ $199
- Flu vaccine @ $29
- Mammogram (2D/3D) @ $120/$170
- Bone Mineral Density @ $90
- Ultrasound Breasts @ $100
- Ultrasound Prostate @ $100","healthcare, medical clinic, family medicine, general practitioner, doctors, health screening",Not verified
Pinnacle Family Clinic,"Pinnacle Family Clinic (Sembawang), 604 Sembawang Road, #B1-03",758459,-,-,"PASSION MEMBERSHIP PRIVILEGES:
- Telemedicine @ $12 per consultation
- Basic Health Screening @ $49
- Comprehensive Health Screening @ $199
- Flu vaccine @ $29
- Mammogram (2D/3D) @ $120/$170
- Bone Mineral Density @ $90
- Ultrasound Breasts @ $100
- Ultrasound Prostate @ $100","healthcare, medical clinic, family medicine, general practitioner, doctors, health screening",Not verified
Pinnacle Family Clinic,"Pinnace Family Clinic (Sengkang), Blk 170A Sengkang East Drive, #01-06",541170,-,-,"PASSION MEMBERSHIP PRIVILEGES:
- Telemedicine @ $12 per consultation
- Basic Health Screening @ $49
- Comprehensive Health Screening @ $199
- Flu vaccine @ $29
- Mammogram (2D/3D) @ $120/$170
- Bone Mineral Density @ $90
- Ultrasound Breasts @ $100
- Ultrasound Prostate @ $100","healthcare, medical clinic, family medicine, general practitioner, doctors, health screening",Not verified
Pinnacle Family Clinic,"Pinnacle Family Clinic (Serangoon North), Blk 518 Serangoon North Avenue 4, #B1-208",550518,-,-,"PASSION MEMBERSHIP PRIVILEGES:
- Telemedicine @ $12 per consultation
- Basic Health Screening @ $49
- Comprehensive Health Screening @ $199
- Flu vaccine @ $29
- Mammogram (2D/3D) @ $120/$170
- Bone Mineral Density @ $90
- Ultrasound Breasts @ $100
- Ultrasound Prostate @ $100","healthcare, medical clinic, family medicine, general practitioner, doctors, health screening",Not verified
Pinnacle Family Clinic,"Pinnacle Family Clinic (Tampines North), 633 Tampines North Drive 2, #02-06",520633,-,-,"PASSION MEMBERSHIP PRIVILEGES:
- Telemedicine @ $12 per consultation
- Basic Health Screening @ $49
- Comprehensive Health Screening @ $199
- Flu vaccine @ $29
- Mammogram (2D/3D) @ $120/$170
- Bone Mineral Density @ $90
- Ultrasound Breasts @ $100
- Ultrasound Prostate @ $100","healthcare, medical clinic, family medicine, general practitioner, doctors, health screening",Not verified
Pinnacle Family Clinic,"Pinnacle Family Clinic (Tengah), Blk 235B Tengah Garden Walk #01-334",692235,-,-,"PASSION MEMBERSHIP PRIVILEGES:
- Telemedicine @ $12 per consultation
- Basic Health Screening @ $49
- Comprehensive Health Screening @ $199
- Flu vaccine @ $29
- Mammogram (2D/3D) @ $120/$170
- Bone Mineral Density @ $90
- Ultrasound Breasts @ $100
- Ultrasound Prostate @ $100","healthcare, medical clinic, family medicine, general practitioner, doctors, health screening",Not verified
Pinnacle Family Clinic,"Pinnacle Family Clinic (Woodlands), Blk 573 Woodlands Drive 16, #01-06",730573,-,-,"PASSION MEMBERSHIP PRIVILEGES:
- Telemedicine @ $12 per consultation
- Basic Health Screening @ $49
- Comprehensive Health Screening @ $199
- Flu vaccine @ $29
- Mammogram (2D/3D) @ $120/$170
- Bone Mineral Density @ $90
- Ultrasound Breasts @ $100
- Ultrasound Prostate @ $100","healthcare, medical clinic, family medicine, general practitioner, doctors, health screening",Not verified
Pinnacle Family Clinic,"Pinnacle Family Clinic (Yew Tee), Blk 790 Choa Chu Kang North 6, #01-238",680790,-,-,"PASSION MEMBERSHIP PRIVILEGES:
- Telemedicine @ $12 per consultation
- Basic Health Screening @ $49
- Comprehensive Health Screening @ $199
- Flu vaccine @ $29
- Mammogram (2D/3D) @ $120/$170
- Bone Mineral Density @ $90
- Ultrasound Breasts @ $100
- Ultrasound Prostate @ $100","healthcare, medical clinic, family medicine, general practitioner, doctors, health screening",Not verified
Pinnacle Family Clinic,"Pinnacle Medical Centre (Bedok MRT), 315 New Upper Changi Road, #01-01",467347,-,-,"PASSION MEMBERSHIP PRIVILEGES:
- Telemedicine @ $12 per consultation
- Basic Health Screening @ $49
- Comprehensive Health Screening @ $199
- Flu vaccine @ $29
- Mammogram (2D/3D) @ $120/$170
- Bone Mineral Density @ $90
- Ultrasound Breasts @ $100
- Ultrasound Prostate @ $100","healthcare, medical clinic, family medicine, general practitioner, doctors, health screening",Not verified
Pinnacle Family Clinic,"Pinnacle Medical Centre (Lentor Modern), 1 Lentor Central, #01-46",788887,-,-,"PASSION MEMBERSHIP PRIVILEGES:
- Telemedicine @ $12 per consultation
- Basic Health Screening @ $49
- Comprehensive Health Screening @ $199
- Flu vaccine @ $29
- Mammogram (2D/3D) @ $120/$170
- Bone Mineral Density @ $90
- Ultrasound Breasts @ $100
- Ultrasound Prostate @ $100","healthcare, medical clinic, family medicine, general practitioner, doctors, health screening",Not verified
Pinnacle Family Clinic,"Pinnacle Medical Centre (Raffles Place), 22 Malacca Street, RB Capital Building, #13-03",48980,-,-,"PASSION MEMBERSHIP PRIVILEGES:
- Telemedicine @ $12 per consultation
- Basic Health Screening @ $49
- Comprehensive Health Screening @ $199
- Flu vaccine @ $29
- Mammogram (2D/3D) @ $120/$170
- Bone Mineral Density @ $90
- Ultrasound Breasts @ $100
- Ultrasound Prostate @ $100","healthcare, medical clinic, family medicine, general practitioner, doctors, health screening",Not verified
Pinnacle Family Clinic,"Pinnacle Medical Centre (Yishun), 920 Yishun Avenue 2, Yishun Integrated Transport Hub, #01-20",769100,-,-,"PASSION MEMBERSHIP PRIVILEGES:
- Telemedicine @ $12 per consultation
- Basic Health Screening @ $49
- Comprehensive Health Screening @ $199
- Flu vaccine @ $29
- Mammogram (2D/3D) @ $120/$170
- Bone Mineral Density @ $90
- Ultrasound Breasts @ $100
- Ultrasound Prostate @ $100","healthcare, medical clinic, family medicine, general practitioner, doctors, health screening",Not verified
Polar Puffs & Cakes,"AMK Hub, 53 Ang Mo Kio Avenue 3, #B2-08",569933,1/1/2026,31/12/2026,"PASSION MEMBERSHIP PRIVILEGE:
- 10% off with a minimum spending of $10","food, bakery, puffs, cakes, pastries, curry puffs, snacks, savoury snacks, sweet treats",Not verified
Polar Puffs & Cakes,"Bedok Mall, 311 New Upper Changi Road, #B2-K5",467360,1/1/2026,31/12/2026,"PASSION MEMBERSHIP PRIVILEGE:
- 10% off with a minimum spending of $10","food, bakery, puffs, cakes, pastries, curry puffs, snacks, savoury snacks, sweet treats",Not verified
Polar Puffs & Cakes,"Bukit Gombak MRT, 802 Bukit Batok West Avenue 5, #01-05",659083,1/1/2026,31/12/2026,"PASSION MEMBERSHIP PRIVILEGE:
- 10% off with a minimum spending of $10","food, bakery, puffs, cakes, pastries, curry puffs, snacks, savoury snacks, sweet treats",Not verified
Polar Puffs & Cakes,"Causeway Point, 1 Woodlands Square, #B1-K07",738099,1/1/2026,31/12/2026,"PASSION MEMBERSHIP PRIVILEGE:
- 10% off with a minimum spending of $10","food, bakery, puffs, cakes, pastries, curry puffs, snacks, savoury snacks, sweet treats",Not verified
Polar Puffs & Cakes,"Chinatown Point, 133 New Bridge Road, #B1-24",59413,1/1/2026,31/12/2026,"PASSION MEMBERSHIP PRIVILEGE:
- 10% off with a minimum spending of $10","food, bakery, puffs, cakes, pastries, curry puffs, snacks, savoury snacks, sweet treats",Not verified
Polar Puffs & Cakes,"Compass One, 1 Sengkang Square, #01-26",545078,1/1/2026,31/12/2026,"PASSION MEMBERSHIP PRIVILEGE:
- 10% off with a minimum spending of $10","food, bakery, puffs, cakes, pastries, curry puffs, snacks, savoury snacks, sweet treats",Not verified
Polar Puffs & Cakes,"Hougang Mall, 90 Hougang Avenue 10, #B1-K9",538766,1/1/2026,31/12/2026,"PASSION MEMBERSHIP PRIVILEGE:
- 10% off with a minimum spending of $10","food, bakery, puffs, cakes, pastries, curry puffs, snacks, savoury snacks, sweet treats",Not verified
Polar Puffs & Cakes,"Jem, 50 Jurong Gateway, #B1-31",608549,1/1/2026,31/12/2026,"PASSION MEMBERSHIP PRIVILEGE:
- 10% off with a minimum spending of $10","food, bakery, puffs, cakes, pastries, curry puffs, snacks, savoury snacks, sweet treats",Not verified
Polar Puffs & Cakes,"Junction 8, 9 Bishan Place, #B1-K2",579837,1/1/2026,31/12/2026,"PASSION MEMBERSHIP PRIVILEGE:
- 10% off with a minimum spending of $10","food, bakery, puffs, cakes, pastries, curry puffs, snacks, savoury snacks, sweet treats",Not verified
Polar Puffs & Cakes,"Jurong Point, 1 Jurong West Central 2, #B1-11",648886,1/1/2026,31/12/2026,"PASSION MEMBERSHIP PRIVILEGE:
- 10% off with a minimum spending of $10","food, bakery, puffs, cakes, pastries, curry puffs, snacks, savoury snacks, sweet treats",Not verified
Polar Puffs & Cakes,"KK Women's & Children's Hospital, 100 Bukit Timah Road, #01-34",229899,1/1/2026,31/12/2026,"PASSION MEMBERSHIP PRIVILEGE:
- 10% off with a minimum spending of $10","food, bakery, puffs, cakes, pastries, curry puffs, snacks, savoury snacks, sweet treats",Not verified
Polar Puffs & Cakes,"Lavendar MRT Station, 50 Kallang Road, #B1-02",208699,1/1/2026,31/12/2026,"PASSION MEMBERSHIP PRIVILEGE:
- 10% off with a minimum spending of $10","food, bakery, puffs, cakes, pastries, curry puffs, snacks, savoury snacks, sweet treats",Not verified
Polar Puffs & Cakes,"Lot One Shoppers' Mall, 21 Choa Chu Kang Avenue 4, #B1-K20",689812,1/1/2026,31/12/2026,"PASSION MEMBERSHIP PRIVILEGE:
- 10% off with a minimum spending of $10","food, bakery, puffs, cakes, pastries, curry puffs, snacks, savoury snacks, sweet treats",Not verified
Polar Puffs & Cakes,"Mount Alvernia Hospital, 820 Thomson Road, #01-31 (Block B)",574623,1/1/2026,31/12/2026,"PASSION MEMBERSHIP PRIVILEGE:
- 10% off with a minimum spending of $10","food, bakery, puffs, cakes, pastries, curry puffs, snacks, savoury snacks, sweet treats",Not verified
Polar Puffs & Cakes,"National Skin Centre, 1 Mandalay Road, Level 1 (beyond the escalator)",308205,1/1/2026,31/12/2026,"PASSION MEMBERSHIP PRIVILEGE:
- 10% off with a minimum spending of $10","food, bakery, puffs, cakes, pastries, curry puffs, snacks, savoury snacks, sweet treats",Not verified
Polar Puffs & Cakes,"National University Hospital, 1 Lower Kent Ridge Road, #01-03/04/22",119082,1/1/2026,31/12/2026,"PASSION MEMBERSHIP PRIVILEGE:
- 10% off with a minimum spending of $10","food, bakery, puffs, cakes, pastries, curry puffs, snacks, savoury snacks, sweet treats",Not verified
Polar Puffs & Cakes,"NEX, 23 Serangoon Central, #03-K3/K4",556083,1/1/2026,31/12/2026,"PASSION MEMBERSHIP PRIVILEGE:
- 10% off with a minimum spending of $10","food, bakery, puffs, cakes, pastries, curry puffs, snacks, savoury snacks, sweet treats",Not verified
Polar Puffs & Cakes,"Northpoint City, 930 Yishun Avenue 2, #B1-11",769098,1/1/2026,31/12/2026,"PASSION MEMBERSHIP PRIVILEGE:
- 10% off with a minimum spending of $10","food, bakery, puffs, cakes, pastries, curry puffs, snacks, savoury snacks, sweet treats",Not verified
Polar Puffs & Cakes,"Oasis Terraces, 681 Punggol Drive, #B1-13",820681,1/1/2026,31/12/2026,"PASSION MEMBERSHIP PRIVILEGE:
- 10% off with a minimum spending of $10","food, bakery, puffs, cakes, pastries, curry puffs, snacks, savoury snacks, sweet treats",Not verified
Polar Puffs & Cakes,"One Raffles Place, 1 Raffles Place, #B1-01",48616,1/1/2026,31/12/2026,"PASSION MEMBERSHIP PRIVILEGE:
- 10% off with a minimum spending of $10","food, bakery, puffs, cakes, pastries, curry puffs, snacks, savoury snacks, sweet treats",Not verified
Polar Puffs & Cakes,"Paya Lebar Quarter Mall (PLQ), 10 Paya Lebar Road, #B2-K6",409057,1/1/2026,31/12/2026,"PASSION MEMBERSHIP PRIVILEGE:
- 10% off with a minimum spending of $10","food, bakery, puffs, cakes, pastries, curry puffs, snacks, savoury snacks, sweet treats",Not verified
Polar Puffs & Cakes,"Pioneer MRT Station, 31 Jurong West Street 63, #02-07",648310,1/1/2026,31/12/2026,"PASSION MEMBERSHIP PRIVILEGE:
- 10% off with a minimum spending of $10","food, bakery, puffs, cakes, pastries, curry puffs, snacks, savoury snacks, sweet treats",Not verified
Polar Puffs & Cakes,"Sembawang Shopping Centre, 604 Sembawang Road, #B1-K6",758459,1/1/2026,31/12/2026,"PASSION MEMBERSHIP PRIVILEGE:
- 10% off with a minimum spending of $10","food, bakery, puffs, cakes, pastries, curry puffs, snacks, savoury snacks, sweet treats",Not verified
Polar Puffs & Cakes,"Sengkang General Hospital, 110 Sengkang East Way, #01-02 ",544886,1/1/2026,31/12/2026,"PASSION MEMBERSHIP PRIVILEGE:
- 10% off with a minimum spending of $10","food, bakery, puffs, cakes, pastries, curry puffs, snacks, savoury snacks, sweet treats",Not verified
Polar Puffs & Cakes,"Singapore General Hospital, 1 Hospital Drive, Level 1, Block 7",169608,1/1/2026,31/12/2026,"PASSION MEMBERSHIP PRIVILEGE:
- 10% off with a minimum spending of $10","food, bakery, puffs, cakes, pastries, curry puffs, snacks, savoury snacks, sweet treats",Not verified
Polar Puffs & Cakes,"Square 2, 10 Sinaran Drive, #B1-127",307506,1/1/2026,31/12/2026,"PASSION MEMBERSHIP PRIVILEGE:
- 10% off with a minimum spending of $10","food, bakery, puffs, cakes, pastries, curry puffs, snacks, savoury snacks, sweet treats",Not verified
Polar Puffs & Cakes,"Tampines Mall, 4 Tampines Central 5, #B1-K14",529510,1/1/2026,31/12/2026,"PASSION MEMBERSHIP PRIVILEGE:
- 10% off with a minimum spending of $10","food, bakery, puffs, cakes, pastries, curry puffs, snacks, savoury snacks, sweet treats",Not verified
Polar Puffs & Cakes,"Tan Tock Seng Hospital, 11 Jalan Tan Tock Seng, #01-04",308433,1/1/2026,31/12/2026,"PASSION MEMBERSHIP PRIVILEGE:
- 10% off with a minimum spending of $10","food, bakery, puffs, cakes, pastries, curry puffs, snacks, savoury snacks, sweet treats",Not verified
Polar Puffs & Cakes,"The Clementi Mall, 3155 Commonwealth Avenue West, #B1-K15",129588,1/1/2026,31/12/2026,"PASSION MEMBERSHIP PRIVILEGE:
- 10% off with a minimum spending of $10","food, bakery, puffs, cakes, pastries, curry puffs, snacks, savoury snacks, sweet treats",Not verified
Polar Puffs & Cakes,"The Seletar Mall, 33 Sengkang West Avenue, #B2-K3",797653,1/1/2026,31/12/2026,"PASSION MEMBERSHIP PRIVILEGE:
- 10% off with a minimum spending of $10","food, bakery, puffs, cakes, pastries, curry puffs, snacks, savoury snacks, sweet treats",Not verified
Polar Puffs & Cakes,"The Woodleigh Mall, 11 Bidadari Park Drive, #B1-K13",367803,1/1/2026,31/12/2026,"PASSION MEMBERSHIP PRIVILEGE:
- 10% off with a minimum spending of $10","food, bakery, puffs, cakes, pastries, curry puffs, snacks, savoury snacks, sweet treats",Not verified
Polar Puffs & Cakes,"Tiong Bahru Plaza, 302 Tiong Bahru Road, #B1-K10",168732,1/1/2026,31/12/2026,"PASSION MEMBERSHIP PRIVILEGE:
- 10% off with a minimum spending of $10","food, bakery, puffs, cakes, pastries, curry puffs, snacks, savoury snacks, sweet treats",Not verified
Polar Puffs & Cakes,"VivoCity, 1 Harbourfront Walk, #B2-K5",98585,1/1/2026,31/12/2026,"PASSION MEMBERSHIP PRIVILEGE:
- 10% off with a minimum spending of $10","food, bakery, puffs, cakes, pastries, curry puffs, snacks, savoury snacks, sweet treats",Not verified
Polar Puffs & Cakes,"Waterway Point, 83 Punggol Central, #01-K4",828761,1/1/2026,31/12/2026,"PASSION MEMBERSHIP PRIVILEGE:
- 10% off with a minimum spending of $10","food, bakery, puffs, cakes, pastries, curry puffs, snacks, savoury snacks, sweet treats",Not verified
Polar Puffs & Cakes,"West Mall, 1 Bukit Batok Central Link, #01-K7",658713,1/1/2026,31/12/2026,"PASSION MEMBERSHIP PRIVILEGE:
- 10% off with a minimum spending of $10","food, bakery, puffs, cakes, pastries, curry puffs, snacks, savoury snacks, sweet treats",Not verified
Polar Puffs & Cakes,"White Sands, 1 Pasir Ris Central Street 3, #B1-K01",518457,1/1/2026,31/12/2026,"PASSION MEMBERSHIP PRIVILEGE:
- 10% off with a minimum spending of $10","food, bakery, puffs, cakes, pastries, curry puffs, snacks, savoury snacks, sweet treats",Not verified
Polar Puffs & Cakes,"Woodlands Health Hub, 17 Woodlands Drive 17, #B2-01",737628,1/1/2026,31/12/2026,"PASSION MEMBERSHIP PRIVILEGE:
- 10% off with a minimum spending of $10","food, bakery, puffs, cakes, pastries, curry puffs, snacks, savoury snacks, sweet treats",Not verified
Q&M Dental Group,"Admiralty, Blk 717 Woodlands Drive 70, #01-114",730717,-,-,"PASSION MEMBERSHIP PRIVILEGE:
- Adult Dental Maintenance @ $120 inclusive of Consultation, Scaling, Polishing, Sterilization & Disposables Fee and prevailing GST","dental, dentist, oral care, braces, implants, teeth cleaning, family dental, orthodontics",Not verified
Q&M Dental Group,"Aljunied, Blk 113 Aljunied Avenue 2, #01-11",380113,-,-,"PASSION MEMBERSHIP PRIVILEGE:
- Adult Dental Maintenance @ $120 inclusive of Consultation, Scaling, Polishing, Sterilization & Disposables Fee and prevailing GST","dental, dentist, oral care, braces, implants, teeth cleaning, family dental, orthodontics",Not verified
Q&M Dental Group,"Anchorpoint, 370 Alexandra Road, #B1-42",159953,-,-,"PASSION MEMBERSHIP PRIVILEGE:
- Adult Dental Maintenance @ $120 inclusive of Consultation, Scaling, Polishing, Sterilization & Disposables Fee and prevailing GST","dental, dentist, oral care, braces, implants, teeth cleaning, family dental, orthodontics",Not verified
Q&M Dental Group,"Ang Mo Kio Avenue 4, Blk 157 Ang Mo Kio Avenue 4, #01-580",560157,-,-,"PASSION MEMBERSHIP PRIVILEGE:
- Adult Dental Maintenance @ $120 inclusive of Consultation, Scaling, Polishing, Sterilization & Disposables Fee and prevailing GST","dental, dentist, oral care, braces, implants, teeth cleaning, family dental, orthodontics",Not verified
Q&M Dental Group,"Ang Mo Kio Avenue 8, Blk 710A Ang Mo Kio Avenue 8, #01-2629",561710,-,-,"PASSION MEMBERSHIP PRIVILEGE:
- Adult Dental Maintenance @ $120 inclusive of Consultation, Scaling, Polishing, Sterilization & Disposables Fee and prevailing GST","dental, dentist, oral care, braces, implants, teeth cleaning, family dental, orthodontics",Not verified
Q&M Dental Group,"Ang Mo Kio Street 31, Blk 316B Ang Mo Kio Street 31, #01-07",563316,-,-,"PASSION MEMBERSHIP PRIVILEGE:
- Adult Dental Maintenance @ $120 inclusive of Consultation, Scaling, Polishing, Sterilization & Disposables Fee and prevailing GST","dental, dentist, oral care, braces, implants, teeth cleaning, family dental, orthodontics",Not verified
Q&M Dental Group,"Choa Chu Kang, Blk 307 Choa Chu Kang Avenue 4, #01-693",680307,-,-,"PASSION MEMBERSHIP PRIVILEGE:
- Adult Dental Maintenance @ $120 inclusive of Consultation, Scaling, Polishing, Sterilization & Disposables Fee and prevailing GST","dental, dentist, oral care, braces, implants, teeth cleaning, family dental, orthodontics",Not verified
Q&M Dental Group,"Bedok Central, Blk 219 Bedok Central, #01-136",460219,-,-,"PASSION MEMBERSHIP PRIVILEGE:
- Adult Dental Maintenance @ $120 inclusive of Consultation, Scaling, Polishing, Sterilization & Disposables Fee and prevailing GST","dental, dentist, oral care, braces, implants, teeth cleaning, family dental, orthodontics",Not verified
Q&M Dental Group,"Bedok Mall, 311 New Upper Changi Road, #02-01",467360,-,-,"PASSION MEMBERSHIP PRIVILEGE:
- Adult Dental Maintenance @ $120 inclusive of Consultation, Scaling, Polishing, Sterilization & Disposables Fee and prevailing GST","dental, dentist, oral care, braces, implants, teeth cleaning, family dental, orthodontics",Not verified
Q&M Dental Group,"Bedok Reservoir Road, Blk 632 Bedok Reservoir Road, #01-842",470632,-,-,"PASSION MEMBERSHIP PRIVILEGE:
- Adult Dental Maintenance @ $120 inclusive of Consultation, Scaling, Polishing, Sterilization & Disposables Fee and prevailing GST","dental, dentist, oral care, braces, implants, teeth cleaning, family dental, orthodontics",Not verified
Q&M Dental Group,"Bidadari, 212 Bidadari Park Drive, #03-07",360212,-,-,"PASSION MEMBERSHIP PRIVILEGE:
- Adult Dental Maintenance @ $120 inclusive of Consultation, Scaling, Polishing, Sterilization & Disposables Fee and prevailing GST","dental, dentist, oral care, braces, implants, teeth cleaning, family dental, orthodontics",Not verified
Q&M Dental Group,"Bishan, Blk 502 Bishan Street 11, #01-350",570502,-,-,"PASSION MEMBERSHIP PRIVILEGE:
- Adult Dental Maintenance @ $120 inclusive of Consultation, Scaling, Polishing, Sterilization & Disposables Fee and prevailing GST","dental, dentist, oral care, braces, implants, teeth cleaning, family dental, orthodontics",Not verified
Q&M Dental Group,"Boon Lay, Blk 216 Boon Lay Avenue, #01-02",640216,-,-,"PASSION MEMBERSHIP PRIVILEGE:
- Adult Dental Maintenance @ $120 inclusive of Consultation, Scaling, Polishing, Sterilization & Disposables Fee and prevailing GST","dental, dentist, oral care, braces, implants, teeth cleaning, family dental, orthodontics",Not verified
Q&M Dental Group,"Boon Lay MRT Station, 301 Boon Lay Way, #01-05",649846,-,-,"PASSION MEMBERSHIP PRIVILEGE:
- Adult Dental Maintenance @ $120 inclusive of Consultation, Scaling, Polishing, Sterilization & Disposables Fee and prevailing GST","dental, dentist, oral care, braces, implants, teeth cleaning, family dental, orthodontics",Not verified
Q&M Dental Group,"Braddell, Blk 111 Lorong 1 Toa Payoh, #01-360",310111,-,-,"PASSION MEMBERSHIP PRIVILEGE:
- Adult Dental Maintenance @ $120 inclusive of Consultation, Scaling, Polishing, Sterilization & Disposables Fee and prevailing GST","dental, dentist, oral care, braces, implants, teeth cleaning, family dental, orthodontics",Not verified
Q&M Dental Group,"Buangkok MRT Station, 10 Sengkang Central, #01-01",545061,-,-,"PASSION MEMBERSHIP PRIVILEGE:
- Adult Dental Maintenance @ $120 inclusive of Consultation, Scaling, Polishing, Sterilization & Disposables Fee and prevailing GST","dental, dentist, oral care, braces, implants, teeth cleaning, family dental, orthodontics",Not verified
Q&M Dental Group,"Bukit Batok, Blk 151 Bukit Batok Street 11, #01-252",650151,-,-,"PASSION MEMBERSHIP PRIVILEGE:
- Adult Dental Maintenance @ $120 inclusive of Consultation, Scaling, Polishing, Sterilization & Disposables Fee and prevailing GST","dental, dentist, oral care, braces, implants, teeth cleaning, family dental, orthodontics",Not verified
Q&M Dental Group,"Bukit Batok Central, Blk 634 Bukit Batok Central, #01-112",650634,-,-,"PASSION MEMBERSHIP PRIVILEGE:
- Adult Dental Maintenance @ $120 inclusive of Consultation, Scaling, Polishing, Sterilization & Disposables Fee and prevailing GST","dental, dentist, oral care, braces, implants, teeth cleaning, family dental, orthodontics",Not verified
Q&M Dental Group,"Bukit Batok, Blk 371 Bukit Batok Street 31, #01-302",650371,-,-,"PASSION MEMBERSHIP PRIVILEGE:
- Adult Dental Maintenance @ $120 inclusive of Consultation, Scaling, Polishing, Sterilization & Disposables Fee and prevailing GST","dental, dentist, oral care, braces, implants, teeth cleaning, family dental, orthodontics",Not verified
Q&M Dental Group,"Bukit Batok West, Blk 467 Bukit Batok West Avenue 9, #01-02 (Multi Storey Car Park)",650467,-,-,"PASSION MEMBERSHIP PRIVILEGE:
- Adult Dental Maintenance @ $120 inclusive of Consultation, Scaling, Polishing, Sterilization & Disposables Fee and prevailing GST","dental, dentist, oral care, braces, implants, teeth cleaning, family dental, orthodontics",Not verified
Q&M Dental Group,"Bukit Gombak MRT Station, 802 Bukit Batok West Avenue 5, #01-09",659083,-,-,"PASSION MEMBERSHIP PRIVILEGE:
- Adult Dental Maintenance @ $120 inclusive of Consultation, Scaling, Polishing, Sterilization & Disposables Fee and prevailing GST","dental, dentist, oral care, braces, implants, teeth cleaning, family dental, orthodontics",Not verified
Q&M Dental Group,"Bukit Panjang, Blk 257 Bangkit Road, #01-47",670257,-,-,"PASSION MEMBERSHIP PRIVILEGE:
- Adult Dental Maintenance @ $120 inclusive of Consultation, Scaling, Polishing, Sterilization & Disposables Fee and prevailing GST","dental, dentist, oral care, braces, implants, teeth cleaning, family dental, orthodontics",Not verified
Q&M Dental Group,"Bukit Timah, 3A Cheong Chin Nam Road",599728,-,-,"PASSION MEMBERSHIP PRIVILEGE:
- Adult Dental Maintenance @ $120 inclusive of Consultation, Scaling, Polishing, Sterilization & Disposables Fee and prevailing GST","dental, dentist, oral care, braces, implants, teeth cleaning, family dental, orthodontics",Not verified
Q&M Dental Group,"Canberra, Blk 126 Canberra Street, #01-03 (Multi Storey Car Park)",750126,-,-,"PASSION MEMBERSHIP PRIVILEGE:
- Adult Dental Maintenance @ $120 inclusive of Consultation, Scaling, Polishing, Sterilization & Disposables Fee and prevailing GST","dental, dentist, oral care, braces, implants, teeth cleaning, family dental, orthodontics",Not verified
Q&M Dental Group,"Century Square, 2 Tampines Central 5, #03-16",529509,-,-,"PASSION MEMBERSHIP PRIVILEGE:
- Adult Dental Maintenance @ $120 inclusive of Consultation, Scaling, Polishing, Sterilization & Disposables Fee and prevailing GST","dental, dentist, oral care, braces, implants, teeth cleaning, family dental, orthodontics",Not verified
Q&M Dental Group,"Chinatown Point, 133 New Bridge Road, #B1-38",59413,-,-,"PASSION MEMBERSHIP PRIVILEGE:
- Adult Dental Maintenance @ $120 inclusive of Consultation, Scaling, Polishing, Sterilization & Disposables Fee and prevailing GST","dental, dentist, oral care, braces, implants, teeth cleaning, family dental, orthodontics",Not verified
Q&M Dental Group,"Lot One Shoppers' Mall, 21 Choa Chu Kang Avenue 4, #B1-06",689812,-,-,"PASSION MEMBERSHIP PRIVILEGE:
- Adult Dental Maintenance @ $120 inclusive of Consultation, Scaling, Polishing, Sterilization & Disposables Fee and prevailing GST","dental, dentist, oral care, braces, implants, teeth cleaning, family dental, orthodontics",Not verified
Q&M Dental Group,"Clementi Central, 321 Clementi Avenue 3, #02-02",129905,-,-,"PASSION MEMBERSHIP PRIVILEGE:
- Adult Dental Maintenance @ $120 inclusive of Consultation, Scaling, Polishing, Sterilization & Disposables Fee and prevailing GST","dental, dentist, oral care, braces, implants, teeth cleaning, family dental, orthodontics",Not verified
Q&M Dental Group,"Clementi Central, Blk 450 Clementi Avenue 3, #01-291 (Next to DBS Bank)",120450,-,-,"PASSION MEMBERSHIP PRIVILEGE:
- Adult Dental Maintenance @ $120 inclusive of Consultation, Scaling, Polishing, Sterilization & Disposables Fee and prevailing GST","dental, dentist, oral care, braces, implants, teeth cleaning, family dental, orthodontics",Not verified
Q&M Dental Group,"Elias Mall, 625 Elias Road, #02-308",510625,-,-,"PASSION MEMBERSHIP PRIVILEGE:
- Adult Dental Maintenance @ $120 inclusive of Consultation, Scaling, Polishing, Sterilization & Disposables Fee and prevailing GST","dental, dentist, oral care, braces, implants, teeth cleaning, family dental, orthodontics",Not verified
Q&M Dental Group,"Eunos MRT Station, 30 Eunos Crescent, #01-14/15",409423,-,-,"PASSION MEMBERSHIP PRIVILEGE:
- Adult Dental Maintenance @ $120 inclusive of Consultation, Scaling, Polishing, Sterilization & Disposables Fee and prevailing GST","dental, dentist, oral care, braces, implants, teeth cleaning, family dental, orthodontics",Not verified
Q&M Dental Group,"Grandview Suites, 1 Lorong 22 Geylang, #01-01",398664,-,-,"PASSION MEMBERSHIP PRIVILEGE:
- Adult Dental Maintenance @ $120 inclusive of Consultation, Scaling, Polishing, Sterilization & Disposables Fee and prevailing GST","dental, dentist, oral care, braces, implants, teeth cleaning, family dental, orthodontics",Not verified
Q&M Dental Group,"Greenridge Shopping Centre, 524A Jelapang Road, #02-15",671524,-,-,"PASSION MEMBERSHIP PRIVILEGE:
- Adult Dental Maintenance @ $120 inclusive of Consultation, Scaling, Polishing, Sterilization & Disposables Fee and prevailing GST","dental, dentist, oral care, braces, implants, teeth cleaning, family dental, orthodontics",Not verified
Q&M Dental Group,"Havelock View, 51 Havelock Road, #01-03",161051,-,-,"PASSION MEMBERSHIP PRIVILEGE:
- Adult Dental Maintenance @ $120 inclusive of Consultation, Scaling, Polishing, Sterilization & Disposables Fee and prevailing GST","dental, dentist, oral care, braces, implants, teeth cleaning, family dental, orthodontics",Not verified
Q&M Dental Group,"Holland Village MRT Station, 200 Holland Avenue, #B1-19",278995,-,-,"PASSION MEMBERSHIP PRIVILEGE:
- Adult Dental Maintenance @ $120 inclusive of Consultation, Scaling, Polishing, Sterilization & Disposables Fee and prevailing GST","dental, dentist, oral care, braces, implants, teeth cleaning, family dental, orthodontics",Not verified
Q&M Dental Group,"The Midtown, 1187 Upper Serangoon Road, #01-55",533971,-,-,"PASSION MEMBERSHIP PRIVILEGE:
- Adult Dental Maintenance @ $120 inclusive of Consultation, Scaling, Polishing, Sterilization & Disposables Fee and prevailing GST","dental, dentist, oral care, braces, implants, teeth cleaning, family dental, orthodontics",Not verified
Q&M Dental Group,"Hougang Central, Blk 810 Hougang Central, #01-230/232",530810,-,-,"PASSION MEMBERSHIP PRIVILEGE:
- Adult Dental Maintenance @ $120 inclusive of Consultation, Scaling, Polishing, Sterilization & Disposables Fee and prevailing GST","dental, dentist, oral care, braces, implants, teeth cleaning, family dental, orthodontics",Not verified
Q&M Dental Group,"Hougang Mall, 90 Hougang Avenue 10, #04-07",538766,-,-,"PASSION MEMBERSHIP PRIVILEGE:
- Adult Dental Maintenance @ $120 inclusive of Consultation, Scaling, Polishing, Sterilization & Disposables Fee and prevailing GST","dental, dentist, oral care, braces, implants, teeth cleaning, family dental, orthodontics",Not verified
Q&M Dental Group,"Jurong Point, 1 Jurong West Central 2, #B1A-20D",648886,-,-,"PASSION MEMBERSHIP PRIVILEGE:
- Adult Dental Maintenance @ $120 inclusive of Consultation, Scaling, Polishing, Sterilization & Disposables Fee and prevailing GST","dental, dentist, oral care, braces, implants, teeth cleaning, family dental, orthodontics",Not verified
Q&M Dental Group,"Jurong West, Blk 501 Jurong West Street 51, #01-261",640501,-,-,"PASSION MEMBERSHIP PRIVILEGE:
- Adult Dental Maintenance @ $120 inclusive of Consultation, Scaling, Polishing, Sterilization & Disposables Fee and prevailing GST","dental, dentist, oral care, braces, implants, teeth cleaning, family dental, orthodontics",Not verified
Q&M Dental Group,"Kallang MRT Station, 4 Lorong 1 Geylang",389116,-,-,"PASSION MEMBERSHIP PRIVILEGE:
- Adult Dental Maintenance @ $120 inclusive of Consultation, Scaling, Polishing, Sterilization & Disposables Fee and prevailing GST","dental, dentist, oral care, braces, implants, teeth cleaning, family dental, orthodontics",Not verified
Q&M Dental Group,"Keat Hong Shopping Centre, 253 Choa Chu Kang Avenue 1, #01-08",680253,-,-,"PASSION MEMBERSHIP PRIVILEGE:
- Adult Dental Maintenance @ $120 inclusive of Consultation, Scaling, Polishing, Sterilization & Disposables Fee and prevailing GST","dental, dentist, oral care, braces, implants, teeth cleaning, family dental, orthodontics",Not verified
Q&M Dental Group,"Khatib, Blk 846 Yishun Ring Road, #01-3613 (Opposite Khatib MRT Station)",760846,-,-,"PASSION MEMBERSHIP PRIVILEGE:
- Adult Dental Maintenance @ $120 inclusive of Consultation, Scaling, Polishing, Sterilization & Disposables Fee and prevailing GST","dental, dentist, oral care, braces, implants, teeth cleaning, family dental, orthodontics",Not verified
Q&M Dental Group,"Killiney, 91 Killiney Road",239535,-,-,"PASSION MEMBERSHIP PRIVILEGE:
- Adult Dental Maintenance @ $120 inclusive of Consultation, Scaling, Polishing, Sterilization & Disposables Fee and prevailing GST","dental, dentist, oral care, braces, implants, teeth cleaning, family dental, orthodontics",Not verified
Q&M Dental Group,"Kim Tian Green, Blk 126 Kim Tian Road, #01-03",160126,-,-,"PASSION MEMBERSHIP PRIVILEGE:
- Adult Dental Maintenance @ $120 inclusive of Consultation, Scaling, Polishing, Sterilization & Disposables Fee and prevailing GST","dental, dentist, oral care, braces, implants, teeth cleaning, family dental, orthodontics",Not verified
Q&M Dental Group,"KINEX, 11 Tanjong Katong Road, #B1-13",437157,-,-,"PASSION MEMBERSHIP PRIVILEGE:
- Adult Dental Maintenance @ $120 inclusive of Consultation, Scaling, Polishing, Sterilization & Disposables Fee and prevailing GST","dental, dentist, oral care, braces, implants, teeth cleaning, family dental, orthodontics",Not verified
Q&M Dental Group,"Kovan, 203 Hougang Street 21, #01-87",530203,-,-,"PASSION MEMBERSHIP PRIVILEGE:
- Adult Dental Maintenance @ $120 inclusive of Consultation, Scaling, Polishing, Sterilization & Disposables Fee and prevailing GST","dental, dentist, oral care, braces, implants, teeth cleaning, family dental, orthodontics",Not verified
Q&M Dental Group,"Marsiling, Blk 304 Woodlands Street 31, #01-121/123",730304,-,-,"PASSION MEMBERSHIP PRIVILEGE:
- Adult Dental Maintenance @ $120 inclusive of Consultation, Scaling, Polishing, Sterilization & Disposables Fee and prevailing GST","dental, dentist, oral care, braces, implants, teeth cleaning, family dental, orthodontics",Not verified
Q&M Dental Group,"Old Airport Road, Blk 39 Jalan Tiga, #01-03",390039,-,-,"PASSION MEMBERSHIP PRIVILEGE:
- Adult Dental Maintenance @ $120 inclusive of Consultation, Scaling, Polishing, Sterilization & Disposables Fee and prevailing GST","dental, dentist, oral care, braces, implants, teeth cleaning, family dental, orthodontics",Not verified
Q&M Dental Group,"Pasir Ris Street 51, Blk 527D Pasir Ris Street 51, #01-04",514527,-,-,"PASSION MEMBERSHIP PRIVILEGE:
- Adult Dental Maintenance @ $120 inclusive of Consultation, Scaling, Polishing, Sterilization & Disposables Fee and prevailing GST","dental, dentist, oral care, braces, implants, teeth cleaning, family dental, orthodontics",Not verified
Q&M Dental Group,"Paya Lebar Quarter Mall (PLQ), 10 Paya Lebar Road, #04-27",409057,-,-,"PASSION MEMBERSHIP PRIVILEGE:
- Adult Dental Maintenance @ $120 inclusive of Consultation, Scaling, Polishing, Sterilization & Disposables Fee and prevailing GST","dental, dentist, oral care, braces, implants, teeth cleaning, family dental, orthodontics",Not verified
Q&M Dental Group,"Punggol Coast Mall, 88 Punggol Way, #02-123",829913,-,-,"PASSION MEMBERSHIP PRIVILEGE:
- Adult Dental Maintenance @ $120 inclusive of Consultation, Scaling, Polishing, Sterilization & Disposables Fee and prevailing GST","dental, dentist, oral care, braces, implants, teeth cleaning, family dental, orthodontics",Not verified
Q&M Dental Group,"Redhill MRT Station, 920 Tiong Bahru Road, #01-10",158792,-,-,"PASSION MEMBERSHIP PRIVILEGE:
- Adult Dental Maintenance @ $120 inclusive of Consultation, Scaling, Polishing, Sterilization & Disposables Fee and prevailing GST","dental, dentist, oral care, braces, implants, teeth cleaning, family dental, orthodontics",Not verified
Q&M Dental Group,"Sembawang, Blk 355 Sembawang Way, #01-07",750355,-,-,"PASSION MEMBERSHIP PRIVILEGE:
- Adult Dental Maintenance @ $120 inclusive of Consultation, Scaling, Polishing, Sterilization & Disposables Fee and prevailing GST","dental, dentist, oral care, braces, implants, teeth cleaning, family dental, orthodontics",Not verified
Q&M Dental Group,"Sembawang MRT Station, 11 Canberra Road, #02-01",759775,-,-,"PASSION MEMBERSHIP PRIVILEGE:
- Adult Dental Maintenance @ $120 inclusive of Consultation, Scaling, Polishing, Sterilization & Disposables Fee and prevailing GST","dental, dentist, oral care, braces, implants, teeth cleaning, family dental, orthodontics",Not verified
Q&M Dental Group,"Sengkang, Blk 289C Compassvale Crescent, #01-03",543289,-,-,"PASSION MEMBERSHIP PRIVILEGE:
- Adult Dental Maintenance @ $120 inclusive of Consultation, Scaling, Polishing, Sterilization & Disposables Fee and prevailing GST","dental, dentist, oral care, braces, implants, teeth cleaning, family dental, orthodontics",Not verified
Q&M Dental Group,"Sengkang East Avenue, Blk 279 Sengkang East Avenue, #01-02",540279,-,-,"PASSION MEMBERSHIP PRIVILEGE:
- Adult Dental Maintenance @ $120 inclusive of Consultation, Scaling, Polishing, Sterilization & Disposables Fee and prevailing GST","dental, dentist, oral care, braces, implants, teeth cleaning, family dental, orthodontics",Not verified
Q&M Dental Group,"Serangoon, Blk 261 Serangoon Central Drive, #01-29",550261,-,-,"PASSION MEMBERSHIP PRIVILEGE:
- Adult Dental Maintenance @ $120 inclusive of Consultation, Scaling, Polishing, Sterilization & Disposables Fee and prevailing GST","dental, dentist, oral care, braces, implants, teeth cleaning, family dental, orthodontics",Not verified
Q&M Dental Group,"Serangoon Central, Blk 264 Serangoon Central, #01-235",550264,-,-,"PASSION MEMBERSHIP PRIVILEGE:
- Adult Dental Maintenance @ $120 inclusive of Consultation, Scaling, Polishing, Sterilization & Disposables Fee and prevailing GST","dental, dentist, oral care, braces, implants, teeth cleaning, family dental, orthodontics",Not verified
Q&M Dental Group,"NEX, 23 Serangoon Central, #04-25",556083,-,-,"PASSION MEMBERSHIP PRIVILEGE:
- Adult Dental Maintenance @ $120 inclusive of Consultation, Scaling, Polishing, Sterilization & Disposables Fee and prevailing GST","dental, dentist, oral care, braces, implants, teeth cleaning, family dental, orthodontics",Not verified
Q&M Dental Group,"Serangoon North, Blk 153 Serangoon North Avenue 1, #01-536",550153,-,-,"PASSION MEMBERSHIP PRIVILEGE:
- Adult Dental Maintenance @ $120 inclusive of Consultation, Scaling, Polishing, Sterilization & Disposables Fee and prevailing GST","dental, dentist, oral care, braces, implants, teeth cleaning, family dental, orthodontics",Not verified
Q&M Dental Group,"Simei MRT Station, 30 Simei Street 3, #01-09",529888,-,-,"PASSION MEMBERSHIP PRIVILEGE:
- Adult Dental Maintenance @ $120 inclusive of Consultation, Scaling, Polishing, Sterilization & Disposables Fee and prevailing GST","dental, dentist, oral care, braces, implants, teeth cleaning, family dental, orthodontics",Not verified
Q&M Dental Group,"Sumang Link, Blk 312B Sumang Link, #01-01",822312,-,-,"PASSION MEMBERSHIP PRIVILEGE:
- Adult Dental Maintenance @ $120 inclusive of Consultation, Scaling, Polishing, Sterilization & Disposables Fee and prevailing GST","dental, dentist, oral care, braces, implants, teeth cleaning, family dental, orthodontics",Not verified
Q&M Dental Group,"Tampines 1, 10 Tampines Central 1, #04-18/19",529536,-,-,"PASSION MEMBERSHIP PRIVILEGE:
- Adult Dental Maintenance @ $120 inclusive of Consultation, Scaling, Polishing, Sterilization & Disposables Fee and prevailing GST","dental, dentist, oral care, braces, implants, teeth cleaning, family dental, orthodontics",Not verified
Q&M Dental Group,"Tampines North, Blk 633 Tampines North Drive 2, #02-07",520633,-,-,"PASSION MEMBERSHIP PRIVILEGE:
- Adult Dental Maintenance @ $120 inclusive of Consultation, Scaling, Polishing, Sterilization & Disposables Fee and prevailing GST","dental, dentist, oral care, braces, implants, teeth cleaning, family dental, orthodontics",Not verified
Q&M Dental Group,"Our Tampines Hub, 1 Tampines Walk, #02-89",528523,-,-,"PASSION MEMBERSHIP PRIVILEGE:
- Adult Dental Maintenance @ $120 inclusive of Consultation, Scaling, Polishing, Sterilization & Disposables Fee and prevailing GST","dental, dentist, oral care, braces, implants, teeth cleaning, family dental, orthodontics",Not verified
Q&M Dental Group,"Tampines Street 41, Blk 419 Tampines Street 41, #01-96",520419,-,-,"PASSION MEMBERSHIP PRIVILEGE:
- Adult Dental Maintenance @ $120 inclusive of Consultation, Scaling, Polishing, Sterilization & Disposables Fee and prevailing GST","dental, dentist, oral care, braces, implants, teeth cleaning, family dental, orthodontics",Not verified
Q&M Dental Group,"The Poiz Centre, 51 Upper Serangoon Road, #03-10/11",347697,-,-,"PASSION MEMBERSHIP PRIVILEGE:
- Adult Dental Maintenance @ $120 inclusive of Consultation, Scaling, Polishing, Sterilization & Disposables Fee and prevailing GST","dental, dentist, oral care, braces, implants, teeth cleaning, family dental, orthodontics",Not verified
Q&M Dental Group,"The Seletar Mall, 33 Sengkang West Avenue, #04-16",797653,-,-,"PASSION MEMBERSHIP PRIVILEGE:
- Adult Dental Maintenance @ $120 inclusive of Consultation, Scaling, Polishing, Sterilization & Disposables Fee and prevailing GST","dental, dentist, oral care, braces, implants, teeth cleaning, family dental, orthodontics",Not verified
Q&M Dental Group,"Tiong Bahru MRT Station, Blk 18 Jalan Membina, #02-02",164018,-,-,"PASSION MEMBERSHIP PRIVILEGE:
- Adult Dental Maintenance @ $120 inclusive of Consultation, Scaling, Polishing, Sterilization & Disposables Fee and prevailing GST","dental, dentist, oral care, braces, implants, teeth cleaning, family dental, orthodontics",Not verified
Q&M Dental Group,"Toa Payoh Central, Blk 177 Toa Payoh Central, #01-150",310177,-,-,"PASSION MEMBERSHIP PRIVILEGE:
- Adult Dental Maintenance @ $120 inclusive of Consultation, Scaling, Polishing, Sterilization & Disposables Fee and prevailing GST","dental, dentist, oral care, braces, implants, teeth cleaning, family dental, orthodontics",Not verified
Q&M Dental Group,"Toa Payoh Lorong 1, Blk 125 Toa Payoh Lorong 1, #01-547",310125,-,-,"PASSION MEMBERSHIP PRIVILEGE:
- Adult Dental Maintenance @ $120 inclusive of Consultation, Scaling, Polishing, Sterilization & Disposables Fee and prevailing GST","dental, dentist, oral care, braces, implants, teeth cleaning, family dental, orthodontics",Not verified
Q&M Dental Group,"Toa Payoh Lorong 4, Blk 94 Toa Payoh Lorong 4, #01-28",310094,-,-,"PASSION MEMBERSHIP PRIVILEGE:
- Adult Dental Maintenance @ $120 inclusive of Consultation, Scaling, Polishing, Sterilization & Disposables Fee and prevailing GST","dental, dentist, oral care, braces, implants, teeth cleaning, family dental, orthodontics",Not verified
Q&M Dental Group,"Toh Yi, 19 Toh Yi Drive, #01-123",590019,-,-,"PASSION MEMBERSHIP PRIVILEGE:
- Adult Dental Maintenance @ $120 inclusive of Consultation, Scaling, Polishing, Sterilization & Disposables Fee and prevailing GST","dental, dentist, oral care, braces, implants, teeth cleaning, family dental, orthodontics",Not verified
Q&M Dental Group,"Towner Road, Blk 102 Towner Road, #01-250",322102,-,-,"PASSION MEMBERSHIP PRIVILEGE:
- Adult Dental Maintenance @ $120 inclusive of Consultation, Scaling, Polishing, Sterilization & Disposables Fee and prevailing GST","dental, dentist, oral care, braces, implants, teeth cleaning, family dental, orthodontics",Not verified
Q&M Dental Group,"Upper Serangoon View, Blk 476 Upper Serangoon View, #02-13",530476,-,-,"PASSION MEMBERSHIP PRIVILEGE:
- Adult Dental Maintenance @ $120 inclusive of Consultation, Scaling, Polishing, Sterilization & Disposables Fee and prevailing GST","dental, dentist, oral care, braces, implants, teeth cleaning, family dental, orthodontics",Not verified
Q&M Dental Group,"West Coast, Blk 725 Clementi West Street 2, #01-206",120725,-,-,"PASSION MEMBERSHIP PRIVILEGE:
- Adult Dental Maintenance @ $120 inclusive of Consultation, Scaling, Polishing, Sterilization & Disposables Fee and prevailing GST","dental, dentist, oral care, braces, implants, teeth cleaning, family dental, orthodontics",Not verified
Q&M Dental Group,"White Sands, 1 Pasir Ris Central Street 3, #05-08",518457,-,-,"PASSION MEMBERSHIP PRIVILEGE:
- Adult Dental Maintenance @ $120 inclusive of Consultation, Scaling, Polishing, Sterilization & Disposables Fee and prevailing GST","dental, dentist, oral care, braces, implants, teeth cleaning, family dental, orthodontics",Not verified
Q&M Dental Group,"Wisteria Mall, 598 Yishun Ring Road, #B1-10",768698,-,-,"PASSION MEMBERSHIP PRIVILEGE:
- Adult Dental Maintenance @ $120 inclusive of Consultation, Scaling, Polishing, Sterilization & Disposables Fee and prevailing GST","dental, dentist, oral care, braces, implants, teeth cleaning, family dental, orthodontics",Not verified
Q&M Dental Group,"Woodlands, Blk 573 Woodlands Drive 16, #01-07",730573,-,-,"PASSION MEMBERSHIP PRIVILEGE:
- Adult Dental Maintenance @ $120 inclusive of Consultation, Scaling, Polishing, Sterilization & Disposables Fee and prevailing GST","dental, dentist, oral care, braces, implants, teeth cleaning, family dental, orthodontics",Not verified
Q&M Dental Group,"Woods Square Tower 2, 6 Woodlands Square, #B2-15",737737,-,-,"PASSION MEMBERSHIP PRIVILEGE:
- Adult Dental Maintenance @ $120 inclusive of Consultation, Scaling, Polishing, Sterilization & Disposables Fee and prevailing GST","dental, dentist, oral care, braces, implants, teeth cleaning, family dental, orthodontics",Not verified
Q&M Dental Group,"Yew Tee Point, 21 Choa Chu Kang North 6, #01-32",689578,-,-,"PASSION MEMBERSHIP PRIVILEGE:
- Adult Dental Maintenance @ $120 inclusive of Consultation, Scaling, Polishing, Sterilization & Disposables Fee and prevailing GST","dental, dentist, oral care, braces, implants, teeth cleaning, family dental, orthodontics",Not verified
Q&M Dental Group,"Yishun, Blk 743 Yishun Avenue 5, #01-540",760743,-,-,"PASSION MEMBERSHIP PRIVILEGE:
- Adult Dental Maintenance @ $120 inclusive of Consultation, Scaling, Polishing, Sterilization & Disposables Fee and prevailing GST","dental, dentist, oral care, braces, implants, teeth cleaning, family dental, orthodontics",Not verified
Q&M Dental Group,"Northpoint City, 930 Yishun Avenue 2, #03-26",769098,-,-,"PASSION MEMBERSHIP PRIVILEGE:
- Adult Dental Maintenance @ $120 inclusive of Consultation, Scaling, Polishing, Sterilization & Disposables Fee and prevailing GST","dental, dentist, oral care, braces, implants, teeth cleaning, family dental, orthodontics",Not verified
Raffles Medical,"Raffles Medical: Blk 722 Ang Mo Kio Avenue 8, #01-2825",560722,-,-,"BLACK PASSION MEMBERSHIP PRIVILEGES:
- General Practice (GP) Services at Raffles Medical Clinics:
  - GP consult at $14
A practice cost applies separately for each GP visit
- Flu vaccination at $28 per dose
- Raffles Enhanced Health Screening at Raffles Health Screeners     
   - refer to listing for prices
* Available at Raffles Health Screeners at Raffles Hospital, Raffles Holland V and Shaw Centre.
** Available at Raffles Health Screeners at Raffles Hospital.
- Dental Services at Raffles Dental Clinics
   - Dental oral care package at $150 (GP dentist)
      - Includes oral examination and diagnosis
      - Scaling and polishing
      - Topical fluoride
- Teeth whitening (GP dentist)
- In-office whitening at $968
- Take-home teeth whitening kit at $418
Consumables fees of $19.62 applies separately for each dental visit.

PASSION SILVER / PLATINUM MEMBERSHIP PRIVILEGES:
- General Practice (GP) Services at Raffles Medical Clinics
- GP consult at $14
A practice cost applies separately for each GP visit
- Flu vaccination at $26 per dose
- Raffles Enhanced Health Screening at Raffles Health Screeners          
  - refer to listing for prices
*Available at Raffles Health Screeners at Raffles Hospital, Raffles Holland V and Shaw Centre.
**Available at Raffles Health Screeners at Raffles Hospital.
        
- Dental Services at Raffles Dental (GP) Clinics:
- Dental oral care package at $150 (GP dentist)
- Includes oral examination and diagnosis
- Teeth whitening (GP dentist)
- In-office whitening at $968
- Take-home teeth whitening kit at $418
Consumables fees of $19.62 applies separately for each dental visit.","healthcare, medical clinic, doctors, health screening, family medicine, specialist care",Not verified
Raffles Medical,"Raffles Medical: Blk 203 Bedok North Street 1, #01-467",460203,-,-,"BLACK PASSION MEMBERSHIP PRIVILEGES:
- General Practice (GP) Services at Raffles Medical Clinics:
  - GP consult at $14
A practice cost applies separately for each GP visit
- Flu vaccination at $28 per dose
- Raffles Enhanced Health Screening at Raffles Health Screeners     
   - refer to listing for prices
* Available at Raffles Health Screeners at Raffles Hospital, Raffles Holland V and Shaw Centre.
** Available at Raffles Health Screeners at Raffles Hospital.
- Dental Services at Raffles Dental Clinics
   - Dental oral care package at $150 (GP dentist)
      - Includes oral examination and diagnosis
      - Scaling and polishing
      - Topical fluoride
- Teeth whitening (GP dentist)
- In-office whitening at $968
- Take-home teeth whitening kit at $418
Consumables fees of $19.62 applies separately for each dental visit.

PASSION SILVER / PLATINUM MEMBERSHIP PRIVILEGES:
- General Practice (GP) Services at Raffles Medical Clinics
- GP consult at $14
A practice cost applies separately for each GP visit
- Flu vaccination at $26 per dose
- Raffles Enhanced Health Screening at Raffles Health Screeners          
  - refer to listing for prices
*Available at Raffles Health Screeners at Raffles Hospital, Raffles Holland V and Shaw Centre.
**Available at Raffles Health Screeners at Raffles Hospital.
        
- Dental Services at Raffles Dental (GP) Clinics:
- Dental oral care package at $150 (GP dentist)
- Includes oral examination and diagnosis
- Teeth whitening (GP dentist)
- In-office whitening at $968
- Take-home teeth whitening kit at $418
Consumables fees of $19.62 applies separately for each dental visit.","healthcare, medical clinic, doctors, health screening, family medicine, specialist care",Not verified
Raffles Medical,"Raffles Medical: Blk 283 Bishan Street 22, #01-177",570283,-,-,"BLACK PASSION MEMBERSHIP PRIVILEGES:
- General Practice (GP) Services at Raffles Medical Clinics:
  - GP consult at $14
A practice cost applies separately for each GP visit
- Flu vaccination at $28 per dose
- Raffles Enhanced Health Screening at Raffles Health Screeners     
   - refer to listing for prices
* Available at Raffles Health Screeners at Raffles Hospital, Raffles Holland V and Shaw Centre.
** Available at Raffles Health Screeners at Raffles Hospital.
- Dental Services at Raffles Dental Clinics
   - Dental oral care package at $150 (GP dentist)
      - Includes oral examination and diagnosis
      - Scaling and polishing
      - Topical fluoride
- Teeth whitening (GP dentist)
- In-office whitening at $968
- Take-home teeth whitening kit at $418
Consumables fees of $19.62 applies separately for each dental visit.

PASSION SILVER / PLATINUM MEMBERSHIP PRIVILEGES:
- General Practice (GP) Services at Raffles Medical Clinics
- GP consult at $14
A practice cost applies separately for each GP visit
- Flu vaccination at $26 per dose
- Raffles Enhanced Health Screening at Raffles Health Screeners          
  - refer to listing for prices
*Available at Raffles Health Screeners at Raffles Hospital, Raffles Holland V and Shaw Centre.
**Available at Raffles Health Screeners at Raffles Hospital.
        
- Dental Services at Raffles Dental (GP) Clinics:
- Dental oral care package at $150 (GP dentist)
- Includes oral examination and diagnosis
- Teeth whitening (GP dentist)
- In-office whitening at $968
- Take-home teeth whitening kit at $418
Consumables fees of $19.62 applies separately for each dental visit.","healthcare, medical clinic, doctors, health screening, family medicine, specialist care",Not verified
Raffles Medical,"Raffles Medical: 79 Robinson Road, #01-04, CapitaSky",68897,-,-,"BLACK PASSION MEMBERSHIP PRIVILEGES:
- General Practice (GP) Services at Raffles Medical Clinics:
  - GP consult at $14
A practice cost applies separately for each GP visit
- Flu vaccination at $28 per dose
- Raffles Enhanced Health Screening at Raffles Health Screeners     
   - refer to listing for prices
* Available at Raffles Health Screeners at Raffles Hospital, Raffles Holland V and Shaw Centre.
** Available at Raffles Health Screeners at Raffles Hospital.
- Dental Services at Raffles Dental Clinics
   - Dental oral care package at $150 (GP dentist)
      - Includes oral examination and diagnosis
      - Scaling and polishing
      - Topical fluoride
- Teeth whitening (GP dentist)
- In-office whitening at $968
- Take-home teeth whitening kit at $418
Consumables fees of $19.62 applies separately for each dental visit.

PASSION SILVER / PLATINUM MEMBERSHIP PRIVILEGES:
- General Practice (GP) Services at Raffles Medical Clinics
- GP consult at $14
A practice cost applies separately for each GP visit
- Flu vaccination at $26 per dose
- Raffles Enhanced Health Screening at Raffles Health Screeners          
  - refer to listing for prices
*Available at Raffles Health Screeners at Raffles Hospital, Raffles Holland V and Shaw Centre.
**Available at Raffles Health Screeners at Raffles Hospital.
        
- Dental Services at Raffles Dental (GP) Clinics:
- Dental oral care package at $150 (GP dentist)
- Includes oral examination and diagnosis
- Teeth whitening (GP dentist)
- In-office whitening at $968
- Take-home teeth whitening kit at $418
Consumables fees of $19.62 applies separately for each dental visit.","healthcare, medical clinic, doctors, health screening, family medicine, specialist care",Not verified
Raffles Medical,"Raffles Medical and Raffles Dental: Causeway Point, 1 Woodlands Square, #05-20 (Raffles Medical); #05-01A (Raffles Dental)",738099,-,-,"BLACK PASSION MEMBERSHIP PRIVILEGES:
- General Practice (GP) Services at Raffles Medical Clinics:
  - GP consult at $14
A practice cost applies separately for each GP visit
- Flu vaccination at $28 per dose
- Raffles Enhanced Health Screening at Raffles Health Screeners     
   - refer to listing for prices
* Available at Raffles Health Screeners at Raffles Hospital, Raffles Holland V and Shaw Centre.
** Available at Raffles Health Screeners at Raffles Hospital.
- Dental Services at Raffles Dental Clinics
   - Dental oral care package at $150 (GP dentist)
      - Includes oral examination and diagnosis
      - Scaling and polishing
      - Topical fluoride
- Teeth whitening (GP dentist)
- In-office whitening at $968
- Take-home teeth whitening kit at $418
Consumables fees of $19.62 applies separately for each dental visit.

PASSION SILVER / PLATINUM MEMBERSHIP PRIVILEGES:
- General Practice (GP) Services at Raffles Medical Clinics
- GP consult at $14
A practice cost applies separately for each GP visit
- Flu vaccination at $26 per dose
- Raffles Enhanced Health Screening at Raffles Health Screeners          
  - refer to listing for prices
*Available at Raffles Health Screeners at Raffles Hospital, Raffles Holland V and Shaw Centre.
**Available at Raffles Health Screeners at Raffles Hospital.
        
- Dental Services at Raffles Dental (GP) Clinics:
- Dental oral care package at $150 (GP dentist)
- Includes oral examination and diagnosis
- Teeth whitening (GP dentist)
- In-office whitening at $968
- Take-home teeth whitening kit at $418
Consumables fees of $19.62 applies separately for each dental visit.","healthcare, medical clinic, doctors, health screening, family medicine, specialist care",Not verified
Raffles Medical,"Raffles Medical: 65 Airport Boulevard, Passenger Terminal Building 3, #B2-01",819663,-,-,"BLACK PASSION MEMBERSHIP PRIVILEGES:
- General Practice (GP) Services at Raffles Medical Clinics:
  - GP consult at $14
A practice cost applies separately for each GP visit
- Flu vaccination at $28 per dose
- Raffles Enhanced Health Screening at Raffles Health Screeners     
   - refer to listing for prices
* Available at Raffles Health Screeners at Raffles Hospital, Raffles Holland V and Shaw Centre.
** Available at Raffles Health Screeners at Raffles Hospital.
- Dental Services at Raffles Dental Clinics
   - Dental oral care package at $150 (GP dentist)
      - Includes oral examination and diagnosis
      - Scaling and polishing
      - Topical fluoride
- Teeth whitening (GP dentist)
- In-office whitening at $968
- Take-home teeth whitening kit at $418
Consumables fees of $19.62 applies separately for each dental visit.

PASSION SILVER / PLATINUM MEMBERSHIP PRIVILEGES:
- General Practice (GP) Services at Raffles Medical Clinics
- GP consult at $14
A practice cost applies separately for each GP visit
- Flu vaccination at $26 per dose
- Raffles Enhanced Health Screening at Raffles Health Screeners          
  - refer to listing for prices
*Available at Raffles Health Screeners at Raffles Hospital, Raffles Holland V and Shaw Centre.
**Available at Raffles Health Screeners at Raffles Hospital.
        
- Dental Services at Raffles Dental (GP) Clinics:
- Dental oral care package at $150 (GP dentist)
- Includes oral examination and diagnosis
- Teeth whitening (GP dentist)
- In-office whitening at $968
- Take-home teeth whitening kit at $418
Consumables fees of $19.62 applies separately for each dental visit.","healthcare, medical clinic, doctors, health screening, family medicine, specialist care",Not verified
Raffles Medical,"Raffles Medical: Changi City Point, 5 Changi Business Park Central 1, #B1-55/56",486038,-,-,"BLACK PASSION MEMBERSHIP PRIVILEGES:
- General Practice (GP) Services at Raffles Medical Clinics:
  - GP consult at $14
A practice cost applies separately for each GP visit
- Flu vaccination at $28 per dose
- Raffles Enhanced Health Screening at Raffles Health Screeners     
   - refer to listing for prices
* Available at Raffles Health Screeners at Raffles Hospital, Raffles Holland V and Shaw Centre.
** Available at Raffles Health Screeners at Raffles Hospital.
- Dental Services at Raffles Dental Clinics
   - Dental oral care package at $150 (GP dentist)
      - Includes oral examination and diagnosis
      - Scaling and polishing
      - Topical fluoride
- Teeth whitening (GP dentist)
- In-office whitening at $968
- Take-home teeth whitening kit at $418
Consumables fees of $19.62 applies separately for each dental visit.

PASSION SILVER / PLATINUM MEMBERSHIP PRIVILEGES:
- General Practice (GP) Services at Raffles Medical Clinics
- GP consult at $14
A practice cost applies separately for each GP visit
- Flu vaccination at $26 per dose
- Raffles Enhanced Health Screening at Raffles Health Screeners          
  - refer to listing for prices
*Available at Raffles Health Screeners at Raffles Hospital, Raffles Holland V and Shaw Centre.
**Available at Raffles Health Screeners at Raffles Hospital.
        
- Dental Services at Raffles Dental (GP) Clinics:
- Dental oral care package at $150 (GP dentist)
- Includes oral examination and diagnosis
- Teeth whitening (GP dentist)
- In-office whitening at $968
- Take-home teeth whitening kit at $418
Consumables fees of $19.62 applies separately for each dental visit.","healthcare, medical clinic, doctors, health screening, family medicine, specialist care",Not verified
Raffles Medical,"Raffles Medical: Blk 446 Clementi Avenue 3, #01-189",120446,-,-,"BLACK PASSION MEMBERSHIP PRIVILEGES:
- General Practice (GP) Services at Raffles Medical Clinics:
  - GP consult at $14
A practice cost applies separately for each GP visit
- Flu vaccination at $28 per dose
- Raffles Enhanced Health Screening at Raffles Health Screeners     
   - refer to listing for prices
* Available at Raffles Health Screeners at Raffles Hospital, Raffles Holland V and Shaw Centre.
** Available at Raffles Health Screeners at Raffles Hospital.
- Dental Services at Raffles Dental Clinics
   - Dental oral care package at $150 (GP dentist)
      - Includes oral examination and diagnosis
      - Scaling and polishing
      - Topical fluoride
- Teeth whitening (GP dentist)
- In-office whitening at $968
- Take-home teeth whitening kit at $418
Consumables fees of $19.62 applies separately for each dental visit.

PASSION SILVER / PLATINUM MEMBERSHIP PRIVILEGES:
- General Practice (GP) Services at Raffles Medical Clinics
- GP consult at $14
A practice cost applies separately for each GP visit
- Flu vaccination at $26 per dose
- Raffles Enhanced Health Screening at Raffles Health Screeners          
  - refer to listing for prices
*Available at Raffles Health Screeners at Raffles Hospital, Raffles Holland V and Shaw Centre.
**Available at Raffles Health Screeners at Raffles Hospital.
        
- Dental Services at Raffles Dental (GP) Clinics:
- Dental oral care package at $150 (GP dentist)
- Includes oral examination and diagnosis
- Teeth whitening (GP dentist)
- In-office whitening at $968
- Take-home teeth whitening kit at $418
Consumables fees of $19.62 applies separately for each dental visit.","healthcare, medical clinic, doctors, health screening, family medicine, specialist care",Not verified
Raffles Medical,"Raffles Medical and Raffles Dental: Compass One, 1 Sengkang Square, #04-09",545078,-,-,"BLACK PASSION MEMBERSHIP PRIVILEGES:
- General Practice (GP) Services at Raffles Medical Clinics:
  - GP consult at $14
A practice cost applies separately for each GP visit
- Flu vaccination at $28 per dose
- Raffles Enhanced Health Screening at Raffles Health Screeners     
   - refer to listing for prices
* Available at Raffles Health Screeners at Raffles Hospital, Raffles Holland V and Shaw Centre.
** Available at Raffles Health Screeners at Raffles Hospital.
- Dental Services at Raffles Dental Clinics
   - Dental oral care package at $150 (GP dentist)
      - Includes oral examination and diagnosis
      - Scaling and polishing
      - Topical fluoride
- Teeth whitening (GP dentist)
- In-office whitening at $968
- Take-home teeth whitening kit at $418
Consumables fees of $19.62 applies separately for each dental visit.

PASSION SILVER / PLATINUM MEMBERSHIP PRIVILEGES:
- General Practice (GP) Services at Raffles Medical Clinics
- GP consult at $14
A practice cost applies separately for each GP visit
- Flu vaccination at $26 per dose
- Raffles Enhanced Health Screening at Raffles Health Screeners          
  - refer to listing for prices
*Available at Raffles Health Screeners at Raffles Hospital, Raffles Holland V and Shaw Centre.
**Available at Raffles Health Screeners at Raffles Hospital.
        
- Dental Services at Raffles Dental (GP) Clinics:
- Dental oral care package at $150 (GP dentist)
- Includes oral examination and diagnosis
- Teeth whitening (GP dentist)
- In-office whitening at $968
- Take-home teeth whitening kit at $418
Consumables fees of $19.62 applies separately for each dental visit.","healthcare, medical clinic, doctors, health screening, family medicine, specialist care",Not verified
Raffles Medical,"Raffles Medical: Eastpoint Mall, 3 Simei Street 6, #02-27",528833,-,-,"BLACK PASSION MEMBERSHIP PRIVILEGES:
- General Practice (GP) Services at Raffles Medical Clinics:
  - GP consult at $14
A practice cost applies separately for each GP visit
- Flu vaccination at $28 per dose
- Raffles Enhanced Health Screening at Raffles Health Screeners     
   - refer to listing for prices
* Available at Raffles Health Screeners at Raffles Hospital, Raffles Holland V and Shaw Centre.
** Available at Raffles Health Screeners at Raffles Hospital.
- Dental Services at Raffles Dental Clinics
   - Dental oral care package at $150 (GP dentist)
      - Includes oral examination and diagnosis
      - Scaling and polishing
      - Topical fluoride
- Teeth whitening (GP dentist)
- In-office whitening at $968
- Take-home teeth whitening kit at $418
Consumables fees of $19.62 applies separately for each dental visit.

PASSION SILVER / PLATINUM MEMBERSHIP PRIVILEGES:
- General Practice (GP) Services at Raffles Medical Clinics
- GP consult at $14
A practice cost applies separately for each GP visit
- Flu vaccination at $26 per dose
- Raffles Enhanced Health Screening at Raffles Health Screeners          
  - refer to listing for prices
*Available at Raffles Health Screeners at Raffles Hospital, Raffles Holland V and Shaw Centre.
**Available at Raffles Health Screeners at Raffles Hospital.
        
- Dental Services at Raffles Dental (GP) Clinics:
- Dental oral care package at $150 (GP dentist)
- Includes oral examination and diagnosis
- Teeth whitening (GP dentist)
- In-office whitening at $968
- Take-home teeth whitening kit at $418
Consumables fees of $19.62 applies separately for each dental visit.","healthcare, medical clinic, doctors, health screening, family medicine, specialist care",Not verified
Raffles Medical,"Raffles Medical: Harbourfront Centre, 1 Maritime Square, #03-56",99253,-,-,"BLACK PASSION MEMBERSHIP PRIVILEGES:
- General Practice (GP) Services at Raffles Medical Clinics:
  - GP consult at $14
A practice cost applies separately for each GP visit
- Flu vaccination at $28 per dose
- Raffles Enhanced Health Screening at Raffles Health Screeners     
   - refer to listing for prices
* Available at Raffles Health Screeners at Raffles Hospital, Raffles Holland V and Shaw Centre.
** Available at Raffles Health Screeners at Raffles Hospital.
- Dental Services at Raffles Dental Clinics
   - Dental oral care package at $150 (GP dentist)
      - Includes oral examination and diagnosis
      - Scaling and polishing
      - Topical fluoride
- Teeth whitening (GP dentist)
- In-office whitening at $968
- Take-home teeth whitening kit at $418
Consumables fees of $19.62 applies separately for each dental visit.

PASSION SILVER / PLATINUM MEMBERSHIP PRIVILEGES:
- General Practice (GP) Services at Raffles Medical Clinics
- GP consult at $14
A practice cost applies separately for each GP visit
- Flu vaccination at $26 per dose
- Raffles Enhanced Health Screening at Raffles Health Screeners          
  - refer to listing for prices
*Available at Raffles Health Screeners at Raffles Hospital, Raffles Holland V and Shaw Centre.
**Available at Raffles Health Screeners at Raffles Hospital.
        
- Dental Services at Raffles Dental (GP) Clinics:
- Dental oral care package at $150 (GP dentist)
- Includes oral examination and diagnosis
- Teeth whitening (GP dentist)
- In-office whitening at $968
- Take-home teeth whitening kit at $418
Consumables fees of $19.62 applies separately for each dental visit.","healthcare, medical clinic, doctors, health screening, family medicine, specialist care",Not verified
Raffles Medical,"Raffles Medical and Raffles Dental: Hillion Mall, 17 Petir Road, #02-07/08",678278,-,-,"BLACK PASSION MEMBERSHIP PRIVILEGES:
- General Practice (GP) Services at Raffles Medical Clinics:
  - GP consult at $14
A practice cost applies separately for each GP visit
- Flu vaccination at $28 per dose
- Raffles Enhanced Health Screening at Raffles Health Screeners     
   - refer to listing for prices
* Available at Raffles Health Screeners at Raffles Hospital, Raffles Holland V and Shaw Centre.
** Available at Raffles Health Screeners at Raffles Hospital.
- Dental Services at Raffles Dental Clinics
   - Dental oral care package at $150 (GP dentist)
      - Includes oral examination and diagnosis
      - Scaling and polishing
      - Topical fluoride
- Teeth whitening (GP dentist)
- In-office whitening at $968
- Take-home teeth whitening kit at $418
Consumables fees of $19.62 applies separately for each dental visit.

PASSION SILVER / PLATINUM MEMBERSHIP PRIVILEGES:
- General Practice (GP) Services at Raffles Medical Clinics
- GP consult at $14
A practice cost applies separately for each GP visit
- Flu vaccination at $26 per dose
- Raffles Enhanced Health Screening at Raffles Health Screeners          
  - refer to listing for prices
*Available at Raffles Health Screeners at Raffles Hospital, Raffles Holland V and Shaw Centre.
**Available at Raffles Health Screeners at Raffles Hospital.
        
- Dental Services at Raffles Dental (GP) Clinics:
- Dental oral care package at $150 (GP dentist)
- Includes oral examination and diagnosis
- Teeth whitening (GP dentist)
- In-office whitening at $968
- Take-home teeth whitening kit at $418
Consumables fees of $19.62 applies separately for each dental visit.","healthcare, medical clinic, doctors, health screening, family medicine, specialist care",Not verified
Raffles Medical,"Raffles Medical: Blk 809 Hougang Central, #01-180",530809,-,-,"BLACK PASSION MEMBERSHIP PRIVILEGES:
- General Practice (GP) Services at Raffles Medical Clinics:
  - GP consult at $14
A practice cost applies separately for each GP visit
- Flu vaccination at $28 per dose
- Raffles Enhanced Health Screening at Raffles Health Screeners     
   - refer to listing for prices
* Available at Raffles Health Screeners at Raffles Hospital, Raffles Holland V and Shaw Centre.
** Available at Raffles Health Screeners at Raffles Hospital.
- Dental Services at Raffles Dental Clinics
   - Dental oral care package at $150 (GP dentist)
      - Includes oral examination and diagnosis
      - Scaling and polishing
      - Topical fluoride
- Teeth whitening (GP dentist)
- In-office whitening at $968
- Take-home teeth whitening kit at $418
Consumables fees of $19.62 applies separately for each dental visit.

PASSION SILVER / PLATINUM MEMBERSHIP PRIVILEGES:
- General Practice (GP) Services at Raffles Medical Clinics
- GP consult at $14
A practice cost applies separately for each GP visit
- Flu vaccination at $26 per dose
- Raffles Enhanced Health Screening at Raffles Health Screeners          
  - refer to listing for prices
*Available at Raffles Health Screeners at Raffles Hospital, Raffles Holland V and Shaw Centre.
**Available at Raffles Health Screeners at Raffles Hospital.
        
- Dental Services at Raffles Dental (GP) Clinics:
- Dental oral care package at $150 (GP dentist)
- Includes oral examination and diagnosis
- Teeth whitening (GP dentist)
- In-office whitening at $968
- Take-home teeth whitening kit at $418
Consumables fees of $19.62 applies separately for each dental visit.","healthcare, medical clinic, doctors, health screening, family medicine, specialist care",Not verified
Raffles Medical,"Raffles Medical: 112 East Coast Road, i12 Katong #04-18",428802,-,-,"BLACK PASSION MEMBERSHIP PRIVILEGES:
- General Practice (GP) Services at Raffles Medical Clinics:
  - GP consult at $14
A practice cost applies separately for each GP visit
- Flu vaccination at $28 per dose
- Raffles Enhanced Health Screening at Raffles Health Screeners     
   - refer to listing for prices
* Available at Raffles Health Screeners at Raffles Hospital, Raffles Holland V and Shaw Centre.
** Available at Raffles Health Screeners at Raffles Hospital.
- Dental Services at Raffles Dental Clinics
   - Dental oral care package at $150 (GP dentist)
      - Includes oral examination and diagnosis
      - Scaling and polishing
      - Topical fluoride
- Teeth whitening (GP dentist)
- In-office whitening at $968
- Take-home teeth whitening kit at $418
Consumables fees of $19.62 applies separately for each dental visit.

PASSION SILVER / PLATINUM MEMBERSHIP PRIVILEGES:
- General Practice (GP) Services at Raffles Medical Clinics
- GP consult at $14
A practice cost applies separately for each GP visit
- Flu vaccination at $26 per dose
- Raffles Enhanced Health Screening at Raffles Health Screeners          
  - refer to listing for prices
*Available at Raffles Health Screeners at Raffles Hospital, Raffles Holland V and Shaw Centre.
**Available at Raffles Health Screeners at Raffles Hospital.
        
- Dental Services at Raffles Dental (GP) Clinics:
- Dental oral care package at $150 (GP dentist)
- Includes oral examination and diagnosis
- Teeth whitening (GP dentist)
- In-office whitening at $968
- Take-home teeth whitening kit at $418
Consumables fees of $19.62 applies separately for each dental visit.","healthcare, medical clinic, doctors, health screening, family medicine, specialist care",Not verified
Raffles Medical,"Raffles Medical: Blk 131 Jurong Gateway Road, #01-267",600131,-,-,"BLACK PASSION MEMBERSHIP PRIVILEGES:
- General Practice (GP) Services at Raffles Medical Clinics:
  - GP consult at $14
A practice cost applies separately for each GP visit
- Flu vaccination at $28 per dose
- Raffles Enhanced Health Screening at Raffles Health Screeners     
   - refer to listing for prices
* Available at Raffles Health Screeners at Raffles Hospital, Raffles Holland V and Shaw Centre.
** Available at Raffles Health Screeners at Raffles Hospital.
- Dental Services at Raffles Dental Clinics
   - Dental oral care package at $150 (GP dentist)
      - Includes oral examination and diagnosis
      - Scaling and polishing
      - Topical fluoride
- Teeth whitening (GP dentist)
- In-office whitening at $968
- Take-home teeth whitening kit at $418
Consumables fees of $19.62 applies separately for each dental visit.

PASSION SILVER / PLATINUM MEMBERSHIP PRIVILEGES:
- General Practice (GP) Services at Raffles Medical Clinics
- GP consult at $14
A practice cost applies separately for each GP visit
- Flu vaccination at $26 per dose
- Raffles Enhanced Health Screening at Raffles Health Screeners          
  - refer to listing for prices
*Available at Raffles Health Screeners at Raffles Hospital, Raffles Holland V and Shaw Centre.
**Available at Raffles Health Screeners at Raffles Hospital.
        
- Dental Services at Raffles Dental (GP) Clinics:
- Dental oral care package at $150 (GP dentist)
- Includes oral examination and diagnosis
- Teeth whitening (GP dentist)
- In-office whitening at $968
- Take-home teeth whitening kit at $418
Consumables fees of $19.62 applies separately for each dental visit.","healthcare, medical clinic, doctors, health screening, family medicine, specialist care",Not verified
Raffles Medical,"Raffles Medical: Jurong Point, 1 Jurong West Central 2, #B1A-19D",648886,-,-,"BLACK PASSION MEMBERSHIP PRIVILEGES:
- General Practice (GP) Services at Raffles Medical Clinics:
  - GP consult at $14
A practice cost applies separately for each GP visit
- Flu vaccination at $28 per dose
- Raffles Enhanced Health Screening at Raffles Health Screeners     
   - refer to listing for prices
* Available at Raffles Health Screeners at Raffles Hospital, Raffles Holland V and Shaw Centre.
** Available at Raffles Health Screeners at Raffles Hospital.
- Dental Services at Raffles Dental Clinics
   - Dental oral care package at $150 (GP dentist)
      - Includes oral examination and diagnosis
      - Scaling and polishing
      - Topical fluoride
- Teeth whitening (GP dentist)
- In-office whitening at $968
- Take-home teeth whitening kit at $418
Consumables fees of $19.62 applies separately for each dental visit.

PASSION SILVER / PLATINUM MEMBERSHIP PRIVILEGES:
- General Practice (GP) Services at Raffles Medical Clinics
- GP consult at $14
A practice cost applies separately for each GP visit
- Flu vaccination at $26 per dose
- Raffles Enhanced Health Screening at Raffles Health Screeners          
  - refer to listing for prices
*Available at Raffles Health Screeners at Raffles Hospital, Raffles Holland V and Shaw Centre.
**Available at Raffles Health Screeners at Raffles Hospital.
        
- Dental Services at Raffles Dental (GP) Clinics:
- Dental oral care package at $150 (GP dentist)
- Includes oral examination and diagnosis
- Teeth whitening (GP dentist)
- In-office whitening at $968
- Take-home teeth whitening kit at $418
Consumables fees of $19.62 applies separately for each dental visit.","healthcare, medical clinic, doctors, health screening, family medicine, specialist care",Not verified
Raffles Medical,"Raffles Medical: Lot One Shoppers' Mall, 21 Choa Chu Kang Avenue 4, #B1-07A",689812,-,-,"BLACK PASSION MEMBERSHIP PRIVILEGES:
- General Practice (GP) Services at Raffles Medical Clinics:
  - GP consult at $14
A practice cost applies separately for each GP visit
- Flu vaccination at $28 per dose
- Raffles Enhanced Health Screening at Raffles Health Screeners     
   - refer to listing for prices
* Available at Raffles Health Screeners at Raffles Hospital, Raffles Holland V and Shaw Centre.
** Available at Raffles Health Screeners at Raffles Hospital.
- Dental Services at Raffles Dental Clinics
   - Dental oral care package at $150 (GP dentist)
      - Includes oral examination and diagnosis
      - Scaling and polishing
      - Topical fluoride
- Teeth whitening (GP dentist)
- In-office whitening at $968
- Take-home teeth whitening kit at $418
Consumables fees of $19.62 applies separately for each dental visit.

PASSION SILVER / PLATINUM MEMBERSHIP PRIVILEGES:
- General Practice (GP) Services at Raffles Medical Clinics
- GP consult at $14
A practice cost applies separately for each GP visit
- Flu vaccination at $26 per dose
- Raffles Enhanced Health Screening at Raffles Health Screeners          
  - refer to listing for prices
*Available at Raffles Health Screeners at Raffles Hospital, Raffles Holland V and Shaw Centre.
**Available at Raffles Health Screeners at Raffles Hospital.
        
- Dental Services at Raffles Dental (GP) Clinics:
- Dental oral care package at $150 (GP dentist)
- Includes oral examination and diagnosis
- Teeth whitening (GP dentist)
- In-office whitening at $968
- Take-home teeth whitening kit at $418
Consumables fees of $19.62 applies separately for each dental visit.","healthcare, medical clinic, doctors, health screening, family medicine, specialist care",Not verified
Raffles Medical,"Raffles Medical: 259 Pasir Ris Street 21, #02-33",510259,-,-,"BLACK PASSION MEMBERSHIP PRIVILEGES:
- General Practice (GP) Services at Raffles Medical Clinics:
  - GP consult at $14
A practice cost applies separately for each GP visit
- Flu vaccination at $28 per dose
- Raffles Enhanced Health Screening at Raffles Health Screeners     
   - refer to listing for prices
* Available at Raffles Health Screeners at Raffles Hospital, Raffles Holland V and Shaw Centre.
** Available at Raffles Health Screeners at Raffles Hospital.
- Dental Services at Raffles Dental Clinics
   - Dental oral care package at $150 (GP dentist)
      - Includes oral examination and diagnosis
      - Scaling and polishing
      - Topical fluoride
- Teeth whitening (GP dentist)
- In-office whitening at $968
- Take-home teeth whitening kit at $418
Consumables fees of $19.62 applies separately for each dental visit.

PASSION SILVER / PLATINUM MEMBERSHIP PRIVILEGES:
- General Practice (GP) Services at Raffles Medical Clinics
- GP consult at $14
A practice cost applies separately for each GP visit
- Flu vaccination at $26 per dose
- Raffles Enhanced Health Screening at Raffles Health Screeners          
  - refer to listing for prices
*Available at Raffles Health Screeners at Raffles Hospital, Raffles Holland V and Shaw Centre.
**Available at Raffles Health Screeners at Raffles Hospital.
        
- Dental Services at Raffles Dental (GP) Clinics:
- Dental oral care package at $150 (GP dentist)
- Includes oral examination and diagnosis
- Teeth whitening (GP dentist)
- In-office whitening at $968
- Take-home teeth whitening kit at $418
Consumables fees of $19.62 applies separately for each dental visit.","healthcare, medical clinic, doctors, health screening, family medicine, specialist care",Not verified
Raffles Medical,"Raffles Medical and Raffles Dental: 12 Marina Boulevard, #17-05, Marina Bay Financial Centre Tower 3",18982,-,-,"BLACK PASSION MEMBERSHIP PRIVILEGES:
- General Practice (GP) Services at Raffles Medical Clinics:
  - GP consult at $14
A practice cost applies separately for each GP visit
- Flu vaccination at $28 per dose
- Raffles Enhanced Health Screening at Raffles Health Screeners     
   - refer to listing for prices
* Available at Raffles Health Screeners at Raffles Hospital, Raffles Holland V and Shaw Centre.
** Available at Raffles Health Screeners at Raffles Hospital.
- Dental Services at Raffles Dental Clinics
   - Dental oral care package at $150 (GP dentist)
      - Includes oral examination and diagnosis
      - Scaling and polishing
      - Topical fluoride
- Teeth whitening (GP dentist)
- In-office whitening at $968
- Take-home teeth whitening kit at $418
Consumables fees of $19.62 applies separately for each dental visit.

PASSION SILVER / PLATINUM MEMBERSHIP PRIVILEGES:
- General Practice (GP) Services at Raffles Medical Clinics
- GP consult at $14
A practice cost applies separately for each GP visit
- Flu vaccination at $26 per dose
- Raffles Enhanced Health Screening at Raffles Health Screeners          
  - refer to listing for prices
*Available at Raffles Health Screeners at Raffles Hospital, Raffles Holland V and Shaw Centre.
**Available at Raffles Health Screeners at Raffles Hospital.
        
- Dental Services at Raffles Dental (GP) Clinics:
- Dental oral care package at $150 (GP dentist)
- Includes oral examination and diagnosis
- Teeth whitening (GP dentist)
- In-office whitening at $968
- Take-home teeth whitening kit at $418
Consumables fees of $19.62 applies separately for each dental visit.","healthcare, medical clinic, doctors, health screening, family medicine, specialist care",Not verified
Raffles Medical,"Raffles Medical: Blk 83 Marine Parade Central, #01-590",440083,-,-,"BLACK PASSION MEMBERSHIP PRIVILEGES:
- General Practice (GP) Services at Raffles Medical Clinics:
  - GP consult at $14
A practice cost applies separately for each GP visit
- Flu vaccination at $28 per dose
- Raffles Enhanced Health Screening at Raffles Health Screeners     
   - refer to listing for prices
* Available at Raffles Health Screeners at Raffles Hospital, Raffles Holland V and Shaw Centre.
** Available at Raffles Health Screeners at Raffles Hospital.
- Dental Services at Raffles Dental Clinics
   - Dental oral care package at $150 (GP dentist)
      - Includes oral examination and diagnosis
      - Scaling and polishing
      - Topical fluoride
- Teeth whitening (GP dentist)
- In-office whitening at $968
- Take-home teeth whitening kit at $418
Consumables fees of $19.62 applies separately for each dental visit.

PASSION SILVER / PLATINUM MEMBERSHIP PRIVILEGES:
- General Practice (GP) Services at Raffles Medical Clinics
- GP consult at $14
A practice cost applies separately for each GP visit
- Flu vaccination at $26 per dose
- Raffles Enhanced Health Screening at Raffles Health Screeners          
  - refer to listing for prices
*Available at Raffles Health Screeners at Raffles Hospital, Raffles Holland V and Shaw Centre.
**Available at Raffles Health Screeners at Raffles Hospital.
        
- Dental Services at Raffles Dental (GP) Clinics:
- Dental oral care package at $150 (GP dentist)
- Includes oral examination and diagnosis
- Teeth whitening (GP dentist)
- In-office whitening at $968
- Take-home teeth whitening kit at $418
Consumables fees of $19.62 applies separately for each dental visit.","healthcare, medical clinic, doctors, health screening, family medicine, specialist care",Not verified
Raffles Medical,"Raffles Medical: NEX, 23 Serangoon Central, #B2-01",556083,-,-,"BLACK PASSION MEMBERSHIP PRIVILEGES:
- General Practice (GP) Services at Raffles Medical Clinics:
  - GP consult at $14
A practice cost applies separately for each GP visit
- Flu vaccination at $28 per dose
- Raffles Enhanced Health Screening at Raffles Health Screeners     
   - refer to listing for prices
* Available at Raffles Health Screeners at Raffles Hospital, Raffles Holland V and Shaw Centre.
** Available at Raffles Health Screeners at Raffles Hospital.
- Dental Services at Raffles Dental Clinics
   - Dental oral care package at $150 (GP dentist)
      - Includes oral examination and diagnosis
      - Scaling and polishing
      - Topical fluoride
- Teeth whitening (GP dentist)
- In-office whitening at $968
- Take-home teeth whitening kit at $418
Consumables fees of $19.62 applies separately for each dental visit.

PASSION SILVER / PLATINUM MEMBERSHIP PRIVILEGES:
- General Practice (GP) Services at Raffles Medical Clinics
- GP consult at $14
A practice cost applies separately for each GP visit
- Flu vaccination at $26 per dose
- Raffles Enhanced Health Screening at Raffles Health Screeners          
  - refer to listing for prices
*Available at Raffles Health Screeners at Raffles Hospital, Raffles Holland V and Shaw Centre.
**Available at Raffles Health Screeners at Raffles Hospital.
        
- Dental Services at Raffles Dental (GP) Clinics:
- Dental oral care package at $150 (GP dentist)
- Includes oral examination and diagnosis
- Teeth whitening (GP dentist)
- In-office whitening at $968
- Take-home teeth whitening kit at $418
Consumables fees of $19.62 applies separately for each dental visit.","healthcare, medical clinic, doctors, health screening, family medicine, specialist care",Not verified
Raffles Medical,"Raffles Medical: Northpoint City, 930 Yishun Avenue 2, #03-35, (North Wing)",769098,-,-,"BLACK PASSION MEMBERSHIP PRIVILEGES:
- General Practice (GP) Services at Raffles Medical Clinics:
  - GP consult at $14
A practice cost applies separately for each GP visit
- Flu vaccination at $28 per dose
- Raffles Enhanced Health Screening at Raffles Health Screeners     
   - refer to listing for prices
* Available at Raffles Health Screeners at Raffles Hospital, Raffles Holland V and Shaw Centre.
** Available at Raffles Health Screeners at Raffles Hospital.
- Dental Services at Raffles Dental Clinics
   - Dental oral care package at $150 (GP dentist)
      - Includes oral examination and diagnosis
      - Scaling and polishing
      - Topical fluoride
- Teeth whitening (GP dentist)
- In-office whitening at $968
- Take-home teeth whitening kit at $418
Consumables fees of $19.62 applies separately for each dental visit.

PASSION SILVER / PLATINUM MEMBERSHIP PRIVILEGES:
- General Practice (GP) Services at Raffles Medical Clinics
- GP consult at $14
A practice cost applies separately for each GP visit
- Flu vaccination at $26 per dose
- Raffles Enhanced Health Screening at Raffles Health Screeners          
  - refer to listing for prices
*Available at Raffles Health Screeners at Raffles Hospital, Raffles Holland V and Shaw Centre.
**Available at Raffles Health Screeners at Raffles Hospital.
        
- Dental Services at Raffles Dental (GP) Clinics:
- Dental oral care package at $150 (GP dentist)
- Includes oral examination and diagnosis
- Teeth whitening (GP dentist)
- In-office whitening at $968
- Take-home teeth whitening kit at $418
Consumables fees of $19.62 applies separately for each dental visit.","healthcare, medical clinic, doctors, health screening, family medicine, specialist care",Not verified
Raffles Medical,"Raffles Medical:  Punggol Coast Mall, Tower 98 Punggol Way, #03-212",829857,-,-,"BLACK PASSION MEMBERSHIP PRIVILEGES:
- General Practice (GP) Services at Raffles Medical Clinics:
  - GP consult at $14
A practice cost applies separately for each GP visit
- Flu vaccination at $28 per dose
- Raffles Enhanced Health Screening at Raffles Health Screeners     
   - refer to listing for prices
* Available at Raffles Health Screeners at Raffles Hospital, Raffles Holland V and Shaw Centre.
** Available at Raffles Health Screeners at Raffles Hospital.
- Dental Services at Raffles Dental Clinics
   - Dental oral care package at $150 (GP dentist)
      - Includes oral examination and diagnosis
      - Scaling and polishing
      - Topical fluoride
- Teeth whitening (GP dentist)
- In-office whitening at $968
- Take-home teeth whitening kit at $418
Consumables fees of $19.62 applies separately for each dental visit.

PASSION SILVER / PLATINUM MEMBERSHIP PRIVILEGES:
- General Practice (GP) Services at Raffles Medical Clinics
- GP consult at $14
A practice cost applies separately for each GP visit
- Flu vaccination at $26 per dose
- Raffles Enhanced Health Screening at Raffles Health Screeners          
  - refer to listing for prices
*Available at Raffles Health Screeners at Raffles Hospital, Raffles Holland V and Shaw Centre.
**Available at Raffles Health Screeners at Raffles Hospital.
        
- Dental Services at Raffles Dental (GP) Clinics:
- Dental oral care package at $150 (GP dentist)
- Includes oral examination and diagnosis
- Teeth whitening (GP dentist)
- In-office whitening at $968
- Take-home teeth whitening kit at $418
Consumables fees of $19.62 applies separately for each dental visit.","healthcare, medical clinic, doctors, health screening, family medicine, specialist care",Not verified
Raffles Medical,"Raffles Medical: Raffles City Shopping Centre, 252 North Bridge Road, #02-17",179103,-,-,"BLACK PASSION MEMBERSHIP PRIVILEGES:
- General Practice (GP) Services at Raffles Medical Clinics:
  - GP consult at $14
A practice cost applies separately for each GP visit
- Flu vaccination at $28 per dose
- Raffles Enhanced Health Screening at Raffles Health Screeners     
   - refer to listing for prices
* Available at Raffles Health Screeners at Raffles Hospital, Raffles Holland V and Shaw Centre.
** Available at Raffles Health Screeners at Raffles Hospital.
- Dental Services at Raffles Dental Clinics
   - Dental oral care package at $150 (GP dentist)
      - Includes oral examination and diagnosis
      - Scaling and polishing
      - Topical fluoride
- Teeth whitening (GP dentist)
- In-office whitening at $968
- Take-home teeth whitening kit at $418
Consumables fees of $19.62 applies separately for each dental visit.

PASSION SILVER / PLATINUM MEMBERSHIP PRIVILEGES:
- General Practice (GP) Services at Raffles Medical Clinics
- GP consult at $14
A practice cost applies separately for each GP visit
- Flu vaccination at $26 per dose
- Raffles Enhanced Health Screening at Raffles Health Screeners          
  - refer to listing for prices
*Available at Raffles Health Screeners at Raffles Hospital, Raffles Holland V and Shaw Centre.
**Available at Raffles Health Screeners at Raffles Hospital.
        
- Dental Services at Raffles Dental (GP) Clinics:
- Dental oral care package at $150 (GP dentist)
- Includes oral examination and diagnosis
- Teeth whitening (GP dentist)
- In-office whitening at $968
- Take-home teeth whitening kit at $418
Consumables fees of $19.62 applies separately for each dental visit.","healthcare, medical clinic, doctors, health screening, family medicine, specialist care",Not verified
Raffles Medical,"Raffles Medical, Raffles Dental and Raffles Health Screeners: 118 Holland Avenue, #05-02/03/04",278997,-,-,"BLACK PASSION MEMBERSHIP PRIVILEGES:
- General Practice (GP) Services at Raffles Medical Clinics:
  - GP consult at $14
A practice cost applies separately for each GP visit
- Flu vaccination at $28 per dose
- Raffles Enhanced Health Screening at Raffles Health Screeners     
   - refer to listing for prices
* Available at Raffles Health Screeners at Raffles Hospital, Raffles Holland V and Shaw Centre.
** Available at Raffles Health Screeners at Raffles Hospital.
- Dental Services at Raffles Dental Clinics
   - Dental oral care package at $150 (GP dentist)
      - Includes oral examination and diagnosis
      - Scaling and polishing
      - Topical fluoride
- Teeth whitening (GP dentist)
- In-office whitening at $968
- Take-home teeth whitening kit at $418
Consumables fees of $19.62 applies separately for each dental visit.

PASSION SILVER / PLATINUM MEMBERSHIP PRIVILEGES:
- General Practice (GP) Services at Raffles Medical Clinics
- GP consult at $14
A practice cost applies separately for each GP visit
- Flu vaccination at $26 per dose
- Raffles Enhanced Health Screening at Raffles Health Screeners          
  - refer to listing for prices
*Available at Raffles Health Screeners at Raffles Hospital, Raffles Holland V and Shaw Centre.
**Available at Raffles Health Screeners at Raffles Hospital.
        
- Dental Services at Raffles Dental (GP) Clinics:
- Dental oral care package at $150 (GP dentist)
- Includes oral examination and diagnosis
- Teeth whitening (GP dentist)
- In-office whitening at $968
- Take-home teeth whitening kit at $418
Consumables fees of $19.62 applies separately for each dental visit.","healthcare, medical clinic, doctors, health screening, family medicine, specialist care",Not verified
Raffles Medical,"Raffles Medical, Raffles Dental and Raffles Health Screeners: 585 North Bridge Road, Level 2 (Raffles Medical and Raffles Dental), Level 12 (Raffles Health Screeners), Raffles Hospital",188770,-,-,"BLACK PASSION MEMBERSHIP PRIVILEGES:
- General Practice (GP) Services at Raffles Medical Clinics:
  - GP consult at $14
A practice cost applies separately for each GP visit
- Flu vaccination at $28 per dose
- Raffles Enhanced Health Screening at Raffles Health Screeners     
   - refer to listing for prices
* Available at Raffles Health Screeners at Raffles Hospital, Raffles Holland V and Shaw Centre.
** Available at Raffles Health Screeners at Raffles Hospital.
- Dental Services at Raffles Dental Clinics
   - Dental oral care package at $150 (GP dentist)
      - Includes oral examination and diagnosis
      - Scaling and polishing
      - Topical fluoride
- Teeth whitening (GP dentist)
- In-office whitening at $968
- Take-home teeth whitening kit at $418
Consumables fees of $19.62 applies separately for each dental visit.

PASSION SILVER / PLATINUM MEMBERSHIP PRIVILEGES:
- General Practice (GP) Services at Raffles Medical Clinics
- GP consult at $14
A practice cost applies separately for each GP visit
- Flu vaccination at $26 per dose
- Raffles Enhanced Health Screening at Raffles Health Screeners          
  - refer to listing for prices
*Available at Raffles Health Screeners at Raffles Hospital, Raffles Holland V and Shaw Centre.
**Available at Raffles Health Screeners at Raffles Hospital.
        
- Dental Services at Raffles Dental (GP) Clinics:
- Dental oral care package at $150 (GP dentist)
- Includes oral examination and diagnosis
- Teeth whitening (GP dentist)
- In-office whitening at $968
- Take-home teeth whitening kit at $418
Consumables fees of $19.62 applies separately for each dental visit.","healthcare, medical clinic, doctors, health screening, family medicine, specialist care",Not verified
Raffles Medical,"Raffles Medical and Raffles Dental: 50 Raffles Place, #02-02, Singapore Land Tower",48623,-,-,"BLACK PASSION MEMBERSHIP PRIVILEGES:
- General Practice (GP) Services at Raffles Medical Clinics:
  - GP consult at $14
A practice cost applies separately for each GP visit
- Flu vaccination at $28 per dose
- Raffles Enhanced Health Screening at Raffles Health Screeners     
   - refer to listing for prices
* Available at Raffles Health Screeners at Raffles Hospital, Raffles Holland V and Shaw Centre.
** Available at Raffles Health Screeners at Raffles Hospital.
- Dental Services at Raffles Dental Clinics
   - Dental oral care package at $150 (GP dentist)
      - Includes oral examination and diagnosis
      - Scaling and polishing
      - Topical fluoride
- Teeth whitening (GP dentist)
- In-office whitening at $968
- Take-home teeth whitening kit at $418
Consumables fees of $19.62 applies separately for each dental visit.

PASSION SILVER / PLATINUM MEMBERSHIP PRIVILEGES:
- General Practice (GP) Services at Raffles Medical Clinics
- GP consult at $14
A practice cost applies separately for each GP visit
- Flu vaccination at $26 per dose
- Raffles Enhanced Health Screening at Raffles Health Screeners          
  - refer to listing for prices
*Available at Raffles Health Screeners at Raffles Hospital, Raffles Holland V and Shaw Centre.
**Available at Raffles Health Screeners at Raffles Hospital.
        
- Dental Services at Raffles Dental (GP) Clinics:
- Dental oral care package at $150 (GP dentist)
- Includes oral examination and diagnosis
- Teeth whitening (GP dentist)
- In-office whitening at $968
- Take-home teeth whitening kit at $418
Consumables fees of $19.62 applies separately for each dental visit.","healthcare, medical clinic, doctors, health screening, family medicine, specialist care",Not verified
Raffles Medical,"Raffles Medical: Rivervale Mall, 11 Rivervale Crescent, #02-17",545082,-,-,"BLACK PASSION MEMBERSHIP PRIVILEGES:
- General Practice (GP) Services at Raffles Medical Clinics:
  - GP consult at $14
A practice cost applies separately for each GP visit
- Flu vaccination at $28 per dose
- Raffles Enhanced Health Screening at Raffles Health Screeners     
   - refer to listing for prices
* Available at Raffles Health Screeners at Raffles Hospital, Raffles Holland V and Shaw Centre.
** Available at Raffles Health Screeners at Raffles Hospital.
- Dental Services at Raffles Dental Clinics
   - Dental oral care package at $150 (GP dentist)
      - Includes oral examination and diagnosis
      - Scaling and polishing
      - Topical fluoride
- Teeth whitening (GP dentist)
- In-office whitening at $968
- Take-home teeth whitening kit at $418
Consumables fees of $19.62 applies separately for each dental visit.

PASSION SILVER / PLATINUM MEMBERSHIP PRIVILEGES:
- General Practice (GP) Services at Raffles Medical Clinics
- GP consult at $14
A practice cost applies separately for each GP visit
- Flu vaccination at $26 per dose
- Raffles Enhanced Health Screening at Raffles Health Screeners          
  - refer to listing for prices
*Available at Raffles Health Screeners at Raffles Hospital, Raffles Holland V and Shaw Centre.
**Available at Raffles Health Screeners at Raffles Hospital.
        
- Dental Services at Raffles Dental (GP) Clinics:
- Dental oral care package at $150 (GP dentist)
- Includes oral examination and diagnosis
- Teeth whitening (GP dentist)
- In-office whitening at $968
- Take-home teeth whitening kit at $418
Consumables fees of $19.62 applies separately for each dental visit.","healthcare, medical clinic, doctors, health screening, family medicine, specialist care",Not verified
Raffles Medical,"Raffles Medical: Blk 355 Sembawang Way, #01-06/07",750355,-,-,"BLACK PASSION MEMBERSHIP PRIVILEGES:
- General Practice (GP) Services at Raffles Medical Clinics:
  - GP consult at $14
A practice cost applies separately for each GP visit
- Flu vaccination at $28 per dose
- Raffles Enhanced Health Screening at Raffles Health Screeners     
   - refer to listing for prices
* Available at Raffles Health Screeners at Raffles Hospital, Raffles Holland V and Shaw Centre.
** Available at Raffles Health Screeners at Raffles Hospital.
- Dental Services at Raffles Dental Clinics
   - Dental oral care package at $150 (GP dentist)
      - Includes oral examination and diagnosis
      - Scaling and polishing
      - Topical fluoride
- Teeth whitening (GP dentist)
- In-office whitening at $968
- Take-home teeth whitening kit at $418
Consumables fees of $19.62 applies separately for each dental visit.

PASSION SILVER / PLATINUM MEMBERSHIP PRIVILEGES:
- General Practice (GP) Services at Raffles Medical Clinics
- GP consult at $14
A practice cost applies separately for each GP visit
- Flu vaccination at $26 per dose
- Raffles Enhanced Health Screening at Raffles Health Screeners          
  - refer to listing for prices
*Available at Raffles Health Screeners at Raffles Hospital, Raffles Holland V and Shaw Centre.
**Available at Raffles Health Screeners at Raffles Hospital.
        
- Dental Services at Raffles Dental (GP) Clinics:
- Dental oral care package at $150 (GP dentist)
- Includes oral examination and diagnosis
- Teeth whitening (GP dentist)
- In-office whitening at $968
- Take-home teeth whitening kit at $418
Consumables fees of $19.62 applies separately for each dental visit.","healthcare, medical clinic, doctors, health screening, family medicine, specialist care",Not verified
Raffles Medical,"Raffles Medical and Raffles Health Screeners: 1 Scotts Road, #04-09 to 14, Shaw Centre",228208,-,-,"BLACK PASSION MEMBERSHIP PRIVILEGES:
- General Practice (GP) Services at Raffles Medical Clinics:
  - GP consult at $14
A practice cost applies separately for each GP visit
- Flu vaccination at $28 per dose
- Raffles Enhanced Health Screening at Raffles Health Screeners     
   - refer to listing for prices
* Available at Raffles Health Screeners at Raffles Hospital, Raffles Holland V and Shaw Centre.
** Available at Raffles Health Screeners at Raffles Hospital.
- Dental Services at Raffles Dental Clinics
   - Dental oral care package at $150 (GP dentist)
      - Includes oral examination and diagnosis
      - Scaling and polishing
      - Topical fluoride
- Teeth whitening (GP dentist)
- In-office whitening at $968
- Take-home teeth whitening kit at $418
Consumables fees of $19.62 applies separately for each dental visit.

PASSION SILVER / PLATINUM MEMBERSHIP PRIVILEGES:
- General Practice (GP) Services at Raffles Medical Clinics
- GP consult at $14
A practice cost applies separately for each GP visit
- Flu vaccination at $26 per dose
- Raffles Enhanced Health Screening at Raffles Health Screeners          
  - refer to listing for prices
*Available at Raffles Health Screeners at Raffles Hospital, Raffles Holland V and Shaw Centre.
**Available at Raffles Health Screeners at Raffles Hospital.
        
- Dental Services at Raffles Dental (GP) Clinics:
- Dental oral care package at $150 (GP dentist)
- Includes oral examination and diagnosis
- Teeth whitening (GP dentist)
- In-office whitening at $968
- Take-home teeth whitening kit at $418
Consumables fees of $19.62 applies separately for each dental visit.","healthcare, medical clinic, doctors, health screening, family medicine, specialist care",Not verified
Raffles Medical,"Raffles Medical: 55 Siglap Road, #02-11/12, Siglap Centre",455871,-,-,"BLACK PASSION MEMBERSHIP PRIVILEGES:
- General Practice (GP) Services at Raffles Medical Clinics:
  - GP consult at $14
A practice cost applies separately for each GP visit
- Flu vaccination at $28 per dose
- Raffles Enhanced Health Screening at Raffles Health Screeners     
   - refer to listing for prices
* Available at Raffles Health Screeners at Raffles Hospital, Raffles Holland V and Shaw Centre.
** Available at Raffles Health Screeners at Raffles Hospital.
- Dental Services at Raffles Dental Clinics
   - Dental oral care package at $150 (GP dentist)
      - Includes oral examination and diagnosis
      - Scaling and polishing
      - Topical fluoride
- Teeth whitening (GP dentist)
- In-office whitening at $968
- Take-home teeth whitening kit at $418
Consumables fees of $19.62 applies separately for each dental visit.

PASSION SILVER / PLATINUM MEMBERSHIP PRIVILEGES:
- General Practice (GP) Services at Raffles Medical Clinics
- GP consult at $14
A practice cost applies separately for each GP visit
- Flu vaccination at $26 per dose
- Raffles Enhanced Health Screening at Raffles Health Screeners          
  - refer to listing for prices
*Available at Raffles Health Screeners at Raffles Hospital, Raffles Holland V and Shaw Centre.
**Available at Raffles Health Screeners at Raffles Hospital.
        
- Dental Services at Raffles Dental (GP) Clinics:
- Dental oral care package at $150 (GP dentist)
- Includes oral examination and diagnosis
- Teeth whitening (GP dentist)
- In-office whitening at $968
- Take-home teeth whitening kit at $418
Consumables fees of $19.62 applies separately for each dental visit.","healthcare, medical clinic, doctors, health screening, family medicine, specialist care",Not verified
Raffles Medical,"Raffles Medical and Raffles Dental: Tampines 1, 10 Tampines Central 1, #03-28 (Raffles Medical); #04-33 (Raffles Dental)",529536,-,-,"BLACK PASSION MEMBERSHIP PRIVILEGES:
- General Practice (GP) Services at Raffles Medical Clinics:
  - GP consult at $14
A practice cost applies separately for each GP visit
- Flu vaccination at $28 per dose
- Raffles Enhanced Health Screening at Raffles Health Screeners     
   - refer to listing for prices
* Available at Raffles Health Screeners at Raffles Hospital, Raffles Holland V and Shaw Centre.
** Available at Raffles Health Screeners at Raffles Hospital.
- Dental Services at Raffles Dental Clinics
   - Dental oral care package at $150 (GP dentist)
      - Includes oral examination and diagnosis
      - Scaling and polishing
      - Topical fluoride
- Teeth whitening (GP dentist)
- In-office whitening at $968
- Take-home teeth whitening kit at $418
Consumables fees of $19.62 applies separately for each dental visit.

PASSION SILVER / PLATINUM MEMBERSHIP PRIVILEGES:
- General Practice (GP) Services at Raffles Medical Clinics
- GP consult at $14
A practice cost applies separately for each GP visit
- Flu vaccination at $26 per dose
- Raffles Enhanced Health Screening at Raffles Health Screeners          
  - refer to listing for prices
*Available at Raffles Health Screeners at Raffles Hospital, Raffles Holland V and Shaw Centre.
**Available at Raffles Health Screeners at Raffles Hospital.
        
- Dental Services at Raffles Dental (GP) Clinics:
- Dental oral care package at $150 (GP dentist)
- Includes oral examination and diagnosis
- Teeth whitening (GP dentist)
- In-office whitening at $968
- Take-home teeth whitening kit at $418
Consumables fees of $19.62 applies separately for each dental visit.","healthcare, medical clinic, doctors, health screening, family medicine, specialist care",Not verified
Raffles Medical,"Raffles Medical: The Woodleigh Mall, 11 Bidadari Park Drive, #02-08",367803,-,-,"BLACK PASSION MEMBERSHIP PRIVILEGES:
- General Practice (GP) Services at Raffles Medical Clinics:
  - GP consult at $14
A practice cost applies separately for each GP visit
- Flu vaccination at $28 per dose
- Raffles Enhanced Health Screening at Raffles Health Screeners     
   - refer to listing for prices
* Available at Raffles Health Screeners at Raffles Hospital, Raffles Holland V and Shaw Centre.
** Available at Raffles Health Screeners at Raffles Hospital.
- Dental Services at Raffles Dental Clinics
   - Dental oral care package at $150 (GP dentist)
      - Includes oral examination and diagnosis
      - Scaling and polishing
      - Topical fluoride
- Teeth whitening (GP dentist)
- In-office whitening at $968
- Take-home teeth whitening kit at $418
Consumables fees of $19.62 applies separately for each dental visit.

PASSION SILVER / PLATINUM MEMBERSHIP PRIVILEGES:
- General Practice (GP) Services at Raffles Medical Clinics
- GP consult at $14
A practice cost applies separately for each GP visit
- Flu vaccination at $26 per dose
- Raffles Enhanced Health Screening at Raffles Health Screeners          
  - refer to listing for prices
*Available at Raffles Health Screeners at Raffles Hospital, Raffles Holland V and Shaw Centre.
**Available at Raffles Health Screeners at Raffles Hospital.
        
- Dental Services at Raffles Dental (GP) Clinics:
- Dental oral care package at $150 (GP dentist)
- Includes oral examination and diagnosis
- Teeth whitening (GP dentist)
- In-office whitening at $968
- Take-home teeth whitening kit at $418
Consumables fees of $19.62 applies separately for each dental visit.","healthcare, medical clinic, doctors, health screening, family medicine, specialist care",Not verified
Raffles Medical,"Raffles Medical: Blk 177 Toa Payoh Central, #01-170",310177,-,-,"BLACK PASSION MEMBERSHIP PRIVILEGES:
- General Practice (GP) Services at Raffles Medical Clinics:
  - GP consult at $14
A practice cost applies separately for each GP visit
- Flu vaccination at $28 per dose
- Raffles Enhanced Health Screening at Raffles Health Screeners     
   - refer to listing for prices
* Available at Raffles Health Screeners at Raffles Hospital, Raffles Holland V and Shaw Centre.
** Available at Raffles Health Screeners at Raffles Hospital.
- Dental Services at Raffles Dental Clinics
   - Dental oral care package at $150 (GP dentist)
      - Includes oral examination and diagnosis
      - Scaling and polishing
      - Topical fluoride
- Teeth whitening (GP dentist)
- In-office whitening at $968
- Take-home teeth whitening kit at $418
Consumables fees of $19.62 applies separately for each dental visit.

PASSION SILVER / PLATINUM MEMBERSHIP PRIVILEGES:
- General Practice (GP) Services at Raffles Medical Clinics
- GP consult at $14
A practice cost applies separately for each GP visit
- Flu vaccination at $26 per dose
- Raffles Enhanced Health Screening at Raffles Health Screeners          
  - refer to listing for prices
*Available at Raffles Health Screeners at Raffles Hospital, Raffles Holland V and Shaw Centre.
**Available at Raffles Health Screeners at Raffles Hospital.
        
- Dental Services at Raffles Dental (GP) Clinics:
- Dental oral care package at $150 (GP dentist)
- Includes oral examination and diagnosis
- Teeth whitening (GP dentist)
- In-office whitening at $968
- Take-home teeth whitening kit at $418
Consumables fees of $19.62 applies separately for each dental visit.","healthcare, medical clinic, doctors, health screening, family medicine, specialist care",Not verified
Raffles Medical,"Raffles Medical: Waterway Point, 83 Punggol Central, #02-29",828761,-,-,"BLACK PASSION MEMBERSHIP PRIVILEGES:
- General Practice (GP) Services at Raffles Medical Clinics:
  - GP consult at $14
A practice cost applies separately for each GP visit
- Flu vaccination at $28 per dose
- Raffles Enhanced Health Screening at Raffles Health Screeners     
   - refer to listing for prices
* Available at Raffles Health Screeners at Raffles Hospital, Raffles Holland V and Shaw Centre.
** Available at Raffles Health Screeners at Raffles Hospital.
- Dental Services at Raffles Dental Clinics
   - Dental oral care package at $150 (GP dentist)
      - Includes oral examination and diagnosis
      - Scaling and polishing
      - Topical fluoride
- Teeth whitening (GP dentist)
- In-office whitening at $968
- Take-home teeth whitening kit at $418
Consumables fees of $19.62 applies separately for each dental visit.

PASSION SILVER / PLATINUM MEMBERSHIP PRIVILEGES:
- General Practice (GP) Services at Raffles Medical Clinics
- GP consult at $14
A practice cost applies separately for each GP visit
- Flu vaccination at $26 per dose
- Raffles Enhanced Health Screening at Raffles Health Screeners          
  - refer to listing for prices
*Available at Raffles Health Screeners at Raffles Hospital, Raffles Holland V and Shaw Centre.
**Available at Raffles Health Screeners at Raffles Hospital.
        
- Dental Services at Raffles Dental (GP) Clinics:
- Dental oral care package at $150 (GP dentist)
- Includes oral examination and diagnosis
- Teeth whitening (GP dentist)
- In-office whitening at $968
- Take-home teeth whitening kit at $418
Consumables fees of $19.62 applies separately for each dental visit.","healthcare, medical clinic, doctors, health screening, family medicine, specialist care",Not verified
Raffles Medical,"Raffles Medical and Raffles Dental: White Sands, 1 Pasir Ris Central Street 3, #04-19",518457,-,-,"BLACK PASSION MEMBERSHIP PRIVILEGES:
- General Practice (GP) Services at Raffles Medical Clinics:
  - GP consult at $14
A practice cost applies separately for each GP visit
- Flu vaccination at $28 per dose
- Raffles Enhanced Health Screening at Raffles Health Screeners     
   - refer to listing for prices
* Available at Raffles Health Screeners at Raffles Hospital, Raffles Holland V and Shaw Centre.
** Available at Raffles Health Screeners at Raffles Hospital.
- Dental Services at Raffles Dental Clinics
   - Dental oral care package at $150 (GP dentist)
      - Includes oral examination and diagnosis
      - Scaling and polishing
      - Topical fluoride
- Teeth whitening (GP dentist)
- In-office whitening at $968
- Take-home teeth whitening kit at $418
Consumables fees of $19.62 applies separately for each dental visit.

PASSION SILVER / PLATINUM MEMBERSHIP PRIVILEGES:
- General Practice (GP) Services at Raffles Medical Clinics
- GP consult at $14
A practice cost applies separately for each GP visit
- Flu vaccination at $26 per dose
- Raffles Enhanced Health Screening at Raffles Health Screeners          
  - refer to listing for prices
*Available at Raffles Health Screeners at Raffles Hospital, Raffles Holland V and Shaw Centre.
**Available at Raffles Health Screeners at Raffles Hospital.
        
- Dental Services at Raffles Dental (GP) Clinics:
- Dental oral care package at $150 (GP dentist)
- Includes oral examination and diagnosis
- Teeth whitening (GP dentist)
- In-office whitening at $968
- Take-home teeth whitening kit at $418
Consumables fees of $19.62 applies separately for each dental visit.","healthcare, medical clinic, doctors, health screening, family medicine, specialist care",Not verified
Raffles Medical,"Raffles Medical: 21 Choa Chu Kang North 6, #01-02, Yew Tee Point",689578,-,-,"BLACK PASSION MEMBERSHIP PRIVILEGES:
- General Practice (GP) Services at Raffles Medical Clinics:
  - GP consult at $14
A practice cost applies separately for each GP visit
- Flu vaccination at $28 per dose
- Raffles Enhanced Health Screening at Raffles Health Screeners     
   - refer to listing for prices
* Available at Raffles Health Screeners at Raffles Hospital, Raffles Holland V and Shaw Centre.
** Available at Raffles Health Screeners at Raffles Hospital.
- Dental Services at Raffles Dental Clinics
   - Dental oral care package at $150 (GP dentist)
      - Includes oral examination and diagnosis
      - Scaling and polishing
      - Topical fluoride
- Teeth whitening (GP dentist)
- In-office whitening at $968
- Take-home teeth whitening kit at $418
Consumables fees of $19.62 applies separately for each dental visit.

PASSION SILVER / PLATINUM MEMBERSHIP PRIVILEGES:
- General Practice (GP) Services at Raffles Medical Clinics
- GP consult at $14
A practice cost applies separately for each GP visit
- Flu vaccination at $26 per dose
- Raffles Enhanced Health Screening at Raffles Health Screeners          
  - refer to listing for prices
*Available at Raffles Health Screeners at Raffles Hospital, Raffles Holland V and Shaw Centre.
**Available at Raffles Health Screeners at Raffles Hospital.
        
- Dental Services at Raffles Dental (GP) Clinics:
- Dental oral care package at $150 (GP dentist)
- Includes oral examination and diagnosis
- Teeth whitening (GP dentist)
- In-office whitening at $968
- Take-home teeth whitening kit at $418
Consumables fees of $19.62 applies separately for each dental visit.","healthcare, medical clinic, doctors, health screening, family medicine, specialist care",Not verified
Redman by Phoon Huat,"422 Ang Mo Kio Avenue 3, #01-2526",560422,1/12/2025,30/11/2026,"PASSION MEMBERSHIP PRIVILEGE:
- 10% off with a minimum spending of $30 in a single receipt","baking, ingredients, cakes, pastry, cooking, kitchen, baking supplies, food ingredients",Not verified
Redman by Phoon Huat,"Heartbeat@Bedok, 11 Bedok North Street 1, #01-24",469662,1/12/2025,30/11/2026,"PASSION MEMBERSHIP PRIVILEGE:
- 10% off with a minimum spending of $30 in a single receipt","baking, ingredients, cakes, pastry, cooking, kitchen, baking supplies, food ingredients",Not verified
Redman by Phoon Huat,171 Bencoolen Street,189641,1/12/2025,30/11/2026,"PASSION MEMBERSHIP PRIVILEGE:
- 10% off with a minimum spending of $30 in a single receipt","baking, ingredients, cakes, pastry, cooking, kitchen, baking supplies, food ingredients",Not verified
Redman by Phoon Huat,"162 Bukit Merah Central, #01-3543/3545",150162,1/12/2025,30/11/2026,"PASSION MEMBERSHIP PRIVILEGE:
- 10% off with a minimum spending of $30 in a single receipt","baking, ingredients, cakes, pastry, cooking, kitchen, baking supplies, food ingredients",Not verified
Redman by Phoon Huat,"1 Jelebu Road, #01-33/34",677743,1/12/2025,30/11/2026,"PASSION MEMBERSHIP PRIVILEGE:
- 10% off with a minimum spending of $30 in a single receipt","baking, ingredients, cakes, pastry, cooking, kitchen, baking supplies, food ingredients",Not verified
Redman by Phoon Huat,"Chong Pang, 103 Yishun Ring Road, #01-77",760103,1/12/2025,30/11/2026,"PASSION MEMBERSHIP PRIVILEGE:
- 10% off with a minimum spending of $30 in a single receipt","baking, ingredients, cakes, pastry, cooking, kitchen, baking supplies, food ingredients",Not verified
Redman by Phoon Huat,"432 Clementi Avenue 3, #01 292/294",120432,1/12/2025,30/11/2026,"PASSION MEMBERSHIP PRIVILEGE:
- 10% off with a minimum spending of $30 in a single receipt","baking, ingredients, cakes, pastry, cooking, kitchen, baking supplies, food ingredients",Not verified
Redman by Phoon Huat,"Holland Village, 44 Jalan Merah Saga, #01-44, Chip Bee Gardens",278116,1/12/2025,30/11/2026,"PASSION MEMBERSHIP PRIVILEGE:
- 10% off with a minimum spending of $30 in a single receipt","baking, ingredients, cakes, pastry, cooking, kitchen, baking supplies, food ingredients",Not verified
Redman by Phoon Huat,"804 Hougang Central, #01-134",530804,1/12/2025,30/11/2026,"PASSION MEMBERSHIP PRIVILEGE:
- 10% off with a minimum spending of $30 in a single receipt","baking, ingredients, cakes, pastry, cooking, kitchen, baking supplies, food ingredients",Not verified
Redman by Phoon Huat,"302 Woodlands Street 31, #01-273",730302,1/12/2025,30/11/2026,"PASSION MEMBERSHIP PRIVILEGE:
- 10% off with a minimum spending of $30 in a single receipt","baking, ingredients, cakes, pastry, cooking, kitchen, baking supplies, food ingredients",Not verified
Redman by Phoon Huat,"Northshore Plaza, 407 Northshore Drive, #02-23",820407,1/12/2025,30/11/2026,"PASSION MEMBERSHIP PRIVILEGE:
- 10% off with a minimum spending of $30 in a single receipt","baking, ingredients, cakes, pastry, cooking, kitchen, baking supplies, food ingredients",Not verified
Redman by Phoon Huat,"Parkway Parade, 80 Marine Parade Rd, B1-83C",449269,1/12/2025,30/11/2026,"PASSION MEMBERSHIP PRIVILEGE:
- 10% off with a minimum spending of $30 in a single receipt","baking, ingredients, cakes, pastry, cooking, kitchen, baking supplies, food ingredients",Not verified
Redman by Phoon Huat,"Pasir Ris Mall, 7 Pasir Ris Central, #02-26",519612,1/12/2025,30/11/2026,"PASSION MEMBERSHIP PRIVILEGE:
- 10% off with a minimum spending of $30 in a single receipt","baking, ingredients, cakes, pastry, cooking, kitchen, baking supplies, food ingredients",Not verified
Redman by Phoon Huat,"204 Serangoon Central, #01-108",550204,1/12/2025,30/11/2026,"PASSION MEMBERSHIP PRIVILEGE:
- 10% off with a minimum spending of $30 in a single receipt","baking, ingredients, cakes, pastry, cooking, kitchen, baking supplies, food ingredients",Not verified
Redman by Phoon Huat,"248 Simei Street 3, #01-120",520248,1/12/2025,30/11/2026,"PASSION MEMBERSHIP PRIVILEGE:
- 10% off with a minimum spending of $30 in a single receipt","baking, ingredients, cakes, pastry, cooking, kitchen, baking supplies, food ingredients",Not verified
Redman by Phoon Huat,"1 Sims Lane, #01-10/11",387355,1/12/2025,30/11/2026,"PASSION MEMBERSHIP PRIVILEGE:
- 10% off with a minimum spending of $30 in a single receipt","baking, ingredients, cakes, pastry, cooking, kitchen, baking supplies, food ingredients",Not verified
Redman by Phoon Huat,"The Star Vista, 1 Vista Exchange Green, #B1-14/15",138617,1/12/2025,30/11/2026,"PASSION MEMBERSHIP PRIVILEGE:
- 10% off with a minimum spending of $30 in a single receipt","baking, ingredients, cakes, pastry, cooking, kitchen, baking supplies, food ingredients",Not verified
Redman by Phoon Huat,"107 Lorong 1 Toa Payoh, #01-270",310107,1/12/2025,30/11/2026,"PASSION MEMBERSHIP PRIVILEGE:
- 10% off with a minimum spending of $30 in a single receipt","baking, ingredients, cakes, pastry, cooking, kitchen, baking supplies, food ingredients",Not verified
Redman by Phoon Huat,"Westgate, 3 Gateway Drive, #B1-23",608532,1/12/2025,30/11/2026,"PASSION MEMBERSHIP PRIVILEGE:
- 10% off with a minimum spending of $30 in a single receipt","baking, ingredients, cakes, pastry, cooking, kitchen, baking supplies, food ingredients",Not verified
Ritz Apple Strudel,"AMK Hub, 53 Ang Mo Kio Avenue 3, #B2-30",569933,1/9/2025,31/12/2026,"PASSION MEMBERSHIP PRIVILEGE:
- 10% off with a minimum spending of $20","food, bakery, apple strudel, cakes, pastries, desserts, European desserts, gifting",Not verified
Ritz Apple Strudel,"Bedok Mall, 311 New Upper Changi Road, #B2-K8",467360,1/9/2025,31/12/2026,"PASSION MEMBERSHIP PRIVILEGE:
- 10% off with a minimum spending of $20","food, bakery, apple strudel, cakes, pastries, desserts, European desserts, gifting",Not verified
Ritz Apple Strudel,"Bugis Junction, 200 Victoria Street, #B1-K12",188021,1/9/2025,31/12/2026,"PASSION MEMBERSHIP PRIVILEGE:
- 10% off with a minimum spending of $20","food, bakery, apple strudel, cakes, pastries, desserts, European desserts, gifting",Not verified
Ritz Apple Strudel,"Great World City, 1 Kim Seng Promenade, #B1-K129",237994,1/9/2025,31/12/2026,"PASSION MEMBERSHIP PRIVILEGE:
- 10% off with a minimum spending of $20","food, bakery, apple strudel, cakes, pastries, desserts, European desserts, gifting",Not verified
Ritz Apple Strudel,"Hillion Mall, 17 Petir Road, #B2-K2",678278,1/9/2025,31/12/2026,"PASSION MEMBERSHIP PRIVILEGE:
- 10% off with a minimum spending of $20","food, bakery, apple strudel, cakes, pastries, desserts, European desserts, gifting",Not verified
Ritz Apple Strudel,"NEX, 23 Serangoon Central, #03-K9",556083,1/9/2025,31/12/2026,"PASSION MEMBERSHIP PRIVILEGE:
- 10% off with a minimum spending of $20","food, bakery, apple strudel, cakes, pastries, desserts, European desserts, gifting",Not verified
Ritz Apple Strudel,"Ng Teng Fong General Hospital, 1 Jurong East Street 21, #02-29, Tower A",609606,1/9/2025,31/12/2026,"PASSION MEMBERSHIP PRIVILEGE:
- 10% off with a minimum spending of $20","food, bakery, apple strudel, cakes, pastries, desserts, European desserts, gifting",Not verified
Ritz Apple Strudel,"Tampines Mall, 4 Tampines Central 5, #B1-K24",529510,1/9/2025,31/12/2026,"PASSION MEMBERSHIP PRIVILEGE:
- 10% off with a minimum spending of $20","food, bakery, apple strudel, cakes, pastries, desserts, European desserts, gifting",Not verified
Ritz Apple Strudel,"West Mall, 1 Bukit Batok Central, #B1-K2",658713,1/9/2025,31/12/2026,"PASSION MEMBERSHIP PRIVILEGE:
- 10% off with a minimum spending of $20","food, bakery, apple strudel, cakes, pastries, desserts, European desserts, gifting",Not verified
Royal Albatross Tall Ship,"8 Sentosa Gateway, Adventure Cove Water Park, RWS",98269,1/4/2026,31/3/2027,"BLACK PASSION MEMBERSHIP PRIVILEGES:
- 10% off Breakfast Buffet (U.P. $150++ per Adult, U.P. $95++ per Child)
- 10% off Sunset & City Lights Sail - Dinner Cruise (U.P. $245++ per Adult, U.P. $125++ per Child)

PASSION SILVER / PLATINUM MEMBERSHIP PRIVILEGES:
- 15% off Breakfast Buffet (U.P. $150++ per Adult, U.P. $95++ per Child)
- 15% off Sunset & City Lights Sail - Dinner Cruise (U.P. $245++ per Adult, U.P. $125++ per Child)","travel, attractions, cruise, sailing, yacht, sightseeing, dinner cruise, family, tourism",Not verified
Royce Dental Surgery,"ROYCE DENTAL SURGERY @ BISHAN: Blk 501 Bishan Street 11, #01-372",570501,-,-,"PASSION MEMBERSHIP PRIVILEGES:
- Consultation - $18 - $45
- Scaling and Polishing - $54 - $135
- Fluoride Treatment - $31.50
- Dental Fillings - $45 - $162
- Extractions- $58.50 - $360
- Retainers - From $198
- Wisdom Tooth Surgery - $382.50 - $1,440","dental, dentist, oral care, dental treatment, braces",Not verified
Royce Dental Surgery,"ROYCE DENTAL SURGERY @ Beauty World Plaza: 140, Upper Bukit Timah Road, #02-09",588176,-,-,"PASSION MEMBERSHIP PRIVILEGES:
- Consultation - $18 - $45
- Scaling and Polishing - $54 - $135
- Fluoride Treatment - $31.50
- Dental Fillings - $45 - $162
- Extractions- $58.50 - $360
- Retainers - From $198
- Wisdom Tooth Surgery - $382.50 - $1,440","dental, dentist, oral care, dental treatment, braces",Not verified
Royce Dental Surgery,"ROYCE DENTAL SURGERY @ BEDOK: Blk 214 Bedok North Street 1, #01-177",460214,-,-,"PASSION MEMBERSHIP PRIVILEGES:
- Consultation - $18 - $45
- Scaling and Polishing - $54 - $135
- Fluoride Treatment - $31.50
- Dental Fillings - $45 - $162
- Extractions- $58.50 - $360
- Retainers - From $198
- Wisdom Tooth Surgery - $382.50 - $1,440","dental, dentist, oral care, dental treatment, braces",Not verified
Royce Dental Surgery,"ROYCE DENTAL SURGERY @ BEDOK BOUGAINVILLEA: 18 Bedok South Road, #01-75",460018,-,-,"PASSION MEMBERSHIP PRIVILEGES:
- Consultation - $18 - $45
- Scaling and Polishing - $54 - $135
- Fluoride Treatment - $31.50
- Dental Fillings - $45 - $162
- Extractions- $58.50 - $360
- Retainers - From $198
- Wisdom Tooth Surgery - $382.50 - $1,440","dental, dentist, oral care, dental treatment, braces",Not verified
Royce Dental Surgery,"ROYCE DENTAL SURGERY @ BUKIT BATOK: Blk 150 Bukit Batok Street 11, #01-232",650150,-,-,"PASSION MEMBERSHIP PRIVILEGES:
- Consultation - $18 - $45
- Scaling and Polishing - $54 - $135
- Fluoride Treatment - $31.50
- Dental Fillings - $45 - $162
- Extractions- $58.50 - $360
- Retainers - From $198
- Wisdom Tooth Surgery - $382.50 - $1,440","dental, dentist, oral care, dental treatment, braces",Not verified
Royce Dental Surgery,"ROYCE DENTAL ORTHODONTIC CENTRE @ THE CLEMENTI MALL: 3155 Commonwealth Avenue West, #04-09",129588,-,-,"PASSION MEMBERSHIP PRIVILEGES:
- Consultation - $18 - $45
- Scaling and Polishing - $54 - $135
- Fluoride Treatment - $31.50
- Dental Fillings - $45 - $162
- Extractions- $58.50 - $360
- Retainers - From $198
- Wisdom Tooth Surgery - $382.50 - $1,440","dental, dentist, oral care, dental treatment, braces",Not verified
Royce Dental Surgery,"ROYCE DENTAL SURGERY @ EASTWOOD: 20 Eastwood Road, #01-12",486442,-,-,"PASSION MEMBERSHIP PRIVILEGES:
- Consultation - $18 - $45
- Scaling and Polishing - $54 - $135
- Fluoride Treatment - $31.50
- Dental Fillings - $45 - $162
- Extractions- $58.50 - $360
- Retainers - From $198
- Wisdom Tooth Surgery - $382.50 - $1,440","dental, dentist, oral care, dental treatment, braces",Not verified
Royce Dental Surgery,"ROYCE DENTAL SURGERY @ JEM: 50 Jurong Gateway Road, #04-16",608549,-,-,"PASSION MEMBERSHIP PRIVILEGES:
- Consultation - $18 - $45
- Scaling and Polishing - $54 - $135
- Fluoride Treatment - $31.50
- Dental Fillings - $45 - $162
- Extractions- $58.50 - $360
- Retainers - From $198
- Wisdom Tooth Surgery - $382.50 - $1,440","dental, dentist, oral care, dental treatment, braces",Not verified
Royce Dental Surgery,"ROYCE DENTAL CENTRE @ KALLANG LEISURE PARK: 5 Stadium Walk, #02-19/20",397693,-,-,"PASSION MEMBERSHIP PRIVILEGES:
- Consultation - $18 - $45
- Scaling and Polishing - $54 - $135
- Fluoride Treatment - $31.50
- Dental Fillings - $45 - $162
- Extractions- $58.50 - $360
- Retainers - From $198
- Wisdom Tooth Surgery - $382.50 - $1,440","dental, dentist, oral care, dental treatment, braces",Not verified
Royce Dental Surgery,"ROYCE DENTAL CENTRE @ KATONG i12 Mall: 112 East Coast Road, #03-10/11",428802,-,-,"PASSION MEMBERSHIP PRIVILEGES:
- Consultation - $18 - $45
- Scaling and Polishing - $54 - $135
- Fluoride Treatment - $31.50
- Dental Fillings - $45 - $162
- Extractions- $58.50 - $360
- Retainers - From $198
- Wisdom Tooth Surgery - $382.50 - $1,440","dental, dentist, oral care, dental treatment, braces",Not verified
Royce Dental Surgery,"ROYCE DENTAL CENTRE @ RAFFLES PLACE: 1 Marina Boulevard, #B1-04",18989,-,-,"PASSION MEMBERSHIP PRIVILEGES:
- Consultation - $18 - $45
- Scaling and Polishing - $54 - $135
- Fluoride Treatment - $31.50
- Dental Fillings - $45 - $162
- Extractions- $58.50 - $360
- Retainers - From $198
- Wisdom Tooth Surgery - $382.50 - $1,440","dental, dentist, oral care, dental treatment, braces",Not verified
Royce Dental Surgery,"ROYCE DENTAL CENTRE @ SERANGOON GARDENS: 78 Serangoon Garden Way, #01-00",555974,-,-,"PASSION MEMBERSHIP PRIVILEGES:
- Consultation - $18 - $45
- Scaling and Polishing - $54 - $135
- Fluoride Treatment - $31.50
- Dental Fillings - $45 - $162
- Extractions- $58.50 - $360
- Retainers - From $198
- Wisdom Tooth Surgery - $382.50 - $1,440","dental, dentist, oral care, dental treatment, braces",Not verified
Royce Dental Surgery,"ROYCE DENTAL CENTRE @ TAMPINES 1, 10 Tampines Central 1, #05-12/13",529536,-,-,"PASSION MEMBERSHIP PRIVILEGES:
- Consultation - $18 - $45
- Scaling and Polishing - $54 - $135
- Fluoride Treatment - $31.50
- Dental Fillings - $45 - $162
- Extractions- $58.50 - $360
- Retainers - From $198
- Wisdom Tooth Surgery - $382.50 - $1,440","dental, dentist, oral care, dental treatment, braces",Not verified
Royce Dental Surgery,"ROYCE DENTAL ORTHODONTIC CENTRE @ THE SELETAR MALL: 33 Sengkang West Avenue, #04-13",797653,-,-,"PASSION MEMBERSHIP PRIVILEGES:
- Consultation - $18 - $45
- Scaling and Polishing - $54 - $135
- Fluoride Treatment - $31.50
- Dental Fillings - $45 - $162
- Extractions- $58.50 - $360
- Retainers - From $198
- Wisdom Tooth Surgery - $382.50 - $1,440","dental, dentist, oral care, dental treatment, braces",Not verified
Royce Dental Surgery,"ROYCE DENTAL CENTRE @ TIONG BAHRU PLAZA: 302 Tiong Bahru Road, #01-162/163/164",168732,-,-,"PASSION MEMBERSHIP PRIVILEGES:
- Consultation - $18 - $45
- Scaling and Polishing - $54 - $135
- Fluoride Treatment - $31.50
- Dental Fillings - $45 - $162
- Extractions- $58.50 - $360
- Retainers - From $198
- Wisdom Tooth Surgery - $382.50 - $1,440","dental, dentist, oral care, dental treatment, braces",Not verified
Royce Dental Surgery,"ROYCE DENTAL SURGERY @ YISHUN: 160 Yishun Street 11, #01-204",760160,-,-,"PASSION MEMBERSHIP PRIVILEGES:
- Consultation - $18 - $45
- Scaling and Polishing - $54 - $135
- Fluoride Treatment - $31.50
- Dental Fillings - $45 - $162
- Extractions- $58.50 - $360
- Retainers - From $198
- Wisdom Tooth Surgery - $382.50 - $1,440","dental, dentist, oral care, dental treatment, braces",Not verified
Royce Dental Surgery,"ROYCE DENTAL SURGERY @ ZHONGSHAN MALL: 20 Ah Hood Road, #02-03",329984,-,-,"PASSION MEMBERSHIP PRIVILEGES:
- Consultation - $18 - $45
- Scaling and Polishing - $54 - $135
- Fluoride Treatment - $31.50
- Dental Fillings - $45 - $162
- Extractions- $58.50 - $360
- Retainers - From $198
- Wisdom Tooth Surgery - $382.50 - $1,440","dental, dentist, oral care, dental treatment, braces",Not verified
Royce Dental Surgery,"ROYCE DENTAL SURGERY @ CLEMENTI: Blk 328 Clementi Avenue 2, #01-206",120328,-,-,"PASSION MEMBERSHIP PRIVILEGES:
- Consultation - $18 - $45
- Scaling and Polishing - $54 - $135
- Fluoride Treatment - $31.50
- Dental Fillings - $45 - $162
- Extractions- $58.50 - $360
- Retainers - From $198
- Wisdom Tooth Surgery - $382.50 - $1,440","dental, dentist, oral care, dental treatment, braces",Not verified
Royce Dental Surgery,"ROYCE DENTAL SURGERY @ GHIM MOH: Blk 21 Ghim Moh Road, #01-203",270021,-,-,"PASSION MEMBERSHIP PRIVILEGES:
- Consultation - $18 - $45
- Scaling and Polishing - $54 - $135
- Fluoride Treatment - $31.50
- Dental Fillings - $45 - $162
- Extractions- $58.50 - $360
- Retainers - From $198
- Wisdom Tooth Surgery - $382.50 - $1,440","dental, dentist, oral care, dental treatment, braces",Not verified
Royce Dental Surgery,ROYCE DENTAL AESTHETIC AND IMPLANT CENTRE @ HOLLAND VILLAGE: 8A Lorong Mambong,277674,-,-,"PASSION MEMBERSHIP PRIVILEGES:
- Consultation - $18 - $45
- Scaling and Polishing - $54 - $135
- Fluoride Treatment - $31.50
- Dental Fillings - $45 - $162
- Extractions- $58.50 - $360
- Retainers - From $198
- Wisdom Tooth Surgery - $382.50 - $1,440","dental, dentist, oral care, dental treatment, braces",Not verified
Royce Dental Surgery,"ROYCE DENTAL SURGERY @ THE WOODLEIGH MALL: 11 Bidadari Park Drive, #02-11/12",367803,-,-,"PASSION MEMBERSHIP PRIVILEGES:
- Consultation - $18 - $45
- Scaling and Polishing - $54 - $135
- Fluoride Treatment - $31.50
- Dental Fillings - $45 - $162
- Extractions- $58.50 - $360
- Retainers - From $198
- Wisdom Tooth Surgery - $382.50 - $1,440","dental, dentist, oral care, dental treatment, braces",Not verified
Royce Dental Surgery,ROYCE DENTAL SURGERY @ KOVAN: 951 Upper Serangoon Road,534714,-,-,"PASSION MEMBERSHIP PRIVILEGES:
- Consultation - $18 - $45
- Scaling and Polishing - $54 - $135
- Fluoride Treatment - $31.50
- Dental Fillings - $45 - $162
- Extractions- $58.50 - $360
- Retainers - From $198
- Wisdom Tooth Surgery - $382.50 - $1,440","dental, dentist, oral care, dental treatment, braces",Not verified
Royce Dental Surgery,"ROYCE DENTAL SURGERY @ MARINE PARADE: 80 Marine Parade Road, #05-23",449269,-,-,"PASSION MEMBERSHIP PRIVILEGES:
- Consultation - $18 - $45
- Scaling and Polishing - $54 - $135
- Fluoride Treatment - $31.50
- Dental Fillings - $45 - $162
- Extractions- $58.50 - $360
- Retainers - From $198
- Wisdom Tooth Surgery - $382.50 - $1,440","dental, dentist, oral care, dental treatment, braces",Not verified
Royce Dental Surgery,"ROYCE DENTAL SURGERY @ SEMBAWANG: Blk 361 Sembawang Crescent, #01-08",750361,-,-,"PASSION MEMBERSHIP PRIVILEGES:
- Consultation - $18 - $45
- Scaling and Polishing - $54 - $135
- Fluoride Treatment - $31.50
- Dental Fillings - $45 - $162
- Extractions- $58.50 - $360
- Retainers - From $198
- Wisdom Tooth Surgery - $382.50 - $1,440","dental, dentist, oral care, dental treatment, braces",Not verified
Royce Dental Surgery,"ROYCE DENTAL SURGERY @ TAMPINES: Blk 601B Tampines Avenue 9, #01-07",522601,-,-,"PASSION MEMBERSHIP PRIVILEGES:
- Consultation - $18 - $45
- Scaling and Polishing - $54 - $135
- Fluoride Treatment - $31.50
- Dental Fillings - $45 - $162
- Extractions- $58.50 - $360
- Retainers - From $198
- Wisdom Tooth Surgery - $382.50 - $1,440","dental, dentist, oral care, dental treatment, braces",Not verified
Royce Dental Surgery,"ROYCE DENTAL SURGERY @ WOODLANDS: Blk 371 Woodlands Avenue 1, #01-821",730371,-,-,"PASSION MEMBERSHIP PRIVILEGES:
- Consultation - $18 - $45
- Scaling and Polishing - $54 - $135
- Fluoride Treatment - $31.50
- Dental Fillings - $45 - $162
- Extractions- $58.50 - $360
- Retainers - From $198
- Wisdom Tooth Surgery - $382.50 - $1,440","dental, dentist, oral care, dental treatment, braces",Not verified
Sakae Sushi,"Tradehub 21, 28 Boon Lay Way, #01-175/176",609971,1/12/2025,30/11/2026,"PASSION MEMBERSHIP PRIVILEGE:
- 10% off total bill","food, Japanese food, sushi, sashimi, bento, ramen, rice, restaurant",Not verified
SALADSTOP!,"Capital Tower, 168 Robinson Road, #01-05",68912,1/4/2026,31/12/2026,"PASSION MEMBERSHIP PRIVILEGES:
- In-store: 10% off total bill with no minimum spending, capped at $20
- Online: 10% off total bill with no minimum spending, capped at $20 (Promo code: PASSION10)","food, healthy food, salads, wraps, bowls, vegetables, wellness, lunch, takeaway",Not verified
SALADSTOP!,"CapitaSpring, 86 Market Street, #01-03",48948,1/4/2026,31/12/2026,"PASSION MEMBERSHIP PRIVILEGES:
- In-store: 10% off total bill with no minimum spending, capped at $20
- Online: 10% off total bill with no minimum spending, capped at $20 (Promo code: PASSION10)","food, healthy food, salads, wraps, bowls, vegetables, wellness, lunch, takeaway",Not verified
SALADSTOP!,"Dhoby Ghaut, 11 Orchard Road, #B1-21",238826,1/4/2026,31/12/2026,"PASSION MEMBERSHIP PRIVILEGES:
- In-store: 10% off total bill with no minimum spending, capped at $20
- Online: 10% off total bill with no minimum spending, capped at $20 (Promo code: PASSION10)","food, healthy food, salads, wraps, bowls, vegetables, wellness, lunch, takeaway",Not verified
SALADSTOP!,"DUO Galleria, 7 Fraser Street, #01-58",189356,1/4/2026,31/12/2026,"PASSION MEMBERSHIP PRIVILEGES:
- In-store: 10% off total bill with no minimum spending, capped at $20
- Online: 10% off total bill with no minimum spending, capped at $20 (Promo code: PASSION10)","food, healthy food, salads, wraps, bowls, vegetables, wellness, lunch, takeaway",Not verified
SALADSTOP!,"ESR BIZPARK @ Changi, 6 Changi Business Park Avenue 1, #01-26",486017,1/4/2026,31/12/2026,"PASSION MEMBERSHIP PRIVILEGES:
- In-store: 10% off total bill with no minimum spending, capped at $20
- Online: 10% off total bill with no minimum spending, capped at $20 (Promo code: PASSION10)","food, healthy food, salads, wraps, bowls, vegetables, wellness, lunch, takeaway",Not verified
SALADSTOP!,"Fusionopolis, 1 Fusionopolis Way, #01-02, Conexis",138632,1/4/2026,31/12/2026,"PASSION MEMBERSHIP PRIVILEGES:
- In-store: 10% off total bill with no minimum spending, capped at $20
- Online: 10% off total bill with no minimum spending, capped at $20 (Promo code: PASSION10)","food, healthy food, salads, wraps, bowls, vegetables, wellness, lunch, takeaway",Not verified
SALADSTOP!,"Great World City, 1 Kim Seng Promenade, #B1-128",237994,1/4/2026,31/12/2026,"PASSION MEMBERSHIP PRIVILEGES:
- In-store: 10% off total bill with no minimum spending, capped at $20
- Online: 10% off total bill with no minimum spending, capped at $20 (Promo code: PASSION10)","food, healthy food, salads, wraps, bowls, vegetables, wellness, lunch, takeaway",Not verified
SALADSTOP!,"Havelock, 735 Havelock Road",169652,1/4/2026,31/12/2026,"PASSION MEMBERSHIP PRIVILEGES:
- In-store: 10% off total bill with no minimum spending, capped at $20
- Online: 10% off total bill with no minimum spending, capped at $20 (Promo code: PASSION10)","food, healthy food, salads, wraps, bowls, vegetables, wellness, lunch, takeaway",Not verified
SALADSTOP!,"Katong, 228 Tanjong Katong Road",437016,1/4/2026,31/12/2026,"PASSION MEMBERSHIP PRIVILEGES:
- In-store: 10% off total bill with no minimum spending, capped at $20
- Online: 10% off total bill with no minimum spending, capped at $20 (Promo code: PASSION10)","food, healthy food, salads, wraps, bowls, vegetables, wellness, lunch, takeaway",Not verified
SALADSTOP!,"Marina Bay Link Mall, 8A Marina Boulevard, #B2-13",18984,1/4/2026,31/12/2026,"PASSION MEMBERSHIP PRIVILEGES:
- In-store: 10% off total bill with no minimum spending, capped at $20
- Online: 10% off total bill with no minimum spending, capped at $20 (Promo code: PASSION10)","food, healthy food, salads, wraps, bowls, vegetables, wellness, lunch, takeaway",Not verified
SALADSTOP!,"Metropolis, 9 North Buona Vista Drive, #01-16",138588,1/4/2026,31/12/2026,"PASSION MEMBERSHIP PRIVILEGES:
- In-store: 10% off total bill with no minimum spending, capped at $20
- Online: 10% off total bill with no minimum spending, capped at $20 (Promo code: PASSION10)","food, healthy food, salads, wraps, bowls, vegetables, wellness, lunch, takeaway",Not verified
SALADSTOP!,"Novena Square, 238 Thomson Road, #02-24",307683,1/4/2026,31/12/2026,"PASSION MEMBERSHIP PRIVILEGES:
- In-store: 10% off total bill with no minimum spending, capped at $20
- Online: 10% off total bill with no minimum spending, capped at $20 (Promo code: PASSION10)","food, healthy food, salads, wraps, bowls, vegetables, wellness, lunch, takeaway",Not verified
SALADSTOP!,"One George Street, 1 George Street, #01-01",49145,1/4/2026,31/12/2026,"PASSION MEMBERSHIP PRIVILEGES:
- In-store: 10% off total bill with no minimum spending, capped at $20
- Online: 10% off total bill with no minimum spending, capped at $20 (Promo code: PASSION10)","food, healthy food, salads, wraps, bowls, vegetables, wellness, lunch, takeaway",Not verified
Science Centre Singapore,"Science Centre, 15 Science Centre Road",609081,1/2/2026,31/1/2027,"PASSION MEMBERSHIP PRIVILEGE:
- 10% off Science Centre x Omni-Theatre Combo tickets (Promo code: OTSCSPA10)","education, science, museum, learning, family, school, STEM, attractions",Not verified
Secret Recipe,"Toa Payoh HDB Hub, 470 Lorong 6 Toa Payoh, #01-71",310470,1/11/2025,31/10/2026,"PASSION MEMBERSHIP PRIVILEGE:
- 10% off regular-priced items with a minimum spending of $30","food, cafe, restaurant, cakes, desserts, coffee, Western food, Asian food, family dining",Not verified
Sentosa 4D AdventureLand,"51B Imbiah Road, Imbiah Lookout",99708,1/1/2026,31/12/2026,"PASSION MEMBERSHIP PRIVILEGE:
- 15% off Sentosa 4D AdventureLand 4-in-1 Combo (One-time admission). Includes Chaos In Wonderland, Extreme Log Ride, Haunted Mine Ride and Desperados (U.P. $49.90 per Adult, U.P. $36.90 per Child, 3 - 12 years old)

PASSION SILVER MEMBERSHIP PRIVILEGE*:
- 50% off Sentosa 4D AdventureLand 4-in-1 Combo (One-time admission). Includes Chaos In Wonderland, Extreme Log Ride, Haunted Mine Ride and Desperados (U.P. $49.90 per Adult)","attractions, entertainment, family, 4D, games, Sentosa, tourism",Not verified
Sentosa Island Bus Tour,"41 Imbiah Road, Sentosa",99707,1/4/2026,31/3/2027,"PASSION MEMBERSHIP PRIVILEGE:
- 25% off Sentosa Island Bus Tour (U.P. $25 per Adult, U.P. $20 per Child)

PASSION SILVER MEMBERSHIP PRIVILEGE:
- 30% off Sentosa Island Bus Tour (U.P. $25 per Adult)","travel, attractions, sightseeing, bus tour, Sentosa, tourism, family",Not verified
SF Farm Mart / SF Fruits & Juices,"AMK Hub, 53 Ang Mo Kio Avenue 3, #B2-35",569933,1/11/2025,31/10/2026,"PASSION MEMBERSHIP PRIVILEGE:
- 5% off regular-priced items","food, fruit, fresh produce, juices, beverages, healthy food, grocery, snacks",Not verified
SF Farm Mart / SF Fruits & Juices,"Bedok Mall, 311 New Upper Changi Road, #B2-K15",467360,1/11/2025,31/10/2026,"PASSION MEMBERSHIP PRIVILEGE:
- 5% off regular-priced items","food, fruit, fresh produce, juices, beverages, healthy food, grocery, snacks",Not verified
SF Farm Mart / SF Fruits & Juices,"Causeway Point, 1 Woodlands Square, #B1-K18",738099,1/11/2025,31/10/2026,"PASSION MEMBERSHIP PRIVILEGE:
- 5% off regular-priced items","food, fruit, fresh produce, juices, beverages, healthy food, grocery, snacks",Not verified
SF Farm Mart / SF Fruits & Juices,"Changi City Point, 5 Changi Business Park Central 1, #B1-38",486038,1/11/2025,31/10/2026,"PASSION MEMBERSHIP PRIVILEGE:
- 5% off regular-priced items","food, fruit, fresh produce, juices, beverages, healthy food, grocery, snacks",Not verified
SF Farm Mart / SF Fruits & Juices,"Fullerton Waterboat House Farm Mart, 3 Fullerton Road, #01-05",49215,1/11/2025,31/10/2026,"PASSION MEMBERSHIP PRIVILEGE:
- 5% off regular-priced items","food, fruit, fresh produce, juices, beverages, healthy food, grocery, snacks",Not verified
SF Farm Mart / SF Fruits & Juices,"Hillion Mall, 17 Petir Road, #B2-38",678278,1/11/2025,31/10/2026,"PASSION MEMBERSHIP PRIVILEGE:
- 5% off regular-priced items","food, fruit, fresh produce, juices, beverages, healthy food, grocery, snacks",Not verified
SF Farm Mart / SF Fruits & Juices,"IMM, 2 Jurong East Street 21, #01-84",609601,1/11/2025,31/10/2026,"PASSION MEMBERSHIP PRIVILEGE:
- 5% off regular-priced items","food, fruit, fresh produce, juices, beverages, healthy food, grocery, snacks",Not verified
SF Farm Mart / SF Fruits & Juices,"Jewel Changi Airport, 78 Airport Boulevard, #B2-260",819666,1/11/2025,31/10/2026,"PASSION MEMBERSHIP PRIVILEGE:
- 5% off regular-priced items","food, fruit, fresh produce, juices, beverages, healthy food, grocery, snacks",Not verified
SF Farm Mart / SF Fruits & Juices,"Junction 8, 9 Bishan Place, #B1-K7",579837,1/11/2025,31/10/2026,"PASSION MEMBERSHIP PRIVILEGE:
- 5% off regular-priced items","food, fruit, fresh produce, juices, beverages, healthy food, grocery, snacks",Not verified
SF Farm Mart / SF Fruits & Juices,"KK Women's & Children's Hospital, 100 Bukit Timah Road, #01-29",229899,1/11/2025,31/10/2026,"PASSION MEMBERSHIP PRIVILEGE:
- 5% off regular-priced items","food, fruit, fresh produce, juices, beverages, healthy food, grocery, snacks",Not verified
SF Farm Mart / SF Fruits & Juices,"Mount Alvernia Hospital, 820 Thomson Road, Block B, #01-32",574623,1/11/2025,31/10/2026,"PASSION MEMBERSHIP PRIVILEGE:
- 5% off regular-priced items","food, fruit, fresh produce, juices, beverages, healthy food, grocery, snacks",Not verified
SF Farm Mart / SF Fruits & Juices,"NEX, 23 Serangoon Central, #03-K1/K2",556083,1/11/2025,31/10/2026,"PASSION MEMBERSHIP PRIVILEGE:
- 5% off regular-priced items","food, fruit, fresh produce, juices, beverages, healthy food, grocery, snacks",Not verified
SF Farm Mart / SF Fruits & Juices,"Northpoint City, 930 Yishun Avenue 2, #B1-09, North Wing",769098,1/11/2025,31/10/2026,"PASSION MEMBERSHIP PRIVILEGE:
- 5% off regular-priced items","food, fruit, fresh produce, juices, beverages, healthy food, grocery, snacks",Not verified
SF Farm Mart / SF Fruits & Juices,"Novena Square, 238 Thomson Road, #01-22",307683,1/11/2025,31/10/2026,"PASSION MEMBERSHIP PRIVILEGE:
- 5% off regular-priced items","food, fruit, fresh produce, juices, beverages, healthy food, grocery, snacks",Not verified
SF Farm Mart / SF Fruits & Juices,"One@KentRidge Farm Mart, 1 Lower Kent Ridge Road, #01-27",119082,1/11/2025,31/10/2026,"PASSION MEMBERSHIP PRIVILEGE:
- 5% off regular-priced items","food, fruit, fresh produce, juices, beverages, healthy food, grocery, snacks",Not verified
SF Farm Mart / SF Fruits & Juices,"One Raffles Place, 1 Raffles Place, #B1-22",48616,1/11/2025,31/10/2026,"PASSION MEMBERSHIP PRIVILEGE:
- 5% off regular-priced items","food, fruit, fresh produce, juices, beverages, healthy food, grocery, snacks",Not verified
SF Farm Mart / SF Fruits & Juices,"Paya Lebar MRT Station, 30 Paya Lebar Road, #01-10",409006,1/11/2025,31/10/2026,"PASSION MEMBERSHIP PRIVILEGE:
- 5% off regular-priced items","food, fruit, fresh produce, juices, beverages, healthy food, grocery, snacks",Not verified
SF Farm Mart / SF Fruits & Juices,"Raffles Place MRT Station, 5 Raffles Place, #B11/12",48618,1/11/2025,31/10/2026,"PASSION MEMBERSHIP PRIVILEGE:
- 5% off regular-priced items","food, fruit, fresh produce, juices, beverages, healthy food, grocery, snacks",Not verified
SF Farm Mart / SF Fruits & Juices,"Raffles Place MRT Station Farm Mart, 5 Raffles Place, #B1-01/04/05",48618,1/11/2025,31/10/2026,"PASSION MEMBERSHIP PRIVILEGE:
- 5% off regular-priced items","food, fruit, fresh produce, juices, beverages, healthy food, grocery, snacks",Not verified
SF Farm Mart / SF Fruits & Juices,"Suntec City Mall Farm Mart, 3 Temasek Boulevard, #01-616/617, East Wing",38983,1/11/2025,31/10/2026,"PASSION MEMBERSHIP PRIVILEGE:
- 5% off regular-priced items","food, fruit, fresh produce, juices, beverages, healthy food, grocery, snacks",Not verified
SF Farm Mart / SF Fruits & Juices,"Tampines MRT Station, 20 Tampines Central 1, #01-13",529538,1/11/2025,31/10/2026,"PASSION MEMBERSHIP PRIVILEGE:
- 5% off regular-priced items","food, fruit, fresh produce, juices, beverages, healthy food, grocery, snacks",Not verified
SF Farm Mart / SF Fruits & Juices,"The Clementi Mall, 3155 Commonwealth Avenue West, #B1-K8/K9",129588,1/11/2025,31/10/2026,"PASSION MEMBERSHIP PRIVILEGE:
- 5% off regular-priced items","food, fruit, fresh produce, juices, beverages, healthy food, grocery, snacks",Not verified
SF Farm Mart / SF Fruits & Juices,"United Square, 101 Thomson Road, #01-01B",307591,1/11/2025,31/10/2026,"PASSION MEMBERSHIP PRIVILEGE:
- 5% off regular-priced items","food, fruit, fresh produce, juices, beverages, healthy food, grocery, snacks",Not verified
SF Farm Mart / SF Fruits & Juices,"VivoCity, 1 Harbourfront Walk, #B2-05A",98585,1/11/2025,31/10/2026,"PASSION MEMBERSHIP PRIVILEGE:
- 5% off regular-priced items","food, fruit, fresh produce, juices, beverages, healthy food, grocery, snacks",Not verified
SF Farm Mart / SF Fruits & Juices,"White Sands, 1 Pasir Ris Central Street 3, #B1-K09",518457,1/11/2025,31/10/2026,"PASSION MEMBERSHIP PRIVILEGE:
- 5% off regular-priced items","food, fruit, fresh produce, juices, beverages, healthy food, grocery, snacks",Not verified
SF Farm Mart / SF Fruits & Juices,"Yew Tee Point, 21 Choa Chu Kang North 6, #B1-46",689578,1/11/2025,31/10/2026,"PASSION MEMBERSHIP PRIVILEGE:
- 5% off regular-priced items","food, fruit, fresh produce, juices, beverages, healthy food, grocery, snacks",Not verified
Shake Shake in a Tub,"111 Somerset, 111 Somerset Road, #01-K11",238164,1/2/2026,31/1/2027,"BLACK PASSION MEMBERSHIP PRIVILEGE:
- 5% off with a minimum spending of $10

PASSION SILVER / PLATINUM MEMBERSHIP PRIVILEGES:
- 5% off with a minimum spending of $10
- 10% off every Tuesday","food, snacks, fries, chicken, hot snacks, takeaway",Not verified
Shake Shake in a Tub,"Our Tampines Hub, 1 Tampines Walk, #B1-44",528523,1/2/2026,31/1/2027,"BLACK PASSION MEMBERSHIP PRIVILEGE:
- 5% off with a minimum spending of $10

PASSION SILVER / PLATINUM MEMBERSHIP PRIVILEGES:
- 5% off with a minimum spending of $10
- 10% off every Tuesday","food, snacks, fries, chicken, hot snacks, takeaway",Not verified
Shaw Theatres,"Shaw Plaza, 360 Balestier Road, #04-04",329783,1/10/2025,30/9/2026,"PASSION SILVER MEMBERSHIP PRIVILEGE:
- Mon - Fri, movies before 6pm:
  - Regular 2D tickets @ $4.50 (U.P. $10.00 - $15.50)
  - Lumiere Digital tickets @ $19 - $24 (U.P. $25 - $30)","entertainment, cinema, movies, films, theatres, family, youth, date night",Not verified
Shaw Theatres,"Jem, 50 Jurong Gateway Road, #05-04",608549,1/10/2025,30/9/2026,"PASSION SILVER MEMBERSHIP PRIVILEGE:
- Mon - Fri, movies before 6pm:
  - Regular 2D tickets @ $4.50 (U.P. $10.00 - $15.50)
  - Lumiere Digital tickets @ $19 - $24 (U.P. $25 - $30)","entertainment, cinema, movies, films, theatres, family, youth, date night",Not verified
Shaw Theatres,"Jewel Changi Airport, 78 Airport Boulevard, #B2-237",819666,1/10/2025,30/9/2026,"PASSION SILVER MEMBERSHIP PRIVILEGE:
- Mon - Fri, movies before 6pm:
  - Regular 2D tickets @ $4.50 (U.P. $10.00 - $15.50)
  - Lumiere Digital tickets @ $19 - $24 (U.P. $25 - $30)","entertainment, cinema, movies, films, theatres, family, youth, date night",Not verified
Shaw Theatres,"Lido, Shaw House, 350 Orchard Road, 5th/6th floor",238868,1/10/2025,30/9/2026,"PASSION SILVER MEMBERSHIP PRIVILEGE:
- Mon - Fri, movies before 6pm:
  - Regular 2D tickets @ $4.50 (U.P. $10.00 - $15.50)
  - Lumiere Digital tickets @ $19 - $24 (U.P. $25 - $30)","entertainment, cinema, movies, films, theatres, family, youth, date night",Not verified
Shaw Theatres,"Lot One Shoppers' Mall, 21 Choa Chu Kang Avenue 4, 5th/6th Floor",689812,1/10/2025,30/9/2026,"PASSION SILVER MEMBERSHIP PRIVILEGE:
- Mon - Fri, movies before 6pm:
  - Regular 2D tickets @ $4.50 (U.P. $10.00 - $15.50)
  - Lumiere Digital tickets @ $19 - $24 (U.P. $25 - $30)","entertainment, cinema, movies, films, theatres, family, youth, date night",Not verified
Shaw Theatres,"NEX, 23 Serangoon Central, #04-64",556083,1/10/2025,30/9/2026,"PASSION SILVER MEMBERSHIP PRIVILEGE:
- Mon - Fri, movies before 6pm:
  - Regular 2D tickets @ $4.50 (U.P. $10.00 - $15.50)
  - Lumiere Digital tickets @ $19 - $24 (U.P. $25 - $30)","entertainment, cinema, movies, films, theatres, family, youth, date night",Not verified
Shaw Theatres,"Paya Lebar Quarter Mall (PLQ), 10 Paya Lebar Road, #05-02",409057,1/10/2025,30/9/2026,"PASSION SILVER MEMBERSHIP PRIVILEGE:
- Mon - Fri, movies before 6pm:
  - Regular 2D tickets @ $4.50 (U.P. $10.00 - $15.50)
  - Lumiere Digital tickets @ $19 - $24 (U.P. $25 - $30)","entertainment, cinema, movies, films, theatres, family, youth, date night",Not verified
Shaw Theatres,"Waterway Point, 83 Punggol Central, #B2-11",828761,1/10/2025,30/9/2026,"PASSION SILVER MEMBERSHIP PRIVILEGE:
- Mon - Fri, movies before 6pm:
  - Regular 2D tickets @ $4.50 (U.P. $10.00 - $15.50)
  - Lumiere Digital tickets @ $19 - $24 (U.P. $25 - $30)","entertainment, cinema, movies, films, theatres, family, youth, date night",Not verified
Silver Cross Medical,"502 Jurong West Avenue 1, #01-803",640502,-,-,"BLACK PASSION MEMBERSHIP PRIVILEGES:
Healthway Medical Clinics:
- GP consultation @ $20 nett
- Flu Vaccination @ $34 nett
- Pink Health Screening Package @ $99 nett
- Gold Health Screening Package @ $250 nett

PASSION SILVER / PLATINUM MEMBERSHIP PRIVILEGES:
Healthway Medical Clinics:
- GP consultation @ $15 nett
- Flu Vaccination @ $32 nett
- Pink Health Screening Package @ $99 nett
- Gold Health Screening Package @ $250 nett.","healthcare, medical clinic, doctors, family medicine, general practitioner",Not verified
Silver Cross Medical,"Blk 846 Yishun Ring Road, #01-3661",760846,-,-,"BLACK PASSION MEMBERSHIP PRIVILEGES:
Healthway Medical Clinics:
- GP consultation @ $20 nett
- Flu Vaccination @ $34 nett
- Pink Health Screening Package @ $99 nett
- Gold Health Screening Package @ $250 nett

PASSION SILVER / PLATINUM MEMBERSHIP PRIVILEGES:
Healthway Medical Clinics:
- GP consultation @ $15 nett
- Flu Vaccination @ $32 nett
- Pink Health Screening Package @ $99 nett
- Gold Health Screening Package @ $250 nett.","healthcare, medical clinic, doctors, family medicine, general practitioner",Not verified
Sindo Ferry,"Singapore Cruise Centre, 5 Harbourfront Avenue, #01-11",99549,1/1/2026,31/12/2026,"PASSION MEMBERSHIP PRIVILEGES:
- $2 off 2-ways Adult Ferry Ticket to Tanjung Pinang Terminal (U.P. $98) 
- $2 off 2-ways Adult Ferry Ticket to Tanjung Balai Terminal (U.P. $98) 
- $2 off 2-ways Adult Ferry Ticket to Batam Centre/Sekupang/Waterfront Terminal (U.P. $76)","travel, transport, ferry, Batam, Indonesia, boat, tickets, holidays",Not verified
Sindo Ferry,"Tanah Merah Ferry Terminal, 50 Tanah Merah Ferry Road, #01-18",498833,1/1/2026,31/12/2026,"PASSION MEMBERSHIP PRIVILEGES:
- $2 off 2-ways Adult Ferry Ticket to Tanjung Pinang Terminal (U.P. $98) 
- $2 off 2-ways Adult Ferry Ticket to Tanjung Balai Terminal (U.P. $98) 
- $2 off 2-ways Adult Ferry Ticket to Batam Centre/Sekupang/Waterfront Terminal (U.P. $76)","travel, transport, ferry, Batam, Indonesia, boat, tickets, holidays",Not verified
Singapore Cable Car,"109 Mount Faber Road, Mount Faber Peak",99203,1/4/2026,31/3/2027,"PASSION MEMBERSHIP PRIVILEGE:
- 25% off Cable Car SkyPass Round Trip (U.P. $35 per Adult, U.P. $25 per Child)
- 25% off Cable Car SkyPass Premium Round Trip (U.P. $50 per Adult, U.P. $40 per Child)
- 25% off SkyOrb Cabin Round Trip (U.P. $48 per Adult, U.P. $37 per Child)
- Online bundle: SkyPass Premium Round Trip + Wings of Time Fireworks Symphony (Standard) + Adventure Cove at $67 (U.P. $104 per Adult)
- Online bundle: SkyPass Premium Round Trip + Wings of Time Fireworks Symphony (Standard) + Adventure Cove at $55 (U.P. $86 per Child)

PASSION SILVER MEMBERSHIP PRIVILEGE:
- 30% off Cable Car SkyPass Round Trip (U.P. $35 per Adult)
- 30% off Cable Car SkyPass Premium Round Trip (U.P. $50 per Adult)
- 30% off SkyOrb Cabin Round Trip (U.P. $48 per Adult)","attractions, sightseeing, cable car, Sentosa, tourism, family, views",Not verified
Singapore Discovery Centre,510 Upper Jurong Road,638365,1/1/2026,31/12/2026,"PASSION MEMBERSHIP PRIVILEGES:
- 10% off Escape Room (Black Lake Facility) (U.P. $30 per Adult, U.P. $24 per Child)
- 10% off Laser Tag (Black Lake Laser Battlefield) (U.P. $15 per Adult, U.P. $12 per Child)
- 10% off Crossfire Paintball Team Play (U.P. $130.80 per group and up to 5 pax)
- 10% off Retail Merchandise at shop@SDC","attractions, museum, history, Singapore, education, family, tourism",Not verified
Singapore Flyer,30 Raffles Avenue,39803,1/1/2026,31/12/2026,"PASSION MEMBERSHIP PRIVILEGES:
- 10% off Singapore Flyer tickets (U.P. $40 per Adult, U.P. $25 per Child / Senior Citizen)
- 10% off total bill for dine-in at Sky View Pavilion","attractions, sightseeing, observation wheel, tourism, family, views, date night",Not verified
Singapore Island Cruise,"Marina South Pier, 31 Marina Coastal Drive, #01-04",18988,1/9/2025,31/8/2027,"BLACK PASSION MEMBERSHIP PRIVILEGE:
- $2 off adult ticket (U.P. $15)

PASSION SILVER / PLATINUM MEMBERSHIP PRIVILEGE:
- $3 off adult ticket (U.P. $15)","travel, cruise, sightseeing, boat, islands, tourism, family",Not verified
Sinjojo,"Century Square, 2 Tampines Central 5, #01-08",529509,1/6/2025,31/5/2027,"BLACK PASSION MEMBERSHIP PRIVILEGE:
- 12% off regular-priced items with no minimum spending

PASSION SILVER / PLATINUM MEMBERSHIP PRIVILEGES:
- 15% off regular-priced items with no minimum spending
- Free exclusive gift (worth $12.90 - $16.90) with purchase above $30","food, restaurant, Indonesian food, Asian food, local food, dining",Not verified
Sinjojo,"Plaza Singapura, 68 Orchard Road, #03-22A",238839,1/6/2025,31/5/2027,"BLACK PASSION MEMBERSHIP PRIVILEGE:
- 12% off regular-priced items with no minimum spending

PASSION SILVER / PLATINUM MEMBERSHIP PRIVILEGES:
- 15% off regular-priced items with no minimum spending
- Free exclusive gift (worth $12.90 - $16.90) with purchase above $30","food, restaurant, Indonesian food, Asian food, local food, dining",Not verified
Sinjojo,"Suntec City Mall, 3 Temasek Boulevard, #02-436",38983,1/6/2025,31/5/2027,"BLACK PASSION MEMBERSHIP PRIVILEGE:
- 12% off regular-priced items with no minimum spending

PASSION SILVER / PLATINUM MEMBERSHIP PRIVILEGES:
- 15% off regular-priced items with no minimum spending
- Free exclusive gift (worth $12.90 - $16.90) with purchase above $30","food, restaurant, Indonesian food, Asian food, local food, dining",Not verified
Sinjojo,"Tampines 1, 10 Tampines Central 1, #01-48",529536,1/6/2025,31/5/2027,"BLACK PASSION MEMBERSHIP PRIVILEGE:
- 12% off regular-priced items with no minimum spending

PASSION SILVER / PLATINUM MEMBERSHIP PRIVILEGES:
- 15% off regular-priced items with no minimum spending
- Free exclusive gift (worth $12.90 - $16.90) with purchase above $30","food, restaurant, Indonesian food, Asian food, local food, dining",Not verified
Sinjojo,"Waterway Point, 83 Punggol Central, #01-K20",828761,1/6/2025,31/5/2027,"BLACK PASSION MEMBERSHIP PRIVILEGE:
- 12% off regular-priced items with no minimum spending

PASSION SILVER / PLATINUM MEMBERSHIP PRIVILEGES:
- 15% off regular-priced items with no minimum spending
- Free exclusive gift (worth $12.90 - $16.90) with purchase above $30","food, restaurant, Indonesian food, Asian food, local food, dining",Not verified
Skechers,"313@somerset, 313 Orchard Road, #01-23/24",238895,1/8/2026,31/7/2027,"PASSION MEMBERSHIP PRIVILEGE:
- 10% off regular-priced footwear & apparel","fashion, apparel, accessories, footwear, shoes, sports, fitness, running, sneakers, running shoes, walking shoes, activewear, sportswear",Not verified
Skechers,"Bugis Junction, 200 Victoria Street, #02-11/11A",188021,1/8/2026,31/7/2027,"PASSION MEMBERSHIP PRIVILEGE:
- 10% off regular-priced footwear & apparel","fashion, apparel, accessories, footwear, shoes, sports, fitness, running, sneakers, running shoes, walking shoes, activewear, sportswear",Not verified
Skechers,"Compass One, 1 Sengkang Square, #01-48",545078,1/8/2026,31/7/2027,"PASSION MEMBERSHIP PRIVILEGE:
- 10% off regular-priced footwear & apparel","fashion, apparel, accessories, footwear, shoes, sports, fitness, running, sneakers, running shoes, walking shoes, activewear, sportswear",Not verified
Skechers,"Great World City, 1 Kim Seng Promenade, #01-149",237994,1/8/2026,31/7/2027,"PASSION MEMBERSHIP PRIVILEGE:
- 10% off regular-priced footwear & apparel","fashion, apparel, accessories, footwear, shoes, sports, fitness, running, sneakers, running shoes, walking shoes, activewear, sportswear",Not verified
Skechers,"Hillion Mall, 17 Petir Road, #B1-48/49",678278,1/8/2026,31/7/2027,"PASSION MEMBERSHIP PRIVILEGE:
- 10% off regular-priced footwear & apparel","fashion, apparel, accessories, footwear, shoes, sports, fitness, running, sneakers, running shoes, walking shoes, activewear, sportswear",Not verified
Skechers,"Hougang Mall, 90 Hougang Avenue 10, #01-10",538766,1/8/2026,31/7/2027,"PASSION MEMBERSHIP PRIVILEGE:
- 10% off regular-priced footwear & apparel","fashion, apparel, accessories, footwear, shoes, sports, fitness, running, sneakers, running shoes, walking shoes, activewear, sportswear",Not verified
Skechers,"Jem, 50 Jurong Gateway Road, #03-49/50/51",608549,1/8/2026,31/7/2027,"PASSION MEMBERSHIP PRIVILEGE:
- 10% off regular-priced footwear & apparel","fashion, apparel, accessories, footwear, shoes, sports, fitness, running, sneakers, running shoes, walking shoes, activewear, sportswear",Not verified
Skechers,"Junction 8, 9 Bishan Place, #01-10/11",579837,1/8/2026,31/7/2027,"PASSION MEMBERSHIP PRIVILEGE:
- 10% off regular-priced footwear & apparel","fashion, apparel, accessories, footwear, shoes, sports, fitness, running, sneakers, running shoes, walking shoes, activewear, sportswear",Not verified
Skechers,"Jurong Point, 1 Jurong West Central 2, #01-04",648886,1/8/2026,31/7/2027,"PASSION MEMBERSHIP PRIVILEGE:
- 10% off regular-priced footwear & apparel","fashion, apparel, accessories, footwear, shoes, sports, fitness, running, sneakers, running shoes, walking shoes, activewear, sportswear",Not verified
Skechers,"NEX, 23 Serangoon Central, #01-07/08",556083,1/8/2026,31/7/2027,"PASSION MEMBERSHIP PRIVILEGE:
- 10% off regular-priced footwear & apparel","fashion, apparel, accessories, footwear, shoes, sports, fitness, running, sneakers, running shoes, walking shoes, activewear, sportswear",Not verified
Skechers,"Northpoint City, 930 Yishun Avenue 2, #01-122/123/132",768019,1/8/2026,31/7/2027,"PASSION MEMBERSHIP PRIVILEGE:
- 10% off regular-priced footwear & apparel","fashion, apparel, accessories, footwear, shoes, sports, fitness, running, sneakers, running shoes, walking shoes, activewear, sportswear",Not verified
Skechers,"Orchard Paragon, 290 Orchard Road, #04-33",238859,1/8/2026,31/7/2027,"PASSION MEMBERSHIP PRIVILEGE:
- 10% off regular-priced footwear & apparel","fashion, apparel, accessories, footwear, shoes, sports, fitness, running, sneakers, running shoes, walking shoes, activewear, sportswear",Not verified
Skechers,"Parkway Parade, 80 Marine Parade Road, #02-42/43",449269,1/8/2026,31/7/2027,"PASSION MEMBERSHIP PRIVILEGE:
- 10% off regular-priced footwear & apparel","fashion, apparel, accessories, footwear, shoes, sports, fitness, running, sneakers, running shoes, walking shoes, activewear, sportswear",Not verified
Skechers,"Punggol Coast Mall, 88 Punggol Way, #01-147",829913,1/8/2026,31/7/2027,"PASSION MEMBERSHIP PRIVILEGE:
- 10% off regular-priced footwear & apparel","fashion, apparel, accessories, footwear, shoes, sports, fitness, running, sneakers, running shoes, walking shoes, activewear, sportswear",Not verified
Skechers,"Skechers Foamies, SingPost Centre, 10 Eunos Road 8, #01-113",408600,1/8/2026,31/7/2027,"PASSION MEMBERSHIP PRIVILEGE:
- 10% off regular-priced footwear & apparel","fashion, apparel, accessories, footwear, shoes, sports, fitness, running, sneakers, running shoes, walking shoes, activewear, sportswear",Not verified
Skechers,"Suntec City Mall, 3 Temasek Boulevard, #01-404/405",38983,1/8/2026,31/7/2027,"PASSION MEMBERSHIP PRIVILEGE:
- 10% off regular-priced footwear & apparel","fashion, apparel, accessories, footwear, shoes, sports, fitness, running, sneakers, running shoes, walking shoes, activewear, sportswear",Not verified
Skechers,"Tampines 1, 10 Tampines Central 1, #02-36",529536,1/8/2026,31/7/2027,"PASSION MEMBERSHIP PRIVILEGE:
- 10% off regular-priced footwear & apparel","fashion, apparel, accessories, footwear, shoes, sports, fitness, running, sneakers, running shoes, walking shoes, activewear, sportswear",Not verified
Skechers,"Velocity @ Novena Square, 238 Thomson Road, #01-13/14",307683,1/8/2026,31/7/2027,"PASSION MEMBERSHIP PRIVILEGE:
- 10% off regular-priced footwear & apparel","fashion, apparel, accessories, footwear, shoes, sports, fitness, running, sneakers, running shoes, walking shoes, activewear, sportswear",Not verified
Skechers,"VivoCity, 1 Harbourfront Walk, #02-25",98585,1/8/2026,31/7/2027,"PASSION MEMBERSHIP PRIVILEGE:
- 10% off regular-priced footwear & apparel","fashion, apparel, accessories, footwear, shoes, sports, fitness, running, sneakers, running shoes, walking shoes, activewear, sportswear",Not verified
Skechers,"White Sands, 1 Pasir Ris Central Street 3, #01-35/36/37/38",518457,1/8/2026,31/7/2027,"PASSION MEMBERSHIP PRIVILEGE:
- 10% off regular-priced footwear & apparel","fashion, apparel, accessories, footwear, shoes, sports, fitness, running, sneakers, running shoes, walking shoes, activewear, sportswear",Not verified
Skechers,"Wisma Atria, 435 Orchard Road, #B1-14/15/16",238877,1/8/2026,31/7/2027,"PASSION MEMBERSHIP PRIVILEGE:
- 10% off regular-priced footwear & apparel","fashion, apparel, accessories, footwear, shoes, sports, fitness, running, sneakers, running shoes, walking shoes, activewear, sportswear",Not verified
SkyHelix Sentosa,"41 Imbiah Road, Sentosa",99707,1/4/2026,31/3/2027,"PASSION MEMBERSHIP PRIVILEGE:
- 25% off SkyHelix Sentosa ticket (U.P. $20 per Adult, U.P. $17 per Child)

PASSION SILVER MEMBERSHIP PRIVILEGE:
- 35% off SkyHelix Sentosa ticket (U.P. $20 per Adult)","attractions, adventure, sightseeing, Sentosa, rides, outdoor, views, family, youth",Not verified
Smooy,"Funan Digital Mall, 107 North Bridge Road, #B2-K15",179105,1/5/2026,30/4/2027,"PASSION MEMBERSHIP PRIVILEGE:
- 10% off with a minimum spending of $10","food, desserts, frozen yogurt, froyo, yoghurt, toppings, healthy desserts, sweet treats",Not verified
Smooy,"Jem, 50 Jurong Gateway Road, #03-07",608549,1/5/2026,30/4/2027,"PASSION MEMBERSHIP PRIVILEGE:
- 10% off with a minimum spending of $10","food, desserts, frozen yogurt, froyo, yoghurt, toppings, healthy desserts, sweet treats",Not verified
Smooy,"Le Quest Mall, 4 Bukit Batok Street 41, #01-70",657991,1/5/2026,30/4/2027,"PASSION MEMBERSHIP PRIVILEGE:
- 10% off with a minimum spending of $10","food, desserts, frozen yogurt, froyo, yoghurt, toppings, healthy desserts, sweet treats",Not verified
Smooy,"NEX, 23 Serangoon Central, #04-39",556083,1/5/2026,30/4/2027,"PASSION MEMBERSHIP PRIVILEGE:
- 10% off with a minimum spending of $10","food, desserts, frozen yogurt, froyo, yoghurt, toppings, healthy desserts, sweet treats",Not verified
Smooy,"Our Tampines Hub, 1 Tampines Walk, #01-82",528523,1/5/2026,30/4/2027,"PASSION MEMBERSHIP PRIVILEGE:
- 10% off with a minimum spending of $10","food, desserts, frozen yogurt, froyo, yoghurt, toppings, healthy desserts, sweet treats",Not verified
Smooy,"Parkway Parade, 80 Marine Parade Road, #B1-83E",449269,1/5/2026,30/4/2027,"PASSION MEMBERSHIP PRIVILEGE:
- 10% off with a minimum spending of $10","food, desserts, frozen yogurt, froyo, yoghurt, toppings, healthy desserts, sweet treats",Not verified
Smooy,"Pasir Ris Mall, 7 Pasir Ris Central, #B1-K16",519612,1/5/2026,30/4/2027,"PASSION MEMBERSHIP PRIVILEGE:
- 10% off with a minimum spending of $10","food, desserts, frozen yogurt, froyo, yoghurt, toppings, healthy desserts, sweet treats",Not verified
SONIC BOWL,"Our Tampines Hub, 1 Tampines Walk, #B1-50ore ",528523,1/7/2026,30/6/2027,"PASSION MEMBERSHIP PRIVILEGES:
- Off-peak period (Mon – Fri before 6PM)
  - Up to $5 per game/pax (U.P. up to $6)
  - Up to $26 per hour/lane (U.P. up to $32)

- Peak period (Mon – Fri after 6PM/ Sat/Sun/Eve of & on Public Holidays)
  - Up to $6 per game/pax (U.P. up to $7)
  - Up to $38 per hour/lane (U.P. up to $44)

- Cosmic/ Interactive Bowling (Only on Sat/Eve of Public Holidays, 9PM - Closing)
  - Up to $40 per hour/lane (U.P. up to $46)","sports, bowling, games, recreation, youth, family, entertainment",Not verified
Sorella,"AMK Hub, 53 Ang Mo Kio Avenue 3, #02-40",569933,1/11/2025,31/10/2026,"BLACK PASSION MEMBERSHIP PRIVILEGES:
- In-store: 15% off regular-priced items
- Online: 15% off regular-priced items with a minimum spending of $100 (Promo code: SOPABC15)

PASSION SILVER / PLATINUM MEMBERSHIP PRIVILEGES:
- In-store: 20% off regular-priced items
- Online: 20% off regular-priced items with a minimum spending of $100 (Promo code: SOPASC20)","fashion, womenswear, lingerie, innerwear, apparel, women, sleepwear, swimwear",Not verified
Sorella,"Bedok Mall, 311 New Upper Changi Road, #01-35",467360,1/11/2025,31/10/2026,"BLACK PASSION MEMBERSHIP PRIVILEGES:
- In-store: 15% off regular-priced items
- Online: 15% off regular-priced items with a minimum spending of $100 (Promo code: SOPABC15)

PASSION SILVER / PLATINUM MEMBERSHIP PRIVILEGES:
- In-store: 20% off regular-priced items
- Online: 20% off regular-priced items with a minimum spending of $100 (Promo code: SOPASC20)","fashion, womenswear, lingerie, innerwear, apparel, women, sleepwear, swimwear",Not verified
Sorella,"Bukit Panjang Plaza, 1 Jelebu Road, #02-35",677743,1/11/2025,31/10/2026,"BLACK PASSION MEMBERSHIP PRIVILEGES:
- In-store: 15% off regular-priced items
- Online: 15% off regular-priced items with a minimum spending of $100 (Promo code: SOPABC15)

PASSION SILVER / PLATINUM MEMBERSHIP PRIVILEGES:
- In-store: 20% off regular-priced items
- Online: 20% off regular-priced items with a minimum spending of $100 (Promo code: SOPASC20)","fashion, womenswear, lingerie, innerwear, apparel, women, sleepwear, swimwear",Not verified
Sorella,"Century Square, 2 Tampines Central 5, #02-03",529509,1/11/2025,31/10/2026,"BLACK PASSION MEMBERSHIP PRIVILEGES:
- In-store: 15% off regular-priced items
- Online: 15% off regular-priced items with a minimum spending of $100 (Promo code: SOPABC15)

PASSION SILVER / PLATINUM MEMBERSHIP PRIVILEGES:
- In-store: 20% off regular-priced items
- Online: 20% off regular-priced items with a minimum spending of $100 (Promo code: SOPASC20)","fashion, womenswear, lingerie, innerwear, apparel, women, sleepwear, swimwear",Not verified
Sorella,"Chinatown Point, 133 New Bridge Road, #02-16",59413,1/11/2025,31/10/2026,"BLACK PASSION MEMBERSHIP PRIVILEGES:
- In-store: 15% off regular-priced items
- Online: 15% off regular-priced items with a minimum spending of $100 (Promo code: SOPABC15)

PASSION SILVER / PLATINUM MEMBERSHIP PRIVILEGES:
- In-store: 20% off regular-priced items
- Online: 20% off regular-priced items with a minimum spending of $100 (Promo code: SOPASC20)","fashion, womenswear, lingerie, innerwear, apparel, women, sleepwear, swimwear",Not verified
Sorella,"Harbourfront Centre, 1 Maritime Square, #02-69",99253,1/11/2025,31/10/2026,"BLACK PASSION MEMBERSHIP PRIVILEGES:
- In-store: 15% off regular-priced items
- Online: 15% off regular-priced items with a minimum spending of $100 (Promo code: SOPABC15)

PASSION SILVER / PLATINUM MEMBERSHIP PRIVILEGES:
- In-store: 20% off regular-priced items
- Online: 20% off regular-priced items with a minimum spending of $100 (Promo code: SOPASC20)","fashion, womenswear, lingerie, innerwear, apparel, women, sleepwear, swimwear",Not verified
Sorella,"Heartland Mall, 205 Hougang Street 21, #02-17",530205,1/11/2025,31/10/2026,"BLACK PASSION MEMBERSHIP PRIVILEGES:
- In-store: 15% off regular-priced items
- Online: 15% off regular-priced items with a minimum spending of $100 (Promo code: SOPABC15)

PASSION SILVER / PLATINUM MEMBERSHIP PRIVILEGES:
- In-store: 20% off regular-priced items
- Online: 20% off regular-priced items with a minimum spending of $100 (Promo code: SOPASC20)","fashion, womenswear, lingerie, innerwear, apparel, women, sleepwear, swimwear",Not verified
Sorella,"Hougang Mall, 90 Hougang Avenue 10, #02-17",538766,1/11/2025,31/10/2026,"BLACK PASSION MEMBERSHIP PRIVILEGES:
- In-store: 15% off regular-priced items
- Online: 15% off regular-priced items with a minimum spending of $100 (Promo code: SOPABC15)

PASSION SILVER / PLATINUM MEMBERSHIP PRIVILEGES:
- In-store: 20% off regular-priced items
- Online: 20% off regular-priced items with a minimum spending of $100 (Promo code: SOPASC20)","fashion, womenswear, lingerie, innerwear, apparel, women, sleepwear, swimwear",Not verified
Sorella,"IMM, 2 Jurong East Street 21, #01-65",609601,1/11/2025,31/10/2026,"BLACK PASSION MEMBERSHIP PRIVILEGES:
- In-store: 15% off regular-priced items
- Online: 15% off regular-priced items with a minimum spending of $100 (Promo code: SOPABC15)

PASSION SILVER / PLATINUM MEMBERSHIP PRIVILEGES:
- In-store: 20% off regular-priced items
- Online: 20% off regular-priced items with a minimum spending of $100 (Promo code: SOPASC20)","fashion, womenswear, lingerie, innerwear, apparel, women, sleepwear, swimwear",Not verified
Sorella,"Jurong Point, 63 Jurong West Central 3, #03-14",648331,1/11/2025,31/10/2026,"BLACK PASSION MEMBERSHIP PRIVILEGES:
- In-store: 15% off regular-priced items
- Online: 15% off regular-priced items with a minimum spending of $100 (Promo code: SOPABC15)

PASSION SILVER / PLATINUM MEMBERSHIP PRIVILEGES:
- In-store: 20% off regular-priced items
- Online: 20% off regular-priced items with a minimum spending of $100 (Promo code: SOPASC20)","fashion, womenswear, lingerie, innerwear, apparel, women, sleepwear, swimwear",Not verified
Sorella,"Jurong West, Blk 503 Jurong West Avenue 1, #01-839",640503,1/11/2025,31/10/2026,"BLACK PASSION MEMBERSHIP PRIVILEGES:
- In-store: 15% off regular-priced items
- Online: 15% off regular-priced items with a minimum spending of $100 (Promo code: SOPABC15)

PASSION SILVER / PLATINUM MEMBERSHIP PRIVILEGES:
- In-store: 20% off regular-priced items
- Online: 20% off regular-priced items with a minimum spending of $100 (Promo code: SOPASC20)","fashion, womenswear, lingerie, innerwear, apparel, women, sleepwear, swimwear",Not verified
Sorella,"NEX, 23 Serangoon Central, #02-22",556083,1/11/2025,31/10/2026,"BLACK PASSION MEMBERSHIP PRIVILEGES:
- In-store: 15% off regular-priced items
- Online: 15% off regular-priced items with a minimum spending of $100 (Promo code: SOPABC15)

PASSION SILVER / PLATINUM MEMBERSHIP PRIVILEGES:
- In-store: 20% off regular-priced items
- Online: 20% off regular-priced items with a minimum spending of $100 (Promo code: SOPASC20)","fashion, womenswear, lingerie, innerwear, apparel, women, sleepwear, swimwear",Not verified
Sorella,"Northpoint City, 1 Northpoint Drive, #02-148/149",768019,1/11/2025,31/10/2026,"BLACK PASSION MEMBERSHIP PRIVILEGES:
- In-store: 15% off regular-priced items
- Online: 15% off regular-priced items with a minimum spending of $100 (Promo code: SOPABC15)

PASSION SILVER / PLATINUM MEMBERSHIP PRIVILEGES:
- In-store: 20% off regular-priced items
- Online: 20% off regular-priced items with a minimum spending of $100 (Promo code: SOPASC20)","fashion, womenswear, lingerie, innerwear, apparel, women, sleepwear, swimwear",Not verified
Sorella,"Parkway Parade, 80 Marine Parade Road, #02-59",449269,1/11/2025,31/10/2026,"BLACK PASSION MEMBERSHIP PRIVILEGES:
- In-store: 15% off regular-priced items
- Online: 15% off regular-priced items with a minimum spending of $100 (Promo code: SOPABC15)

PASSION SILVER / PLATINUM MEMBERSHIP PRIVILEGES:
- In-store: 20% off regular-priced items
- Online: 20% off regular-priced items with a minimum spending of $100 (Promo code: SOPASC20)","fashion, womenswear, lingerie, innerwear, apparel, women, sleepwear, swimwear",Not verified
Sorella,"Rivervale Plaza, 118 Rivervale Drive, #02-25",540118,1/11/2025,31/10/2026,"BLACK PASSION MEMBERSHIP PRIVILEGES:
- In-store: 15% off regular-priced items
- Online: 15% off regular-priced items with a minimum spending of $100 (Promo code: SOPABC15)

PASSION SILVER / PLATINUM MEMBERSHIP PRIVILEGES:
- In-store: 20% off regular-priced items
- Online: 20% off regular-priced items with a minimum spending of $100 (Promo code: SOPASC20)","fashion, womenswear, lingerie, innerwear, apparel, women, sleepwear, swimwear",Not verified
Sorella,"Sembawang Shopping Centre, 604 Sembawang Road, #02-03",758459,1/11/2025,31/10/2026,"BLACK PASSION MEMBERSHIP PRIVILEGES:
- In-store: 15% off regular-priced items
- Online: 15% off regular-priced items with a minimum spending of $100 (Promo code: SOPABC15)

PASSION SILVER / PLATINUM MEMBERSHIP PRIVILEGES:
- In-store: 20% off regular-priced items
- Online: 20% off regular-priced items with a minimum spending of $100 (Promo code: SOPASC20)","fashion, womenswear, lingerie, innerwear, apparel, women, sleepwear, swimwear",Not verified
Sorella,"Sun Plaza, 30 Sembawang Drive, #01-10",757713,1/11/2025,31/10/2026,"BLACK PASSION MEMBERSHIP PRIVILEGES:
- In-store: 15% off regular-priced items
- Online: 15% off regular-priced items with a minimum spending of $100 (Promo code: SOPABC15)

PASSION SILVER / PLATINUM MEMBERSHIP PRIVILEGES:
- In-store: 20% off regular-priced items
- Online: 20% off regular-priced items with a minimum spending of $100 (Promo code: SOPASC20)","fashion, womenswear, lingerie, innerwear, apparel, women, sleepwear, swimwear",Not verified
Sorella,"Tampines, Blk 829 Tampines Street 81, #01-290",520829,1/11/2025,31/10/2026,"BLACK PASSION MEMBERSHIP PRIVILEGES:
- In-store: 15% off regular-priced items
- Online: 15% off regular-priced items with a minimum spending of $100 (Promo code: SOPABC15)

PASSION SILVER / PLATINUM MEMBERSHIP PRIVILEGES:
- In-store: 20% off regular-priced items
- Online: 20% off regular-priced items with a minimum spending of $100 (Promo code: SOPASC20)","fashion, womenswear, lingerie, innerwear, apparel, women, sleepwear, swimwear",Not verified
Sorella,"The Clementi Mall, 3155 Commonwealth Avenue West, #03-37",129588,1/11/2025,31/10/2026,"BLACK PASSION MEMBERSHIP PRIVILEGES:
- In-store: 15% off regular-priced items
- Online: 15% off regular-priced items with a minimum spending of $100 (Promo code: SOPABC15)

PASSION SILVER / PLATINUM MEMBERSHIP PRIVILEGES:
- In-store: 20% off regular-priced items
- Online: 20% off regular-priced items with a minimum spending of $100 (Promo code: SOPASC20)","fashion, womenswear, lingerie, innerwear, apparel, women, sleepwear, swimwear",Not verified
Sorella,"Thomson Plaza, 301 Upper Thomson Road, #01-49",574408,1/11/2025,31/10/2026,"BLACK PASSION MEMBERSHIP PRIVILEGES:
- In-store: 15% off regular-priced items
- Online: 15% off regular-priced items with a minimum spending of $100 (Promo code: SOPABC15)

PASSION SILVER / PLATINUM MEMBERSHIP PRIVILEGES:
- In-store: 20% off regular-priced items
- Online: 20% off regular-priced items with a minimum spending of $100 (Promo code: SOPASC20)","fashion, womenswear, lingerie, innerwear, apparel, women, sleepwear, swimwear",Not verified
Sorella,"Toa Payoh, Blk 190 Toa Payoh Lorong 6, #01-556",310190,1/11/2025,31/10/2026,"BLACK PASSION MEMBERSHIP PRIVILEGES:
- In-store: 15% off regular-priced items
- Online: 15% off regular-priced items with a minimum spending of $100 (Promo code: SOPABC15)

PASSION SILVER / PLATINUM MEMBERSHIP PRIVILEGES:
- In-store: 20% off regular-priced items
- Online: 20% off regular-priced items with a minimum spending of $100 (Promo code: SOPASC20)","fashion, womenswear, lingerie, innerwear, apparel, women, sleepwear, swimwear",Not verified
Sorella,"Waterway Point, 83 Punggol Central, #B1-36",828761,1/11/2025,31/10/2026,"BLACK PASSION MEMBERSHIP PRIVILEGES:
- In-store: 15% off regular-priced items
- Online: 15% off regular-priced items with a minimum spending of $100 (Promo code: SOPABC15)

PASSION SILVER / PLATINUM MEMBERSHIP PRIVILEGES:
- In-store: 20% off regular-priced items
- Online: 20% off regular-priced items with a minimum spending of $100 (Promo code: SOPASC20)","fashion, womenswear, lingerie, innerwear, apparel, women, sleepwear, swimwear",Not verified
Sorella,"West Mall, 1 Bukit Batok Central Link, #02-24",658713,1/11/2025,31/10/2026,"BLACK PASSION MEMBERSHIP PRIVILEGES:
- In-store: 15% off regular-priced items
- Online: 15% off regular-priced items with a minimum spending of $100 (Promo code: SOPABC15)

PASSION SILVER / PLATINUM MEMBERSHIP PRIVILEGES:
- In-store: 20% off regular-priced items
- Online: 20% off regular-priced items with a minimum spending of $100 (Promo code: SOPASC20)","fashion, womenswear, lingerie, innerwear, apparel, women, sleepwear, swimwear",Not verified
Sorella,"Westgate, 3 Gateway Drive, #B1-36",608532,1/11/2025,31/10/2026,"BLACK PASSION MEMBERSHIP PRIVILEGES:
- In-store: 15% off regular-priced items
- Online: 15% off regular-priced items with a minimum spending of $100 (Promo code: SOPABC15)

PASSION SILVER / PLATINUM MEMBERSHIP PRIVILEGES:
- In-store: 20% off regular-priced items
- Online: 20% off regular-priced items with a minimum spending of $100 (Promo code: SOPASC20)","fashion, womenswear, lingerie, innerwear, apparel, women, sleepwear, swimwear",Not verified
Sorella,"White Sands, 1 Pasir Ris Central Street 3, #02-10",518457,1/11/2025,31/10/2026,"BLACK PASSION MEMBERSHIP PRIVILEGES:
- In-store: 15% off regular-priced items
- Online: 15% off regular-priced items with a minimum spending of $100 (Promo code: SOPABC15)

PASSION SILVER / PLATINUM MEMBERSHIP PRIVILEGES:
- In-store: 20% off regular-priced items
- Online: 20% off regular-priced items with a minimum spending of $100 (Promo code: SOPASC20)","fashion, womenswear, lingerie, innerwear, apparel, women, sleepwear, swimwear",Not verified
ST Signature,"ST Signature Bugis Middle, 21 Middle Road",188931,1/8/2026,31/7/2027,"PASSION MEMBERSHIP PRIVILEGE:
- Up to 26% off room rates at any ST Signature Co-Living Hotels, Singapore (Promo code: PASSION)","hotel, accommodation, travel, co-living, hostel, staycation, business travel",Not verified
ST Signature,"ST Signature Chinatown, 273A South Bridge Road",58822,1/8/2026,31/7/2027,"PASSION MEMBERSHIP PRIVILEGE:
- Up to 26% off room rates at any ST Signature Co-Living Hotels, Singapore (Promo code: PASSION)","hotel, accommodation, travel, co-living, hostel, staycation, business travel",Not verified
ST Signature,"ST Signature Jalan Besar, 15 Upper Weld Road",207373,1/8/2026,31/7/2027,"PASSION MEMBERSHIP PRIVILEGE:
- Up to 26% off room rates at any ST Signature Co-Living Hotels, Singapore (Promo code: PASSION)","hotel, accommodation, travel, co-living, hostel, staycation, business travel",Not verified
ST Signature,"ST Signature Tanjong Pagar, 32 Tras Road",78972,1/8/2026,31/7/2027,"PASSION MEMBERSHIP PRIVILEGE:
- Up to 26% off room rates at any ST Signature Co-Living Hotels, Singapore (Promo code: PASSION)","hotel, accommodation, travel, co-living, hostel, staycation, business travel",Not verified
StarHub,"Suntec City Mall, 3 Temasek Boulevard, #B1-174",38983,1/9/2025,30/8/2026,"PASSION MEMBERSHIP PRIVILEGES:
Exclusively for PAssion Members:
- Get an extra $50 off, on top of eligible device savings when you pay later with 5G Unlimited+ Plus Plan and above (for new lines/port-ins only)
- Get 20% off on our new contract-free 5G Lite Plan! Enjoy 200GB 5G data, with global calls, SMS & roaming included. Sign up now for just $22.40/month (U.P. $28/month) for new lines/port-ins only

- For endless data without interruptions, we got you. Plans start from just $30.40/month (U.P. $38/month).
   - Unlimited data, calls and SMS
   - Unlimited roaming calls and SMS across 165 destinations
   - Global roaming built-in
   - No lock-ins, no contracts
   - ScamSafe and Caller Number Display included
   - Receive monthly device credits to offset instalments for a new phone","telecom, mobile, internet, broadband, entertainment, TV, streaming, electronics",Not verified
StarHub,"Orchard Paragon, 290 Orchard Road, #B1-29",238859,1/9/2025,30/8/2026,"PASSION MEMBERSHIP PRIVILEGES:
Exclusively for PAssion Members:
- Get an extra $50 off, on top of eligible device savings when you pay later with 5G Unlimited+ Plus Plan and above (for new lines/port-ins only)
- Get 20% off on our new contract-free 5G Lite Plan! Enjoy 200GB 5G data, with global calls, SMS & roaming included. Sign up now for just $22.40/month (U.P. $28/month) for new lines/port-ins only

- For endless data without interruptions, we got you. Plans start from just $30.40/month (U.P. $38/month).
   - Unlimited data, calls and SMS
   - Unlimited roaming calls and SMS across 165 destinations
   - Global roaming built-in
   - No lock-ins, no contracts
   - ScamSafe and Caller Number Display included
   - Receive monthly device credits to offset instalments for a new phone","telecom, mobile, internet, broadband, entertainment, TV, streaming, electronics",Not verified
StarHub,"Tampines Mall, 4 Tampines Central 5, #02-27/28",529510,1/9/2025,30/8/2026,"PASSION MEMBERSHIP PRIVILEGES:
Exclusively for PAssion Members:
- Get an extra $50 off, on top of eligible device savings when you pay later with 5G Unlimited+ Plus Plan and above (for new lines/port-ins only)
- Get 20% off on our new contract-free 5G Lite Plan! Enjoy 200GB 5G data, with global calls, SMS & roaming included. Sign up now for just $22.40/month (U.P. $28/month) for new lines/port-ins only

- For endless data without interruptions, we got you. Plans start from just $30.40/month (U.P. $38/month).
   - Unlimited data, calls and SMS
   - Unlimited roaming calls and SMS across 165 destinations
   - Global roaming built-in
   - No lock-ins, no contracts
   - ScamSafe and Caller Number Display included
   - Receive monthly device credits to offset instalments for a new phone","telecom, mobile, internet, broadband, entertainment, TV, streaming, electronics",Not verified
StarHub,"NEX, 23 Serangoon Central, #B1-66/67/68",556083,1/9/2025,30/8/2026,"PASSION MEMBERSHIP PRIVILEGES:
Exclusively for PAssion Members:
- Get an extra $50 off, on top of eligible device savings when you pay later with 5G Unlimited+ Plus Plan and above (for new lines/port-ins only)
- Get 20% off on our new contract-free 5G Lite Plan! Enjoy 200GB 5G data, with global calls, SMS & roaming included. Sign up now for just $22.40/month (U.P. $28/month) for new lines/port-ins only

- For endless data without interruptions, we got you. Plans start from just $30.40/month (U.P. $38/month).
   - Unlimited data, calls and SMS
   - Unlimited roaming calls and SMS across 165 destinations
   - Global roaming built-in
   - No lock-ins, no contracts
   - ScamSafe and Caller Number Display included
   - Receive monthly device credits to offset instalments for a new phone","telecom, mobile, internet, broadband, entertainment, TV, streaming, electronics",Not verified
StarHub,"Jurong Point, 63 Jurong West Central 3, #B1-12",648331,1/9/2025,30/8/2026,"PASSION MEMBERSHIP PRIVILEGES:
Exclusively for PAssion Members:
- Get an extra $50 off, on top of eligible device savings when you pay later with 5G Unlimited+ Plus Plan and above (for new lines/port-ins only)
- Get 20% off on our new contract-free 5G Lite Plan! Enjoy 200GB 5G data, with global calls, SMS & roaming included. Sign up now for just $22.40/month (U.P. $28/month) for new lines/port-ins only

- For endless data without interruptions, we got you. Plans start from just $30.40/month (U.P. $38/month).
   - Unlimited data, calls and SMS
   - Unlimited roaming calls and SMS across 165 destinations
   - Global roaming built-in
   - No lock-ins, no contracts
   - ScamSafe and Caller Number Display included
   - Receive monthly device credits to offset instalments for a new phone","telecom, mobile, internet, broadband, entertainment, TV, streaming, electronics",Not verified
StarHub,"Causeway Point, 1 Woodlands Square, #03-10",738099,1/9/2025,30/8/2026,"PASSION MEMBERSHIP PRIVILEGES:
Exclusively for PAssion Members:
- Get an extra $50 off, on top of eligible device savings when you pay later with 5G Unlimited+ Plus Plan and above (for new lines/port-ins only)
- Get 20% off on our new contract-free 5G Lite Plan! Enjoy 200GB 5G data, with global calls, SMS & roaming included. Sign up now for just $22.40/month (U.P. $28/month) for new lines/port-ins only

- For endless data without interruptions, we got you. Plans start from just $30.40/month (U.P. $38/month).
   - Unlimited data, calls and SMS
   - Unlimited roaming calls and SMS across 165 destinations
   - Global roaming built-in
   - No lock-ins, no contracts
   - ScamSafe and Caller Number Display included
   - Receive monthly device credits to offset instalments for a new phone","telecom, mobile, internet, broadband, entertainment, TV, streaming, electronics",Not verified
StarHub,"Compass One, 1 Sengkang Square, #B1-09",545078,1/9/2025,30/8/2026,"PASSION MEMBERSHIP PRIVILEGES:
Exclusively for PAssion Members:
- Get an extra $50 off, on top of eligible device savings when you pay later with 5G Unlimited+ Plus Plan and above (for new lines/port-ins only)
- Get 20% off on our new contract-free 5G Lite Plan! Enjoy 200GB 5G data, with global calls, SMS & roaming included. Sign up now for just $22.40/month (U.P. $28/month) for new lines/port-ins only

- For endless data without interruptions, we got you. Plans start from just $30.40/month (U.P. $38/month).
   - Unlimited data, calls and SMS
   - Unlimited roaming calls and SMS across 165 destinations
   - Global roaming built-in
   - No lock-ins, no contracts
   - ScamSafe and Caller Number Display included
   - Receive monthly device credits to offset instalments for a new phone","telecom, mobile, internet, broadband, entertainment, TV, streaming, electronics",Not verified
StarHub,"Northpoint City, 930 Yishun Avenue 2, #B1-27, North Wing",769098,1/9/2025,30/8/2026,"PASSION MEMBERSHIP PRIVILEGES:
Exclusively for PAssion Members:
- Get an extra $50 off, on top of eligible device savings when you pay later with 5G Unlimited+ Plus Plan and above (for new lines/port-ins only)
- Get 20% off on our new contract-free 5G Lite Plan! Enjoy 200GB 5G data, with global calls, SMS & roaming included. Sign up now for just $22.40/month (U.P. $28/month) for new lines/port-ins only

- For endless data without interruptions, we got you. Plans start from just $30.40/month (U.P. $38/month).
   - Unlimited data, calls and SMS
   - Unlimited roaming calls and SMS across 165 destinations
   - Global roaming built-in
   - No lock-ins, no contracts
   - ScamSafe and Caller Number Display included
   - Receive monthly device credits to offset instalments for a new phone","telecom, mobile, internet, broadband, entertainment, TV, streaming, electronics",Not verified
StarHub,"Pasir Ris Mall, 7 Pasir Ris Central, #02-K16",519612,1/9/2025,30/8/2026,"PASSION MEMBERSHIP PRIVILEGES:
Exclusively for PAssion Members:
- Get an extra $50 off, on top of eligible device savings when you pay later with 5G Unlimited+ Plus Plan and above (for new lines/port-ins only)
- Get 20% off on our new contract-free 5G Lite Plan! Enjoy 200GB 5G data, with global calls, SMS & roaming included. Sign up now for just $22.40/month (U.P. $28/month) for new lines/port-ins only

- For endless data without interruptions, we got you. Plans start from just $30.40/month (U.P. $38/month).
   - Unlimited data, calls and SMS
   - Unlimited roaming calls and SMS across 165 destinations
   - Global roaming built-in
   - No lock-ins, no contracts
   - ScamSafe and Caller Number Display included
   - Receive monthly device credits to offset instalments for a new phone","telecom, mobile, internet, broadband, entertainment, TV, streaming, electronics",Not verified
StarHub,"Toa Payoh HDB Hub, 530 Toa Payoh Lorong 6, #01-09",310530,1/9/2025,30/8/2026,"PASSION MEMBERSHIP PRIVILEGES:
Exclusively for PAssion Members:
- Get an extra $50 off, on top of eligible device savings when you pay later with 5G Unlimited+ Plus Plan and above (for new lines/port-ins only)
- Get 20% off on our new contract-free 5G Lite Plan! Enjoy 200GB 5G data, with global calls, SMS & roaming included. Sign up now for just $22.40/month (U.P. $28/month) for new lines/port-ins only

- For endless data without interruptions, we got you. Plans start from just $30.40/month (U.P. $38/month).
   - Unlimited data, calls and SMS
   - Unlimited roaming calls and SMS across 165 destinations
   - Global roaming built-in
   - No lock-ins, no contracts
   - ScamSafe and Caller Number Display included
   - Receive monthly device credits to offset instalments for a new phone","telecom, mobile, internet, broadband, entertainment, TV, streaming, electronics",Not verified
StarHub,"Westgate, 3 Gateway Drive, #03-14/15",608532,1/9/2025,30/8/2026,"PASSION MEMBERSHIP PRIVILEGES:
Exclusively for PAssion Members:
- Get an extra $50 off, on top of eligible device savings when you pay later with 5G Unlimited+ Plus Plan and above (for new lines/port-ins only)
- Get 20% off on our new contract-free 5G Lite Plan! Enjoy 200GB 5G data, with global calls, SMS & roaming included. Sign up now for just $22.40/month (U.P. $28/month) for new lines/port-ins only

- For endless data without interruptions, we got you. Plans start from just $30.40/month (U.P. $38/month).
   - Unlimited data, calls and SMS
   - Unlimited roaming calls and SMS across 165 destinations
   - Global roaming built-in
   - No lock-ins, no contracts
   - ScamSafe and Caller Number Display included
   - Receive monthly device credits to offset instalments for a new phone","telecom, mobile, internet, broadband, entertainment, TV, streaming, electronics",Not verified
Sunday Staples,"313@somerset, 313 Orchard Road, #04-25",238895,1/6/2026,31/5/2027,"BLACK PASSION MEMBERSHIP PRIVILEGE:
- $6 off regular-priced items with a minimum spending of $60

PASSION SILVER / PLATINUM MEMBERSHIP PRIVILEGE:
- $9 off regular-priced items with a minimum spending of $60","fashion, womenswear, apparel, clothing, casual wear, workwear, accessories",Not verified
Sunday Staples,"Capitol Piazza, 13 Stamford Road, #B2-22",178905,1/6/2026,31/5/2027,"BLACK PASSION MEMBERSHIP PRIVILEGE:
- $6 off regular-priced items with a minimum spending of $60

PASSION SILVER / PLATINUM MEMBERSHIP PRIVILEGE:
- $9 off regular-priced items with a minimum spending of $60","fashion, womenswear, apparel, clothing, casual wear, workwear, accessories",Not verified
Sunday Staples,"Jem, 50 Jurong Gateway Road, #03-45",608549,1/6/2026,31/5/2027,"BLACK PASSION MEMBERSHIP PRIVILEGE:
- $6 off regular-priced items with a minimum spending of $60

PASSION SILVER / PLATINUM MEMBERSHIP PRIVILEGE:
- $9 off regular-priced items with a minimum spending of $60","fashion, womenswear, apparel, clothing, casual wear, workwear, accessories",Not verified
SuperBowl,"SuperBowl Jurong, 1 Yuan Ching Road, Jurong Town",618640,1/2/2026,31/1/2027,"PASSION MEMBERSHIP PRIVILEGES:
- Off-peak period (Mon – Fri)
  - $4.30 per game (U.P. $5.50)
  - $24 per lane per hour (U.P. $30)

- Peak period (Sat/Sun/Eve of & on Public Holidays)
  - $4.80 per game (U.P. $6.00)
  - $36 per lane per hour (U.P. $42)

PASSION SILVER MEMBERSHIP PRIVILEGE:
- $3 per game (U.P. $5.50)","sports, bowling, games, recreation, youth, family, entertainment",Not verified
SuperBowl,"SuperBowl Keat Hong Community Club, 2 Choa Chu Kang Loop, #04-01",689687,1/2/2026,31/1/2027,"PASSION MEMBERSHIP PRIVILEGES:
- Off-peak period (Mon – Fri)
  - $4.30 per game (U.P. $5.50)
  - $24 per lane per hour (U.P. $30)

- Peak period (Sat/Sun/Eve of & on Public Holidays)
  - $4.80 per game (U.P. $6.00)
  - $36 per lane per hour (U.P. $42)

PASSION SILVER MEMBERSHIP PRIVILEGE:
- $3 per game (U.P. $5.50)","sports, bowling, games, recreation, youth, family, entertainment",Not verified
SuperBowl,"SuperBowl HOMETEAMNS Khatib, 2 Yishun Walk, #03-02",767944,1/2/2026,31/1/2027,"PASSION MEMBERSHIP PRIVILEGES:
- Off-peak period (Mon – Fri)
  - $4.30 per game (U.P. $5.50)
  - $24 per lane per hour (U.P. $30)

- Peak period (Sat/Sun/Eve of & on Public Holidays)
  - $4.80 per game (U.P. $6.00)
  - $36 per lane per hour (U.P. $42)

PASSION SILVER MEMBERSHIP PRIVILEGE:
- $3 per game (U.P. $5.50)","sports, bowling, games, recreation, youth, family, entertainment",Not verified
SuperBowl,"SuperBowl Mount Faber, 2 Telok Blangah Way, #02-06",98803,1/2/2026,31/1/2027,"PASSION MEMBERSHIP PRIVILEGES:
- Off-peak period (Mon – Fri)
  - $4.30 per game (U.P. $5.50)
  - $24 per lane per hour (U.P. $30)

- Peak period (Sat/Sun/Eve of & on Public Holidays)
  - $4.80 per game (U.P. $6.00)
  - $36 per lane per hour (U.P. $42)

PASSION SILVER MEMBERSHIP PRIVILEGE:
- $3 per game (U.P. $5.50)","sports, bowling, games, recreation, youth, family, entertainment",Not verified
SuperBowl,"SuperBowl Siglap Community Club, 151 Bedok South Road, #04-11",460151,1/2/2026,31/1/2027,"PASSION MEMBERSHIP PRIVILEGES:
- Off-peak period (Mon – Fri)
  - $4.30 per game (U.P. $5.50)
  - $24 per lane per hour (U.P. $30)

- Peak period (Sat/Sun/Eve of & on Public Holidays)
  - $4.80 per game (U.P. $6.00)
  - $36 per lane per hour (U.P. $42)

PASSION SILVER MEMBERSHIP PRIVILEGE:
- $3 per game (U.P. $5.50)","sports, bowling, games, recreation, youth, family, entertainment",Not verified
SuperBowl,"SuperBowl SAFRA Tampines, 1A Tampines Street 92, #03-01",528882,1/2/2026,31/1/2027,"PASSION MEMBERSHIP PRIVILEGES:
- Off-peak period (Mon – Fri)
  - $4.30 per game (U.P. $5.50)
  - $24 per lane per hour (U.P. $30)

- Peak period (Sat/Sun/Eve of & on Public Holidays)
  - $4.80 per game (U.P. $6.00)
  - $36 per lane per hour (U.P. $42)

PASSION SILVER MEMBERSHIP PRIVILEGE:
- $3 per game (U.P. $5.50)","sports, bowling, games, recreation, youth, family, entertainment",Not verified
SuperBowl,"SuperBowl SAFRA Toa Payoh, 293 Lorong 6 Toa Payoh, #03-02",319387,1/2/2026,31/1/2027,"PASSION MEMBERSHIP PRIVILEGES:
- Off-peak period (Mon – Fri)
  - $4.30 per game (U.P. $5.50)
  - $24 per lane per hour (U.P. $30)

- Peak period (Sat/Sun/Eve of & on Public Holidays)
  - $4.80 per game (U.P. $6.00)
  - $36 per lane per hour (U.P. $42)

PASSION SILVER MEMBERSHIP PRIVILEGE:
- $3 per game (U.P. $5.50)","sports, bowling, games, recreation, youth, family, entertainment",Not verified
Sushi Deli,"Bukit Panjang Plaza, 1 Jelebu Road, #01-68",677743,1/4/2025,31/3/2026,"PASSION MEMBERSHIP PRIVILEGE:
- 10% off with a minimum spending of $5","food, Japanese food, sushi, sashimi, bento, rice bowls, takeaway",Not verified
Swensen's,"AMK Hub, 53 Ang Mo Kio Avenue 3, #B1-21A",569933,1/1/2026,31/12/2026,"PASSION MEMBERSHIP PRIVILEGE:
- 10% off ice-cream cakes during birthday month","food, restaurant, ice cream, desserts, family dining, burgers, Western food, cakes, sundaes",Not verified
Swensen's,"Bedok Mall, 311 New Upper Changi Road, #01-77",467360,1/1/2026,31/12/2026,"PASSION MEMBERSHIP PRIVILEGE:
- 10% off ice-cream cakes during birthday month","food, restaurant, ice cream, desserts, family dining, burgers, Western food, cakes, sundaes",Not verified
Swensen's,"Bugis Junction, 200 Victoria Street, #01-68",188021,1/1/2026,31/12/2026,"PASSION MEMBERSHIP PRIVILEGE:
- 10% off ice-cream cakes during birthday month","food, restaurant, ice cream, desserts, family dining, burgers, Western food, cakes, sundaes",Not verified
Swensen's,"Bukit Panjang Plaza, 1 Jelebu Road, #03-04",677743,1/1/2026,31/12/2026,"PASSION MEMBERSHIP PRIVILEGE:
- 10% off ice-cream cakes during birthday month","food, restaurant, ice cream, desserts, family dining, burgers, Western food, cakes, sundaes",Not verified
Swensen's,"Causeway Point, 1 Woodlands Square, #02-08/09",738099,1/1/2026,31/12/2026,"PASSION MEMBERSHIP PRIVILEGE:
- 10% off ice-cream cakes during birthday month","food, restaurant, ice cream, desserts, family dining, burgers, Western food, cakes, sundaes",Not verified
Swensen's,"Changi Airport Terminal 3, 65 Airport Boulevard, #B2-31 & 32",819663,1/1/2026,31/12/2026,"PASSION MEMBERSHIP PRIVILEGE:
- 10% off ice-cream cakes during birthday month","food, restaurant, ice cream, desserts, family dining, burgers, Western food, cakes, sundaes",Not verified
Swensen's,"Compass One, 1 Sengkang Square, #B1-16",545078,1/1/2026,31/12/2026,"PASSION MEMBERSHIP PRIVILEGE:
- 10% off ice-cream cakes during birthday month","food, restaurant, ice cream, desserts, family dining, burgers, Western food, cakes, sundaes",Not verified
Swensen's,"E!Hub @ Downtown East, 1 Pasir Ris Close, #02-121",519599,1/1/2026,31/12/2026,"PASSION MEMBERSHIP PRIVILEGE:
- 10% off ice-cream cakes during birthday month","food, restaurant, ice cream, desserts, family dining, burgers, Western food, cakes, sundaes",Not verified
Swensen's,"IMM, 2 Jurong East Street 21, #01-92/93",609601,1/1/2026,31/12/2026,"PASSION MEMBERSHIP PRIVILEGE:
- 10% off ice-cream cakes during birthday month","food, restaurant, ice cream, desserts, family dining, burgers, Western food, cakes, sundaes",Not verified
Swensen's,"Junction 8, 9 Bishan Place, #01-39",579837,1/1/2026,31/12/2026,"PASSION MEMBERSHIP PRIVILEGE:
- 10% off ice-cream cakes during birthday month","food, restaurant, ice cream, desserts, family dining, burgers, Western food, cakes, sundaes",Not verified
Swensen's,"Jurong Point, 63 Jurong West Central 3, #B1-64",648886,1/1/2026,31/12/2026,"PASSION MEMBERSHIP PRIVILEGE:
- 10% off ice-cream cakes during birthday month","food, restaurant, ice cream, desserts, family dining, burgers, Western food, cakes, sundaes",Not verified
Swensen's,"NEX, 23 Serangoon Central, #02-07/08",556083,1/1/2026,31/12/2026,"PASSION MEMBERSHIP PRIVILEGE:
- 10% off ice-cream cakes during birthday month","food, restaurant, ice cream, desserts, family dining, burgers, Western food, cakes, sundaes",Not verified
Swensen's,"Northpoint City, 930 Yishun Avenue 2, #02-14",769098,1/1/2026,31/12/2026,"PASSION MEMBERSHIP PRIVILEGE:
- 10% off ice-cream cakes during birthday month","food, restaurant, ice cream, desserts, family dining, burgers, Western food, cakes, sundaes",Not verified
Swensen's,"Parkway Parade, 80 Marine Parade Road, #B1-33/34",449269,1/1/2026,31/12/2026,"PASSION MEMBERSHIP PRIVILEGE:
- 10% off ice-cream cakes during birthday month","food, restaurant, ice cream, desserts, family dining, burgers, Western food, cakes, sundaes",Not verified
Swensen's,"Plantation Plaza (Tengah), 127 Plantation Crescent, #01-05",690127,1/1/2026,31/12/2026,"PASSION MEMBERSHIP PRIVILEGE:
- 10% off ice-cream cakes during birthday month","food, restaurant, ice cream, desserts, family dining, burgers, Western food, cakes, sundaes",Not verified
Swensen's,"Plaza Singapura, 68 Orchard Road, #03-23",238863,1/1/2026,31/12/2026,"PASSION MEMBERSHIP PRIVILEGE:
- 10% off ice-cream cakes during birthday month","food, restaurant, ice cream, desserts, family dining, burgers, Western food, cakes, sundaes",Not verified
Swensen's,"SAFRA Toa Payoh, 293 Lorong 6 Toa Payoh, #01-05",319387,1/1/2026,31/12/2026,"PASSION MEMBERSHIP PRIVILEGE:
- 10% off ice-cream cakes during birthday month","food, restaurant, ice cream, desserts, family dining, burgers, Western food, cakes, sundaes",Not verified
Swensen's,"SingPost Centre, 10 Eunos Road 8, #02-136/137",408600,1/1/2026,31/12/2026,"PASSION MEMBERSHIP PRIVILEGE:
- 10% off ice-cream cakes during birthday month","food, restaurant, ice cream, desserts, family dining, burgers, Western food, cakes, sundaes",Not verified
Swensen's,"Sun Plaza, 30 Sembawang Drive, #02-21/22",757713,1/1/2026,31/12/2026,"PASSION MEMBERSHIP PRIVILEGE:
- 10% off ice-cream cakes during birthday month","food, restaurant, ice cream, desserts, family dining, burgers, Western food, cakes, sundaes",Not verified
Swensen's,"Tampines Mall, 4 Tampines Central 5, #03-30",529510,1/1/2026,31/12/2026,"PASSION MEMBERSHIP PRIVILEGE:
- 10% off ice-cream cakes during birthday month","food, restaurant, ice cream, desserts, family dining, burgers, Western food, cakes, sundaes",Not verified
Swensen's,"The Clementi Mall, 3155 Commonwealth Avenue West, #05-31/32/33",129588,1/1/2026,31/12/2026,"PASSION MEMBERSHIP PRIVILEGE:
- 10% off ice-cream cakes during birthday month","food, restaurant, ice cream, desserts, family dining, burgers, Western food, cakes, sundaes",Not verified
Swensen's,"Thomson Plaza, 301 Upper Thomson Road, #03-23",574408,1/1/2026,31/12/2026,"PASSION MEMBERSHIP PRIVILEGE:
- 10% off ice-cream cakes during birthday month","food, restaurant, ice cream, desserts, family dining, burgers, Western food, cakes, sundaes",Not verified
Swensen's,"Waterway Point, 83 Punggol Central, #02-35",828761,1/1/2026,31/12/2026,"PASSION MEMBERSHIP PRIVILEGE:
- 10% off ice-cream cakes during birthday month","food, restaurant, ice cream, desserts, family dining, burgers, Western food, cakes, sundaes",Not verified
Swensen's,"West Mall, 1 Bukit Batok Central Link, #02-05",658713,1/1/2026,31/12/2026,"PASSION MEMBERSHIP PRIVILEGE:
- 10% off ice-cream cakes during birthday month","food, restaurant, ice cream, desserts, family dining, burgers, Western food, cakes, sundaes",Not verified
Taste Of India Singapore,"77 Rangoon Road, #01-01",218365,1/2/2026,31/1/2027,"BLACK PASSION MEMBERSHIP PRIVILEGE:
- 10% off total bill

PASSION SILVER / PLATINUM MEMBERSHIP PRIVILEGE:
- 15% off total bill","food, Indian food, curry, biryani, vegetarian, restaurant, spices",Not verified
Teo Heng Family KTV Studio,"Bukit Timah Community Club, 20 Toh Yi Drive, #03-03",596569,1/7/2026,30/6/2027,"PASSION MEMBERSHIP PRIVILEGE:
- 10% off total bill","entertainment, karaoke, singing, music, family, youth, groups",Not verified
Teo Heng Family KTV Studio,"Canberra Plaza, 133 Canberra View, #02-04/05/20",750133,1/7/2026,30/6/2027,"PASSION MEMBERSHIP PRIVILEGE:
- 10% off total bill","entertainment, karaoke, singing, music, family, youth, groups",Not verified
Teo Heng Family KTV Studio,"Causeway Point, 1 Woodlands Square, #05-01",738099,1/7/2026,30/6/2027,"PASSION MEMBERSHIP PRIVILEGE:
- 10% off total bill","entertainment, karaoke, singing, music, family, youth, groups",Not verified
Teo Heng Family KTV Studio,"Changi Airport Terminal 3, 65 Airport Boulevard, #B2-52/53/54",819663,1/7/2026,30/6/2027,"PASSION MEMBERSHIP PRIVILEGE:
- 10% off total bill","entertainment, karaoke, singing, music, family, youth, groups",Not verified
Teo Heng Family KTV Studio,"Hougang Community Club, 35 Hougang Avenue 3, #03-01",538840,1/7/2026,30/6/2027,"PASSION MEMBERSHIP PRIVILEGE:
- 10% off total bill","entertainment, karaoke, singing, music, family, youth, groups",Not verified
Teo Heng Family KTV Studio,"Jurong Point, 1 Jurong West Central 2, #01-16",648886,1/7/2026,30/6/2027,"PASSION MEMBERSHIP PRIVILEGE:
- 10% off total bill","entertainment, karaoke, singing, music, family, youth, groups",Not verified
Teo Heng Family KTV Studio,"Kallang Wave Mall, 1 Stadium Place, #01-64A/65",397628,1/7/2026,30/6/2027,"PASSION MEMBERSHIP PRIVILEGE:
- 10% off total bill","entertainment, karaoke, singing, music, family, youth, groups",Not verified
Teo Heng Family KTV Studio,"Oasis Terraces, 681 Punggol Drive, #02-27 to 33",820681,1/7/2026,30/6/2027,"PASSION MEMBERSHIP PRIVILEGE:
- 10% off total bill","entertainment, karaoke, singing, music, family, youth, groups",Not verified
Teo Heng Family KTV Studio,"Plantation Plaza (Tengah), 127 Plantation Crescent, #03-05",690127,1/7/2026,30/6/2027,"PASSION MEMBERSHIP PRIVILEGE:
- 10% off total bill","entertainment, karaoke, singing, music, family, youth, groups",Not verified
Teo Heng Family KTV Studio,"The Star Vista, 1 Vista Exchange Green, #01-23/28",138617,1/7/2026,30/6/2027,"PASSION MEMBERSHIP PRIVILEGE:
- 10% off total bill","entertainment, karaoke, singing, music, family, youth, groups",Not verified
Teo Heng Family KTV Studio,"Suntec City Mall, 3 Temasek Boulevard, #03-380/381/382",38983,1/7/2026,30/6/2027,"PASSION MEMBERSHIP PRIVILEGE:
- 10% off total bill","entertainment, karaoke, singing, music, family, youth, groups",Not verified
Teo Heng Family KTV Studio,"The Centrepoint, 176 Orchard Road, #05-09/10/11",238843,1/7/2026,30/6/2027,"PASSION MEMBERSHIP PRIVILEGE:
- 10% off total bill","entertainment, karaoke, singing, music, family, youth, groups",Not verified
Teo Heng Family KTV Studio,"White Sands, 1 Pasir Ris Central Street 3, #05-07D",518457,1/7/2026,30/6/2027,"PASSION MEMBERSHIP PRIVILEGE:
- 10% off total bill","entertainment, karaoke, singing, music, family, youth, groups",Not verified
The Alley,"Funan Mall, 107 North Bridge Road, #02-36",179105,1/9/2025,31/8/2027,"PASSION MEMBERSHIP PRIVILEGE:
- 5% off total bill","food, drinks, bubble tea, boba, milk tea, tea, coffee, desserts, takeaway",Not verified
The Alley,"Woodlands Health Campus, 17 Woodlands Drive 17, B2-13",737628,1/9/2025,31/8/2027,"PASSION MEMBERSHIP PRIVILEGE:
- 5% off total bill","food, drinks, bubble tea, boba, milk tea, tea, coffee, desserts, takeaway",Not verified
The Alley,"Sengkang Grand Mall, 70 Compassvale Bow, #01-12",544692,1/9/2025,31/8/2027,"PASSION MEMBERSHIP PRIVILEGE:
- 5% off total bill","food, drinks, bubble tea, boba, milk tea, tea, coffee, desserts, takeaway",Not verified
The Alley,"Shaw Plaza, 360 Balestier Road, #01-16",329783,1/9/2025,31/8/2027,"PASSION MEMBERSHIP PRIVILEGE:
- 5% off total bill","food, drinks, bubble tea, boba, milk tea, tea, coffee, desserts, takeaway",Not verified
The Apricus Coffee & Food Co.,248 Jalan Kayu Road,799472,1/12/2025,31/8/2027,"PASSION MEMBERSHIP PRIVILEGE:
- 10% off food & beverages","food, cafe, coffee, brunch, western food, pasta, sandwiches, desserts, drinks",Not verified
THE BLUE TIFFIN,"1 Netheravon Road, #01-01, Village Hotel Changi",508502,1/7/2026,30/6/2027,"PASSION MEMBERSHIP PRIVILEGE:
- 10% off a la carte total bill","food, Indian food, catering, buffet, curry, rice, restaurant",Not verified
The Clinic Group,"Aperia Mall, 12 Kallang Avenue, #01-08",339511,-,-,"BLACK PASSION CARD PRIVILEGES:
- GP consultation @ $28 nett
- Flu Vaccination @ $42 nett
- Healthy Life Screening @ $123.50 nett
- Premium Health Screening @ $256.50 nett
- Executives Health Screening @ $346.75 nett
- Millennium Health Screening @ $570 nett

PASSION SILVER / PLATINUM CARD PRIVILEGES:
- GP consultation @ $24 nett
- Flu Vaccination @ $38 nett
- Healthy Life Screening @ $119.60 nett
- Premium Health Screening @ $248.40 nett
- Executives Health Screening @ $335.80 nett
- Millennium Health Screening @ $552 nett","healthcare, medical clinic, aesthetic, doctors, wellness, medical services",Not verified
The Clinic Group,"CapitaGreen, 138 Market Street, #02-01A",48946,-,-,"BLACK PASSION CARD PRIVILEGES:
- GP consultation @ $28 nett
- Flu Vaccination @ $42 nett
- Healthy Life Screening @ $123.50 nett
- Premium Health Screening @ $256.50 nett
- Executives Health Screening @ $346.75 nett
- Millennium Health Screening @ $570 nett

PASSION SILVER / PLATINUM CARD PRIVILEGES:
- GP consultation @ $24 nett
- Flu Vaccination @ $38 nett
- Healthy Life Screening @ $119.60 nett
- Premium Health Screening @ $248.40 nett
- Executives Health Screening @ $335.80 nett
- Millennium Health Screening @ $552 nett","healthcare, medical clinic, aesthetic, doctors, wellness, medical services",Not verified
The Clinic Group,"Capital Tower, 168 Robinson Road, #02-02",68912,-,-,"BLACK PASSION CARD PRIVILEGES:
- GP consultation @ $28 nett
- Flu Vaccination @ $42 nett
- Healthy Life Screening @ $123.50 nett
- Premium Health Screening @ $256.50 nett
- Executives Health Screening @ $346.75 nett
- Millennium Health Screening @ $570 nett

PASSION SILVER / PLATINUM CARD PRIVILEGES:
- GP consultation @ $24 nett
- Flu Vaccination @ $38 nett
- Healthy Life Screening @ $119.60 nett
- Premium Health Screening @ $248.40 nett
- Executives Health Screening @ $335.80 nett
- Millennium Health Screening @ $552 nett","healthcare, medical clinic, aesthetic, doctors, wellness, medical services",Not verified
The Clinic Group,"Galaxis, 1 Fusionopolis Place",138522,-,-,"BLACK PASSION CARD PRIVILEGES:
- GP consultation @ $28 nett
- Flu Vaccination @ $42 nett
- Healthy Life Screening @ $123.50 nett
- Premium Health Screening @ $256.50 nett
- Executives Health Screening @ $346.75 nett
- Millennium Health Screening @ $570 nett

PASSION SILVER / PLATINUM CARD PRIVILEGES:
- GP consultation @ $24 nett
- Flu Vaccination @ $38 nett
- Healthy Life Screening @ $119.60 nett
- Premium Health Screening @ $248.40 nett
- Executives Health Screening @ $335.80 nett
- Millennium Health Screening @ $552 nett","healthcare, medical clinic, aesthetic, doctors, wellness, medical services",Not verified
The Clinic Group,"Mapletree 18, 18 Tai Seng Street, #01-07/08",539775,-,-,"BLACK PASSION CARD PRIVILEGES:
- GP consultation @ $28 nett
- Flu Vaccination @ $42 nett
- Healthy Life Screening @ $123.50 nett
- Premium Health Screening @ $256.50 nett
- Executives Health Screening @ $346.75 nett
- Millennium Health Screening @ $570 nett

PASSION SILVER / PLATINUM CARD PRIVILEGES:
- GP consultation @ $24 nett
- Flu Vaccination @ $38 nett
- Healthy Life Screening @ $119.60 nett
- Premium Health Screening @ $248.40 nett
- Executives Health Screening @ $335.80 nett
- Millennium Health Screening @ $552 nett","healthcare, medical clinic, aesthetic, doctors, wellness, medical services",Not verified
The Clinic Group,"Mapletree Business City, 20 Pasir Panjang Road, #02-26",117439,-,-,"BLACK PASSION CARD PRIVILEGES:
- GP consultation @ $28 nett
- Flu Vaccination @ $42 nett
- Healthy Life Screening @ $123.50 nett
- Premium Health Screening @ $256.50 nett
- Executives Health Screening @ $346.75 nett
- Millennium Health Screening @ $570 nett

PASSION SILVER / PLATINUM CARD PRIVILEGES:
- GP consultation @ $24 nett
- Flu Vaccination @ $38 nett
- Healthy Life Screening @ $119.60 nett
- Premium Health Screening @ $248.40 nett
- Executives Health Screening @ $335.80 nett
- Millennium Health Screening @ $552 nett","healthcare, medical clinic, aesthetic, doctors, wellness, medical services",Not verified
The Clinic Group,"The Heart @ Marina One, 5 Straits View, #B2-54",18935,-,-,"BLACK PASSION CARD PRIVILEGES:
- GP consultation @ $28 nett
- Flu Vaccination @ $42 nett
- Healthy Life Screening @ $123.50 nett
- Premium Health Screening @ $256.50 nett
- Executives Health Screening @ $346.75 nett
- Millennium Health Screening @ $570 nett

PASSION SILVER / PLATINUM CARD PRIVILEGES:
- GP consultation @ $24 nett
- Flu Vaccination @ $38 nett
- Healthy Life Screening @ $119.60 nett
- Premium Health Screening @ $248.40 nett
- Executives Health Screening @ $335.80 nett
- Millennium Health Screening @ $552 nett","healthcare, medical clinic, aesthetic, doctors, wellness, medical services",Not verified
The Clinic Group,"One George Street (Lobby C), #05-05",49145,-,-,"BLACK PASSION CARD PRIVILEGES:
- GP consultation @ $28 nett
- Flu Vaccination @ $42 nett
- Healthy Life Screening @ $123.50 nett
- Premium Health Screening @ $256.50 nett
- Executives Health Screening @ $346.75 nett
- Millennium Health Screening @ $570 nett

PASSION SILVER / PLATINUM CARD PRIVILEGES:
- GP consultation @ $24 nett
- Flu Vaccination @ $38 nett
- Healthy Life Screening @ $119.60 nett
- Premium Health Screening @ $248.40 nett
- Executives Health Screening @ $335.80 nett
- Millennium Health Screening @ $552 nett","healthcare, medical clinic, aesthetic, doctors, wellness, medical services",Not verified
The Clinic Group,"Singapore Management University (SMU), 70 Stamford Road, #B1-21",178901,-,-,"BLACK PASSION CARD PRIVILEGES:
- GP consultation @ $28 nett
- Flu Vaccination @ $42 nett
- Healthy Life Screening @ $123.50 nett
- Premium Health Screening @ $256.50 nett
- Executives Health Screening @ $346.75 nett
- Millennium Health Screening @ $570 nett

PASSION SILVER / PLATINUM CARD PRIVILEGES:
- GP consultation @ $24 nett
- Flu Vaccination @ $38 nett
- Healthy Life Screening @ $119.60 nett
- Premium Health Screening @ $248.40 nett
- Executives Health Screening @ $335.80 nett
- Millennium Health Screening @ $552 nett","healthcare, medical clinic, aesthetic, doctors, wellness, medical services",Not verified
The Clinic Group,"Westgate, 3 Gateway Drive, #04-25",608532,-,-,"BLACK PASSION CARD PRIVILEGES:
- GP consultation @ $28 nett
- Flu Vaccination @ $42 nett
- Healthy Life Screening @ $123.50 nett
- Premium Health Screening @ $256.50 nett
- Executives Health Screening @ $346.75 nett
- Millennium Health Screening @ $570 nett

PASSION SILVER / PLATINUM CARD PRIVILEGES:
- GP consultation @ $24 nett
- Flu Vaccination @ $38 nett
- Healthy Life Screening @ $119.60 nett
- Premium Health Screening @ $248.40 nett
- Executives Health Screening @ $335.80 nett
- Millennium Health Screening @ $552 nett","healthcare, medical clinic, aesthetic, doctors, wellness, medical services",Not verified
THE JELLYHEARTS,"Changi Airport Terminal 3, 65 Airport Boulevard, #B2-29,",819663,1/4/2026,31/3/2027,"PASSION MEMBERSHIP PRIVILEGE:
- 10% off all jelly cheesecakes","food, desserts, cakes, jelly, gifting, celebration, sweet treats",Not verified
THE JELLYHEARTS,"Compass One, 1 Sengkang Square, #B1-49,",545078,1/4/2026,31/3/2027,"PASSION MEMBERSHIP PRIVILEGE:
- 10% off all jelly cheesecakes","food, desserts, cakes, jelly, gifting, celebration, sweet treats",Not verified
THE JELLYHEARTS,"Downtown East, 1 Pasir Ris Close, #02-111,",519599,1/4/2026,31/3/2027,"PASSION MEMBERSHIP PRIVILEGE:
- 10% off all jelly cheesecakes","food, desserts, cakes, jelly, gifting, celebration, sweet treats",Not verified
THE JELLYHEARTS,"Eastpoint Mall, 3 Simei Street 6, #01-29,",528833,1/4/2026,31/3/2027,"PASSION MEMBERSHIP PRIVILEGE:
- 10% off all jelly cheesecakes","food, desserts, cakes, jelly, gifting, celebration, sweet treats",Not verified
THE JELLYHEARTS,"Hersing Kitchen, 21 Tampines Street 92, #03-03,",528891,1/4/2026,31/3/2027,"PASSION MEMBERSHIP PRIVILEGE:
- 10% off all jelly cheesecakes","food, desserts, cakes, jelly, gifting, celebration, sweet treats",Not verified
THE JELLYHEARTS,"Our Tampines Hub, 1 Tampines Walk, B1-K14,",528523,1/4/2026,31/3/2027,"PASSION MEMBERSHIP PRIVILEGE:
- 10% off all jelly cheesecakes","food, desserts, cakes, jelly, gifting, celebration, sweet treats",Not verified
THE JELLYHEARTS,"Plantation Plaza (Tengah), Brunch & Co Cafe, 127 Plantation Crescent, #02-18,",690127,1/4/2026,31/3/2027,"PASSION MEMBERSHIP PRIVILEGE:
- 10% off all jelly cheesecakes","food, desserts, cakes, jelly, gifting, celebration, sweet treats",Not verified
THE JELLYHEARTS,"Plaza Singapura, 68 Orchard Road, #B2-61,",238839,1/4/2026,31/3/2027,"PASSION MEMBERSHIP PRIVILEGE:
- 10% off all jelly cheesecakes","food, desserts, cakes, jelly, gifting, celebration, sweet treats",Not verified
THE JELLYHEARTS,"The Clementi Mall, 3155 Commonwealth Avenue West, #04-K7,",129588,1/4/2026,31/3/2027,"PASSION MEMBERSHIP PRIVILEGE:
- 10% off all jelly cheesecakes","food, desserts, cakes, jelly, gifting, celebration, sweet treats",Not verified
THE JELLYHEARTS,"The Woodleigh Mall, 11 Bidadari Park Drive, #B1-K9,",367803,1/4/2026,31/3/2027,"PASSION MEMBERSHIP PRIVILEGE:
- 10% off all jelly cheesecakes","food, desserts, cakes, jelly, gifting, celebration, sweet treats",Not verified
THE JELLYHEARTS,"VivoCity, 1 HarbourFront Walk, #B2-06A,",98585,1/4/2026,31/3/2027,"PASSION MEMBERSHIP PRIVILEGE:
- 10% off all jelly cheesecakes","food, desserts, cakes, jelly, gifting, celebration, sweet treats",Not verified
The Pet Safari,"NEX, 23 Serangoon Central, #04-03 & #04-71",556083,1/1/2026,31/12/2026,"PASSION MEMBERSHIP PRIVILEGES:
- 3% off regular-priced items with a minimum spending of $15","pets, pet food, pet supplies, dogs, cats, pet accessories, grooming, animal care",Not verified
The Pet Safari,"The Star Vista, 1 Vista Exchange Green, #01-14/15",138617,1/1/2026,31/12/2026,"PASSION MEMBERSHIP PRIVILEGES:
- 3% off regular-priced items with a minimum spending of $15","pets, pet food, pet supplies, dogs, cats, pet accessories, grooming, animal care",Not verified
The Pet Safari,"VivoCity, 1 Harbourfront Walk, #03-03",98585,1/1/2026,31/12/2026,"PASSION MEMBERSHIP PRIVILEGES:
- 3% off regular-priced items with a minimum spending of $15","pets, pet food, pet supplies, dogs, cats, pet accessories, grooming, animal care",Not verified
The Pet Safari,"Waterway Point, 83 Punggol Central, #B2-10",828761,1/1/2026,31/12/2026,"PASSION MEMBERSHIP PRIVILEGES:
- 3% off regular-priced items with a minimum spending of $15","pets, pet food, pet supplies, dogs, cats, pet accessories, grooming, animal care",Not verified
The Populus Coffee & Food Co.,146 Neil Road,88875,1/12/2025,30/11/2026,"PASSION MEMBERSHIP PRIVILEGE:
- 10% off food & beverages","food, cafe, coffee, brunch, Western food, Asian food, pasta, desserts, drinks",Not verified
The Wallet Shop,"Bedok Mall, 311 New Upper Changi Road, #01-57-59",467360,1/4/2026,31/3/2027,"PASSION MEMBERSHIP PRIVILEGE:
- 10% off regular-priced items with a minimum spending of $100","fashion, wallets, bags, leather goods, accessories, travel accessories, gifts",Not verified
The Wallet Shop,"Bugis Junction, 200 Victoria Street, #02-18E",188021,1/4/2026,31/3/2027,"PASSION MEMBERSHIP PRIVILEGE:
- 10% off regular-priced items with a minimum spending of $100","fashion, wallets, bags, leather goods, accessories, travel accessories, gifts",Not verified
The Wallet Shop,"Changi Airport Terminal 3, 65 Airport Boulevard, #B2-08/09",819663,1/4/2026,31/3/2027,"PASSION MEMBERSHIP PRIVILEGE:
- 10% off regular-priced items with a minimum spending of $100","fashion, wallets, bags, leather goods, accessories, travel accessories, gifts",Not verified
The Wallet Shop,"Northpoint City, 930 Yishun Avenue 2, #01-20",769098,1/4/2026,31/3/2027,"PASSION MEMBERSHIP PRIVILEGE:
- 10% off regular-priced items with a minimum spending of $100","fashion, wallets, bags, leather goods, accessories, travel accessories, gifts",Not verified
The Wallet Shop,"Parkway Parade, 80 Marine Parade Road, #01-31",449269,1/4/2026,31/3/2027,"PASSION MEMBERSHIP PRIVILEGE:
- 10% off regular-priced items with a minimum spending of $100","fashion, wallets, bags, leather goods, accessories, travel accessories, gifts",Not verified
The Wallet Shop,"Paya Lebar Quarter Mall (PLQ), 10 Paya Lebar Road, #01-33",409057,1/4/2026,31/3/2027,"PASSION MEMBERSHIP PRIVILEGE:
- 10% off regular-priced items with a minimum spending of $100","fashion, wallets, bags, leather goods, accessories, travel accessories, gifts",Not verified
The Wallet Shop,"Tampines Mall, 4 Tampines Central 5, #02-09",529510,1/4/2026,31/3/2027,"PASSION MEMBERSHIP PRIVILEGE:
- 10% off regular-priced items with a minimum spending of $100","fashion, wallets, bags, leather goods, accessories, travel accessories, gifts",Not verified
The Wallet Shop,"The Clementi Mall, 3155 Commonwealth Avenue West, #04-35/36",129588,1/4/2026,31/3/2027,"PASSION MEMBERSHIP PRIVILEGE:
- 10% off regular-priced items with a minimum spending of $100","fashion, wallets, bags, leather goods, accessories, travel accessories, gifts",Not verified
The Wallet Shop,"Waterway Point, 83 Punggol Central, #01-75",828761,1/4/2026,31/3/2027,"PASSION MEMBERSHIP PRIVILEGE:
- 10% off regular-priced items with a minimum spending of $100","fashion, wallets, bags, leather goods, accessories, travel accessories, gifts",Not verified
The Wallet Shop,"Westgate, 3 Gateway Drive, #02-33",608532,1/4/2026,31/3/2027,"PASSION MEMBERSHIP PRIVILEGE:
- 10% off regular-priced items with a minimum spending of $100","fashion, wallets, bags, leather goods, accessories, travel accessories, gifts",Not verified
THE WHITE TIFFIN,"Changi City Point, 5 Changi Business Park Central 1, #01-44",486038,1/7/2026,30/6/2027,"PASSION MEMBERSHIP PRIVILEGE:
- Free Traditional Cake / Nyonya Kueh (U.P. $1.65 - $2.20) with a minimum spending of $20","food, Indian food, catering, buffet, curry, rice, restaurant",Not verified
THE WHITE TIFFIN,"Esplanade Xchange, 90 Bras Basah Road, #B1-06/45",189562,1/7/2026,30/6/2027,"PASSION MEMBERSHIP PRIVILEGE:
- Free Traditional Cake / Nyonya Kueh (U.P. $1.65 - $2.20) with a minimum spending of $20","food, Indian food, catering, buffet, curry, rice, restaurant",Not verified
THE WHITE TIFFIN,"Toa Payoh HDB Hub, 480 Lorong 6 Toa Payoh, #01-12",310480,1/7/2026,30/6/2027,"PASSION MEMBERSHIP PRIVILEGE:
- Free Traditional Cake / Nyonya Kueh (U.P. $1.65 - $2.20) with a minimum spending of $20","food, Indian food, catering, buffet, curry, rice, restaurant",Not verified
THE WHITE TIFFIN,"Woods Square, 6 Woodlands Square, #B2-01",737737,1/7/2026,30/6/2027,"PASSION MEMBERSHIP PRIVILEGE:
- Free Traditional Cake / Nyonya Kueh (U.P. $1.65 - $2.20) with a minimum spending of $20","food, Indian food, catering, buffet, curry, rice, restaurant",Not verified
Thye Moh Chan,"Chinatown Point, 133 New Bridge Road, #01-45",59413,1/9/2025,31/8/2026,"PASSION MEMBERSHIP PRIVILEGE:
- 5% off regular-priced items","food, bakery, traditional Chinese snacks, pastries, mooncakes, gifts, biscuits, tea snacks",Not verified
Thye Moh Chan,"Jewel Changi Airport, 78 Airport Boulevard, #B2-231",819666,1/9/2025,31/8/2026,"PASSION MEMBERSHIP PRIVILEGE:
- 5% off regular-priced items","food, bakery, traditional Chinese snacks, pastries, mooncakes, gifts, biscuits, tea snacks",Not verified
Thye Moh Chan,"Jurong Point, 63 Jurong West Central 3, #B1-105",648331,1/9/2025,31/8/2026,"PASSION MEMBERSHIP PRIVILEGE:
- 5% off regular-priced items","food, bakery, traditional Chinese snacks, pastries, mooncakes, gifts, biscuits, tea snacks",Not verified
Thye Moh Chan,"NEX, 23 Serangoon Central, #B2-58/59",556083,1/9/2025,31/8/2026,"PASSION MEMBERSHIP PRIVILEGE:
- 5% off regular-priced items","food, bakery, traditional Chinese snacks, pastries, mooncakes, gifts, biscuits, tea snacks",Not verified
Thye Moh Chan,"Orchard Paragon, 290 Orchard Road, #B1-12",238859,1/9/2025,31/8/2026,"PASSION MEMBERSHIP PRIVILEGE:
- 5% off regular-priced items","food, bakery, traditional Chinese snacks, pastries, mooncakes, gifts, biscuits, tea snacks",Not verified
Tip Top Curry Puff,"Bugis Junction, 200 Victoria Street, #01-68A",188021,1/2/2026,31/1/2027,"PASSION MEMBERSHIP PRIVILEGE:
- Free Chicken Puff or Sardine Puff (U.P. $2.20) with a minimum spending of $12 in a single receipt","food, curry puff, snacks, pastries, local food, takeaway",Not verified
Tip Top Curry Puff,"Century Square, 2 Tampines Central, #01-38",529509,1/2/2026,31/1/2027,"PASSION MEMBERSHIP PRIVILEGE:
- Free Chicken Puff or Sardine Puff (U.P. $2.20) with a minimum spending of $12 in a single receipt","food, curry puff, snacks, pastries, local food, takeaway",Not verified
Tip Top Curry Puff,"Compass One, 1 Sengkang Square, #B1-45",545078,1/2/2026,31/1/2027,"PASSION MEMBERSHIP PRIVILEGE:
- Free Chicken Puff or Sardine Puff (U.P. $2.20) with a minimum spending of $12 in a single receipt","food, curry puff, snacks, pastries, local food, takeaway",Not verified
Tip Top Curry Puff,"Downtown East, 1 Pasir Ris Close, #02-109",188021,1/2/2026,31/1/2027,"PASSION MEMBERSHIP PRIVILEGE:
- Free Chicken Puff or Sardine Puff (U.P. $2.20) with a minimum spending of $12 in a single receipt","food, curry puff, snacks, pastries, local food, takeaway",Not verified
Tip Top Curry Puff,"Guoco Tower, 7 Wallich Street, #B2-20",78884,1/2/2026,31/1/2027,"PASSION MEMBERSHIP PRIVILEGE:
- Free Chicken Puff or Sardine Puff (U.P. $2.20) with a minimum spending of $12 in a single receipt","food, curry puff, snacks, pastries, local food, takeaway",Not verified
Tip Top Curry Puff,"One Raffles Place, 1 Raffles Place, #B1-26",48616,1/2/2026,31/1/2027,"PASSION MEMBERSHIP PRIVILEGE:
- Free Chicken Puff or Sardine Puff (U.P. $2.20) with a minimum spending of $12 in a single receipt","food, curry puff, snacks, pastries, local food, takeaway",Not verified
TOMORO COFFEE,"ICON Link@ClubStreet, 8 Club Street, #B2-22/23",69472,1/4/2026,31/3/2027,"PASSION MEMBERSHIP PRIVILEGE:
- 10% off total bill","food, drinks, coffee, specialty coffee, latte, tea, cafe, pastries, takeaway",Not verified
TOMORO COFFEE,"Khoo Teck Puat Hospital, Tower C Level 1 Main Lobby, #01-10",768828,1/4/2026,31/3/2027,"PASSION MEMBERSHIP PRIVILEGE:
- 10% off total bill","food, drinks, coffee, specialty coffee, latte, tea, cafe, pastries, takeaway",Not verified
TOMORO COFFEE,"NUH, Kent Ridge Wing, Level 3",119074,1/4/2026,31/3/2027,"PASSION MEMBERSHIP PRIVILEGE:
- 10% off total bill","food, drinks, coffee, specialty coffee, latte, tea, cafe, pastries, takeaway",Not verified
TOMORO COFFEE,"Hon Sui Sen Memorial Library, Level 2",117588,1/4/2026,31/3/2027,"PASSION MEMBERSHIP PRIVILEGE:
- 10% off total bill","food, drinks, coffee, specialty coffee, latte, tea, cafe, pastries, takeaway",Not verified
TOMORO COFFEE,"Paya Lebar Quarter (PLQ 3), Level 1, #01-08A",437161,1/4/2026,31/3/2027,"PASSION MEMBERSHIP PRIVILEGE:
- 10% off total bill","food, drinks, coffee, specialty coffee, latte, tea, cafe, pastries, takeaway",Not verified
TOMORO COFFEE,"Sengkang Grand Mall, 70 Compassvale Bow, #01-04",544692,1/4/2026,31/3/2027,"PASSION MEMBERSHIP PRIVILEGE:
- 10% off total bill","food, drinks, coffee, specialty coffee, latte, tea, cafe, pastries, takeaway",Not verified
TOMORO COFFEE,"Square 2, 10 Sinaran Drive, #01-49/50",307506,1/4/2026,31/3/2027,"PASSION MEMBERSHIP PRIVILEGE:
- 10% off total bill","food, drinks, coffee, specialty coffee, latte, tea, cafe, pastries, takeaway",Not verified
TOMORO COFFEE,"Woodlands Hospital, 17 Woodlands Drive, #B2-12",737628,1/4/2026,31/3/2027,"PASSION MEMBERSHIP PRIVILEGE:
- 10% off total bill","food, drinks, coffee, specialty coffee, latte, tea, cafe, pastries, takeaway",Not verified
TOMORO COFFEE,"The Linq @ Beauty World, 118 Upper Bukit Timah Road, #01-25",588173,1/4/2026,31/3/2027,"PASSION MEMBERSHIP PRIVILEGE:
- 10% off total bill","food, drinks, coffee, specialty coffee, latte, tea, cafe, pastries, takeaway",Not verified
Tooth Stories,"501 Jurong West Street 51, #01-285",640501,-,-,"BLACK PASSION MEMBERSHIP PRIVILEGES:
- Dental Scaling & Polishing @ $98 nett
- Topical Fluoride @ $12 nett
- Take Home Whitening @ $598 nett

PASSION SILVER / PLATINUM MEMBERSHIP PRIVILEGES:
- Dental Scaling & Polishing @ $93 nett
- Topical Fluoride @ $12 nett
- Take Home Whitening @ $588 nett","dental, dentist, oral care, family dental, braces, dental treatment",Not verified
Tooth Stories,"254 Serangoon Central Drive, #01-221",550254,-,-,"BLACK PASSION MEMBERSHIP PRIVILEGES:
- Dental Scaling & Polishing @ $98 nett
- Topical Fluoride @ $12 nett
- Take Home Whitening @ $598 nett

PASSION SILVER / PLATINUM MEMBERSHIP PRIVILEGES:
- Dental Scaling & Polishing @ $93 nett
- Topical Fluoride @ $12 nett
- Take Home Whitening @ $588 nett","dental, dentist, oral care, family dental, braces, dental treatment",Not verified
Tooth Stories,"Blk 503 Tampines Central 1, #01-311",520503,-,-,"BLACK PASSION MEMBERSHIP PRIVILEGES:
- Dental Scaling & Polishing @ $98 nett
- Topical Fluoride @ $12 nett
- Take Home Whitening @ $598 nett

PASSION SILVER / PLATINUM MEMBERSHIP PRIVILEGES:
- Dental Scaling & Polishing @ $93 nett
- Topical Fluoride @ $12 nett
- Take Home Whitening @ $588 nett","dental, dentist, oral care, family dental, braces, dental treatment",Not verified
Trapped,"Trapped Escape Room @ The Centrepoint, 176 Orchard Road, #03-26",238843,1/1/2026,31/12/2026,"PASSION MEMBERSHIP PRIVILEGE:
- $5 off Standard Price for Trapped Escape Room (U.P. $38.90/$32.90 per pax)","entertainment, escape room, games, puzzles, team building, youth, friends",Not verified
Triggered Games SG,"Cathay Cineleisure Orchard, 8 Grange Road, #02-08/09",239695,1/3/2026,28/2/2027,"PASSION MEMBERSHIP PRIVILEGE:
- 15% off Standard Price at Triggered Games
 
- Off-peak (all day Mon – Thu, Fri before 6 PM)
- U.P. $16 per pax

- Peak (Fri 6 PM onwards / all day weekends & public holidays)
- U.P. $20 per pax","entertainment, arcade, games, gaming, youth, friends, recreation",Not verified
Tuk Tuk Cha,"Compass One, 1 Sengkang Square, #01-47",545078,1/4/2026,31/3/2027,"PASSION MEMBERSHIP PRIVILEGE:
- 10% off total bill","food, drinks, Thai tea, milk tea, bubble tea, boba, snacks, desserts, Thai beverages",Not verified
Tuk Tuk Cha,"Jurong Point, 1 Jurong West Central 2, #02-K9/K10",648886,1/4/2026,31/3/2027,"PASSION MEMBERSHIP PRIVILEGE:
- 10% off total bill","food, drinks, Thai tea, milk tea, bubble tea, boba, snacks, desserts, Thai beverages",Not verified
Tuk Tuk Cha,"NEX, 23 Serangoon Central, #02-12",556083,1/4/2026,31/3/2027,"PASSION MEMBERSHIP PRIVILEGE:
- 10% off total bill","food, drinks, Thai tea, milk tea, bubble tea, boba, snacks, desserts, Thai beverages",Not verified
Tuk Tuk Cha,"Paya Lebar Quarter Mall (PLQ), 10 Paya Lebar Road, #01-K4",409057,1/4/2026,31/3/2027,"PASSION MEMBERSHIP PRIVILEGE:
- 10% off total bill","food, drinks, Thai tea, milk tea, bubble tea, boba, snacks, desserts, Thai beverages",Not verified
Tuk Tuk Cha,"Tampines 1, 10 Tampines Central 1, #B1-K3",529536,1/4/2026,31/3/2027,"PASSION MEMBERSHIP PRIVILEGE:
- 10% off total bill","food, drinks, Thai tea, milk tea, bubble tea, boba, snacks, desserts, Thai beverages",Not verified
Twyst,"Asia Square Tower 2, 12 Marina View Food Garden, #02-05",18961,1/1/2026,31/12/2026,"PASSION MEMBERSHIP PRIVILEGE:
- Free Can Drink / Yuzu Lemonade (worth $2.50) with every purchase of Chef’s Signatures Pasta (U.P. $9.90 to $11.50)","fashion, apparel, clothing, accessories, lifestyle",Not verified
Twyst,"Century Square, 2 Tampines Central 5, #B1-11",529509,1/1/2026,31/12/2026,"PASSION MEMBERSHIP PRIVILEGE:
- Free Can Drink / Yuzu Lemonade (worth $2.50) with every purchase of Chef’s Signatures Pasta (U.P. $9.90 to $11.50)","fashion, apparel, clothing, accessories, lifestyle",Not verified
Twyst,"City Square Mall, 180 Kitchener Road, #B1-K10/K11/K13",208539,1/1/2026,31/12/2026,"PASSION MEMBERSHIP PRIVILEGE:
- Free Can Drink / Yuzu Lemonade (worth $2.50) with every purchase of Chef’s Signatures Pasta (U.P. $9.90 to $11.50)","fashion, apparel, clothing, accessories, lifestyle",Not verified
Twyst,"Guoco Tower, 7 Wallich Street, #B1-17",78884,1/1/2026,31/12/2026,"PASSION MEMBERSHIP PRIVILEGE:
- Free Can Drink / Yuzu Lemonade (worth $2.50) with every purchase of Chef’s Signatures Pasta (U.P. $9.90 to $11.50)","fashion, apparel, clothing, accessories, lifestyle",Not verified
Twyst,"ION Orchard, 2 Orchard Turn, #B4-57",238801,1/1/2026,31/12/2026,"PASSION MEMBERSHIP PRIVILEGE:
- Free Can Drink / Yuzu Lemonade (worth $2.50) with every purchase of Chef’s Signatures Pasta (U.P. $9.90 to $11.50)","fashion, apparel, clothing, accessories, lifestyle",Not verified
Twyst,"Jem, 50 Jurong Gateway Road, #B1-K14",608549,1/1/2026,31/12/2026,"PASSION MEMBERSHIP PRIVILEGE:
- Free Can Drink / Yuzu Lemonade (worth $2.50) with every purchase of Chef’s Signatures Pasta (U.P. $9.90 to $11.50)","fashion, apparel, clothing, accessories, lifestyle",Not verified
Twyst,"Northpoint City, 1 North Point Drive, #B2-138",768019,1/1/2026,31/12/2026,"PASSION MEMBERSHIP PRIVILEGE:
- Free Can Drink / Yuzu Lemonade (worth $2.50) with every purchase of Chef’s Signatures Pasta (U.P. $9.90 to $11.50)","fashion, apparel, clothing, accessories, lifestyle",Not verified
Twyst,"Plaza 8 @ CBP, 1 Changi Business Park Crescent, #01-23",486025,1/1/2026,31/12/2026,"PASSION MEMBERSHIP PRIVILEGE:
- Free Can Drink / Yuzu Lemonade (worth $2.50) with every purchase of Chef’s Signatures Pasta (U.P. $9.90 to $11.50)","fashion, apparel, clothing, accessories, lifestyle",Not verified
Twyst,"Raffles Place MRT Station, 5 Raffles Place, #B1-25/26",48618,1/1/2026,31/12/2026,"PASSION MEMBERSHIP PRIVILEGE:
- Free Can Drink / Yuzu Lemonade (worth $2.50) with every purchase of Chef’s Signatures Pasta (U.P. $9.90 to $11.50)","fashion, apparel, clothing, accessories, lifestyle",Not verified
Twyst,"Sengkang Grand Mall, 70 Compassvale Bow, #01-05",544692,1/1/2026,31/12/2026,"PASSION MEMBERSHIP PRIVILEGE:
- Free Can Drink / Yuzu Lemonade (worth $2.50) with every purchase of Chef’s Signatures Pasta (U.P. $9.90 to $11.50)","fashion, apparel, clothing, accessories, lifestyle",Not verified
Twyst,"SingPost Centre, 10 Eunos Road 8, #01-117/118/119",408600,1/1/2026,31/12/2026,"PASSION MEMBERSHIP PRIVILEGE:
- Free Can Drink / Yuzu Lemonade (worth $2.50) with every purchase of Chef’s Signatures Pasta (U.P. $9.90 to $11.50)","fashion, apparel, clothing, accessories, lifestyle",Not verified
Twyst,"The Metropolis, 9 North Buona Vista Drive, #01-15",138588,1/1/2026,31/12/2026,"PASSION MEMBERSHIP PRIVILEGE:
- Free Can Drink / Yuzu Lemonade (worth $2.50) with every purchase of Chef’s Signatures Pasta (U.P. $9.90 to $11.50)","fashion, apparel, clothing, accessories, lifestyle",Not verified
Twyst,"White Sands, 1 Pasir Ris Central Street 3, #B1-K14",518457,1/1/2026,31/12/2026,"PASSION MEMBERSHIP PRIVILEGE:
- Free Can Drink / Yuzu Lemonade (worth $2.50) with every purchase of Chef’s Signatures Pasta (U.P. $9.90 to $11.50)","fashion, apparel, clothing, accessories, lifestyle",Not verified
Vivian & Sean,"Causeway Point, 1 Woodlands Square, #02-12",738099,1/1/2026,31/12/2026,"PASSION MEMBERSHIP PRIVILEGES:
- 5% off luggage and bags
- 10% off house brand shoes","fashion, apparel, clothing, lifestyle, accessories",Not verified
Vivian & Sean,"Century Square, 2 Tampines Central 5, #01-05",529509,1/1/2026,31/12/2026,"PASSION MEMBERSHIP PRIVILEGES:
- 5% off luggage and bags
- 10% off house brand shoes","fashion, apparel, clothing, lifestyle, accessories",Not verified
Vivian & Sean,"Lot One Shoppers' Mall, 21 Choa Chu Kang Avenue 4, #02-15",689812,1/1/2026,31/12/2026,"PASSION MEMBERSHIP PRIVILEGES:
- 5% off luggage and bags
- 10% off house brand shoes","fashion, apparel, clothing, lifestyle, accessories",Not verified
Vivian & Sean,"Northpoint City, 930 Yishun Avenue 2, #02-47",769098,1/1/2026,31/12/2026,"PASSION MEMBERSHIP PRIVILEGES:
- 5% off luggage and bags
- 10% off house brand shoes","fashion, apparel, clothing, lifestyle, accessories",Not verified
Vivian & Sean,"The Clementi Mall, 3155 Commonwealth Avenue West, #03-12",129588,1/1/2026,31/12/2026,"PASSION MEMBERSHIP PRIVILEGES:
- 5% off luggage and bags
- 10% off house brand shoes","fashion, apparel, clothing, lifestyle, accessories",Not verified
Vivian & Sean,"West Mall, 1 Bukit Batok Central Link, #02-25",658713,1/1/2026,31/12/2026,"PASSION MEMBERSHIP PRIVILEGES:
- 5% off luggage and bags
- 10% off house brand shoes","fashion, apparel, clothing, lifestyle, accessories",Not verified
W OPTICS,"Bedok Mall, 311 New Upper Changi Road, #01-81/82",467360,1/10/2025,30/9/2026,"BLACK PASSION MEMBERSHIP PRIVILEGE:
- 8% off total bill

PASSION SILVER / PLATINUM MEMBERSHIP PRIVILEGE:
- 10% off total bill","optical, eyewear, glasses, spectacles, contact lenses, sunglasses, eye care",Not verified
W OPTICS,"Causeway Point, 1 Woodlands Square, #02-20",738099,1/10/2025,30/9/2026,"BLACK PASSION MEMBERSHIP PRIVILEGE:
- 8% off total bill

PASSION SILVER / PLATINUM MEMBERSHIP PRIVILEGE:
- 10% off total bill","optical, eyewear, glasses, spectacles, contact lenses, sunglasses, eye care",Not verified
W OPTICS,"Compass One, 1 Sengkang Square, #02-48",545078,1/10/2025,30/9/2026,"BLACK PASSION MEMBERSHIP PRIVILEGE:
- 8% off total bill

PASSION SILVER / PLATINUM MEMBERSHIP PRIVILEGE:
- 10% off total bill","optical, eyewear, glasses, spectacles, contact lenses, sunglasses, eye care",Not verified
W OPTICS,"Forum The Shopping Mall, 583 Orchard Road, #01-26/27/35/36/37",238884,1/10/2025,30/9/2026,"BLACK PASSION MEMBERSHIP PRIVILEGE:
- 8% off total bill

PASSION SILVER / PLATINUM MEMBERSHIP PRIVILEGE:
- 10% off total bill","optical, eyewear, glasses, spectacles, contact lenses, sunglasses, eye care",Not verified
W OPTICS,"Great World City, 1 Kim Seng Promenade, #02-122",237994,1/10/2025,30/9/2026,"BLACK PASSION MEMBERSHIP PRIVILEGE:
- 8% off total bill

PASSION SILVER / PLATINUM MEMBERSHIP PRIVILEGE:
- 10% off total bill","optical, eyewear, glasses, spectacles, contact lenses, sunglasses, eye care",Not verified
W OPTICS,"Kallang Wave Mall, 1 Stadium Place, #01-48",397628,1/10/2025,30/9/2026,"BLACK PASSION MEMBERSHIP PRIVILEGE:
- 8% off total bill

PASSION SILVER / PLATINUM MEMBERSHIP PRIVILEGE:
- 10% off total bill","optical, eyewear, glasses, spectacles, contact lenses, sunglasses, eye care",Not verified
W OPTICS,"Marina Square, 6 Raffles Boulevard, #02-20/21/22",39594,1/10/2025,30/9/2026,"BLACK PASSION MEMBERSHIP PRIVILEGE:
- 8% off total bill

PASSION SILVER / PLATINUM MEMBERSHIP PRIVILEGE:
- 10% off total bill","optical, eyewear, glasses, spectacles, contact lenses, sunglasses, eye care",Not verified
W OPTICS,"Pasir Ris Mall, 7 Pasir Ris Central, #02-22",519612,1/10/2025,30/9/2026,"BLACK PASSION MEMBERSHIP PRIVILEGE:
- 8% off total bill

PASSION SILVER / PLATINUM MEMBERSHIP PRIVILEGE:
- 10% off total bill","optical, eyewear, glasses, spectacles, contact lenses, sunglasses, eye care",Not verified
W OPTICS,"Suntec City Mall, 3 Temasek Boulevard, #01-400",38983,1/10/2025,30/9/2026,"BLACK PASSION MEMBERSHIP PRIVILEGE:
- 8% off total bill

PASSION SILVER / PLATINUM MEMBERSHIP PRIVILEGE:
- 10% off total bill","optical, eyewear, glasses, spectacles, contact lenses, sunglasses, eye care",Not verified
W OPTICS,"Tanglin Mall, 163 Tanglin Road, #03-124",247933,1/10/2025,30/9/2026,"BLACK PASSION MEMBERSHIP PRIVILEGE:
- 8% off total bill

PASSION SILVER / PLATINUM MEMBERSHIP PRIVILEGE:
- 10% off total bill","optical, eyewear, glasses, spectacles, contact lenses, sunglasses, eye care",Not verified
W OPTICS,"The Centrepoint, 176 Orchard Road, #01-34/35/36/37/38/39",238843,1/10/2025,30/9/2026,"BLACK PASSION MEMBERSHIP PRIVILEGE:
- 8% off total bill

PASSION SILVER / PLATINUM MEMBERSHIP PRIVILEGE:
- 10% off total bill","optical, eyewear, glasses, spectacles, contact lenses, sunglasses, eye care",Not verified
W OPTICS,"Raffles Place MRT Station, 5 Raffles Place, #B1-25/26",98585,1/10/2025,30/9/2026,"BLACK PASSION MEMBERSHIP PRIVILEGE:
- 8% off total bill

PASSION SILVER / PLATINUM MEMBERSHIP PRIVILEGE:
- 10% off total bill","optical, eyewear, glasses, spectacles, contact lenses, sunglasses, eye care",Not verified
W OPTICS,"Wheelock Place, 501 Orchard Road, #03-03",238880,1/10/2025,30/9/2026,"BLACK PASSION MEMBERSHIP PRIVILEGE:
- 8% off total bill

PASSION SILVER / PLATINUM MEMBERSHIP PRIVILEGE:
- 10% off total bill","optical, eyewear, glasses, spectacles, contact lenses, sunglasses, eye care",Not verified
Waka Waka Indoor Playground,"407 Havelock Road, #05-01, Annex@furama",169634,1/6/2026,31/5/2027,"PASSION MEMBERSHIP PRIVILEGES:
- Weekday (Thu - Fri) admission rates @ $18 (U.P. $28)
- Weekend / Eve of Public Holidays / Public Holidays / School Holidays admission rates @  $23 (U.P. $34)
- 10% off Eat & Play Package (U.P. $78++) Promo Code: PASSION2025
  - Dine at Waterfall Lounge with an option to choose a lunch set (2 Main Courses + Kids meal, including beverages) or Waterfall Fall Tea Bliss High-Tea Set
  - UNLIMITED weekday playtime admission for 1 child and 2 adults at Waka Waka Indoor Playground","kids, family, playground, indoor play, children, youth, recreation",Not verified
Wings of Time Fireworks Symphony,60 Siloso Beach Walk,98997,1/4/2026,31/3/2027,"PASSION MEMBERSHIP PRIVILEGE:
- 25% off Wings of Time Fireworks Symphony (Standard Seat) (U.P. $22)
- Online bundle: SkyPass Premium Round Trip + Wings of Time Fireworks Symphony (Standard) + Adventure Cove at $67 (U.P. $104 per Adult)
- Online bundle: SkyPass Premium Round Trip + Wings of Time Fireworks Symphony (Standard) + Adventure Cove at $55 (U.P. $86 per Child)

PASSION SILVER MEMBERSHIP PRIVILEGE:
- 30% off Wings of Time Fireworks Symphony (Standard Seat) (U.P. $22)","attractions, entertainment, fireworks, show, Sentosa, tourism, family, evening activity",Not verified
WTS Travel,"AMK Hub, 53 Ang Mo Kio Avenue 3, #02-37",569933,1/4/2026,31/3/2027,"BLACK PASSION MEMBERSHIP PRIVILEGE:
- 5% off regular-priced Free & Easy packages (Malaysia)

PASSION SILVER / PLATINUM MEMBERSHIP PRIVILEGE:
- 6% off regular-priced Free & Easy packages (Malaysia)","travel, tours, holidays, flights, hotels, sightseeing, travel packages",Not verified
WTS Travel,"Causeway Point, 1 Woodlands Square, #05-19",738099,1/4/2026,31/3/2027,"BLACK PASSION MEMBERSHIP PRIVILEGE:
- 5% off regular-priced Free & Easy packages (Malaysia)

PASSION SILVER / PLATINUM MEMBERSHIP PRIVILEGE:
- 6% off regular-priced Free & Easy packages (Malaysia)","travel, tours, holidays, flights, hotels, sightseeing, travel packages",Not verified
WTS Travel,"Downtown East, 1 Pasir Ris Close, #01-315",519599,1/4/2026,31/3/2027,"BLACK PASSION MEMBERSHIP PRIVILEGE:
- 5% off regular-priced Free & Easy packages (Malaysia)

PASSION SILVER / PLATINUM MEMBERSHIP PRIVILEGE:
- 6% off regular-priced Free & Easy packages (Malaysia)","travel, tours, holidays, flights, hotels, sightseeing, travel packages",Not verified
WTS Travel,"Jurong Point, 63 Jurong West Central 3, #03-129",648886,1/4/2026,31/3/2027,"BLACK PASSION MEMBERSHIP PRIVILEGE:
- 5% off regular-priced Free & Easy packages (Malaysia)

PASSION SILVER / PLATINUM MEMBERSHIP PRIVILEGE:
- 6% off regular-priced Free & Easy packages (Malaysia)","travel, tours, holidays, flights, hotels, sightseeing, travel packages",Not verified
WTS Travel,"Lot One Shoppers' Mall, 21 Choa Chu Kang Avenue 4, #03-18",689812,1/4/2026,31/3/2027,"BLACK PASSION MEMBERSHIP PRIVILEGE:
- 5% off regular-priced Free & Easy packages (Malaysia)

PASSION SILVER / PLATINUM MEMBERSHIP PRIVILEGE:
- 6% off regular-priced Free & Easy packages (Malaysia)","travel, tours, holidays, flights, hotels, sightseeing, travel packages",Not verified
WTS Travel,"Our Tampines Hub, 1 Tampines Walk, #B1-38",528523,1/4/2026,31/3/2027,"BLACK PASSION MEMBERSHIP PRIVILEGE:
- 5% off regular-priced Free & Easy packages (Malaysia)

PASSION SILVER / PLATINUM MEMBERSHIP PRIVILEGE:
- 6% off regular-priced Free & Easy packages (Malaysia)","travel, tours, holidays, flights, hotels, sightseeing, travel packages",Not verified
WTS Travel,"Suntec City Mall, 3 Temasek Boulevard, #01-484/485/486",38983,1/4/2026,31/3/2027,"BLACK PASSION MEMBERSHIP PRIVILEGE:
- 5% off regular-priced Free & Easy packages (Malaysia)

PASSION SILVER / PLATINUM MEMBERSHIP PRIVILEGE:
- 6% off regular-priced Free & Easy packages (Malaysia)","travel, tours, holidays, flights, hotels, sightseeing, travel packages",Not verified
WTS Travel,"The Woodleigh Mall, 11 Bidadari Park Drive, #B1-17",367803,1/4/2026,31/3/2027,"BLACK PASSION MEMBERSHIP PRIVILEGE:
- 5% off regular-priced Free & Easy packages (Malaysia)

PASSION SILVER / PLATINUM MEMBERSHIP PRIVILEGE:
- 6% off regular-priced Free & Easy packages (Malaysia)","travel, tours, holidays, flights, hotels, sightseeing, travel packages",Not verified
Xcape Singapore,"Bugis Village, 161 Rochor Road",188436,1/6/2026,30/5/2027,"BLACK PASSION MEMBERSHIP PRIVILEGE:
- 15% off Standard Price ticket (Mon - Fri)

PASSION SILVER / PLATINUM MEMBERSHIP PRIVILEGE:
- 20% off Standard Price ticket (Mon - Fri)","entertainment, escape room, games, puzzles, youth, friends, team building",Not verified
XI DE LI,"Clementi, Blk 448 Clementi Avenue 3, #01-39",120448,1/4/2026,31/3/2027,"PASSION MEMBERSHIP PRIVILEGES:
- Free 1 selected item (worth $1.20 - $1.40 each) with any purchase of 5 items","food, bakery, pastries, traditional Chinese pastries, snacks, confectionery",Not verified
XI DE LI,"Our Tampines Hub, 1 Tampines Walk, #B1-K15",528523,1/4/2026,31/3/2027,"PASSION MEMBERSHIP PRIVILEGES:
- Free 1 selected item (worth $1.20 - $1.40 each) with any purchase of 5 items","food, bakery, pastries, traditional Chinese pastries, snacks, confectionery",Not verified
XI DE LI,"Yew Tee Point, 21 Choa Chu Kang North 6, #B1-38",689578,1/4/2026,31/3/2027,"PASSION MEMBERSHIP PRIVILEGES:
- Free 1 selected item (worth $1.20 - $1.40 each) with any purchase of 5 items","food, bakery, pastries, traditional Chinese pastries, snacks, confectionery",Not verified
YAN XI TANG,"East Village, 430 Upper Changi Road, #01-37",487048,1/6/2024,31/12/2026,"PASSION MEMBERSHIP PRIVILEGE:
- 1-for-1 Golden Pearl Milk Tea (L) U.P. $9.60
- 1-for-1 Fruit Tea with Aloe Vera (L) U.P. $12","TCM, traditional Chinese medicine, health, wellness, herbs, supplements",Not verified
YAN XI TANG,"Kembangan MRT Station, 55 Sims Avenue East, #01-05",416551,1/6/2024,31/12/2026,"PASSION MEMBERSHIP PRIVILEGE:
- 1-for-1 Golden Pearl Milk Tea (L) U.P. $9.60
- 1-for-1 Fruit Tea with Aloe Vera (L) U.P. $12","TCM, traditional Chinese medicine, health, wellness, herbs, supplements",Not verified
YAN XI TANG,"West Coast, 1 West Coast Drive, #01-K26",128020,1/6/2024,31/12/2026,"PASSION MEMBERSHIP PRIVILEGE:
- 1-for-1 Golden Pearl Milk Tea (L) U.P. $9.60
- 1-for-1 Fruit Tea with Aloe Vera (L) U.P. $12","TCM, traditional Chinese medicine, health, wellness, herbs, supplements",Not verified
York Hotel Singapore,"York Hotel Singapore, 21 Mount Elizabeth",228516,1/2/2026,31/1/2027,"PASSION MEMBERSHIP PRIVILEGES:
- 5% off Flexible Rates and a host of privileges with min. 2 nights’ stay. Enjoy upgrade to Deluxe Room for bookings made 21 days in advance (Promo code: PASSION5)
- 10% off 'Treasured Flavours of Singapore' a la carte lunch buffet at White Rose Café
  - Mondays to Fridays: U.P. $38++ per Adult, $23++ per Child","hotel, accommodation, travel, Orchard, staycation, dining, meetings",Not verified
York Hotel Singapore,"White Rose Café, 21 Mount Elizabeth, Lobby Level",228516,1/2/2026,31/1/2027,"PASSION MEMBERSHIP PRIVILEGES:
- 5% off Flexible Rates and a host of privileges with min. 2 nights’ stay. Enjoy upgrade to Deluxe Room for bookings made 21 days in advance (Promo code: PASSION5)
- 10% off 'Treasured Flavours of Singapore' a la carte lunch buffet at White Rose Café
  - Mondays to Fridays: U.P. $38++ per Adult, $23++ per Child","hotel, accommodation, travel, Orchard, staycation, dining, meetings",Not verified
YOTELAIR Singapore Changi Airport,"78 Airport Boulevard, #04-280, Singapore Changi Airport",819666,1/4/2026,31/3/2027,"BLACK PASSION MEMBERSHIP PRIVILEGES:
- 15% off best available room rates
- $100++ (U.P. $120++) for 4 hours of day stay in Premium Queen Cabin

PASSION SILVER / PLATINUM MEMBERSHIP PRIVILEGES:
- 15% off best available room rates
- Complimentary 2 hours early check-in or 2 hours late check-out
- $100++ (U.P. $120++) for 4 hours of day stay in Premium Queen Cabin","hotel, airport hotel, accommodation, Changi Airport, travel, transit, short stay",Not verified
Young Hearts,"AMK Hub, 53 Ang Mo Kio Avenue 3, #02-41",569933,1/11/2025,31/10/2026,"BLACK PASSION MEMBERSHIP PRIVILEGES:
- In-store: 15% off regular-priced items
- Online: 15% off regular-priced items with a minimum spending of $100 (Promo code: YHPABC15)

PASSION SILVER / PLATINUM MEMBERSHIP PRIVILEGES:
- In-store: 20% off regular-priced items
- Online: 20% off regular-priced items with a minimum spending of $100 (Promo code: YHPASC20)","fashion, womenswear, apparel, clothing, women, accessories, lifestyle",Not verified
Young Hearts,"Bedok Mall, 311 New Upper Changi Road, #B1-32",467360,1/11/2025,31/10/2026,"BLACK PASSION MEMBERSHIP PRIVILEGES:
- In-store: 15% off regular-priced items
- Online: 15% off regular-priced items with a minimum spending of $100 (Promo code: YHPABC15)

PASSION SILVER / PLATINUM MEMBERSHIP PRIVILEGES:
- In-store: 20% off regular-priced items
- Online: 20% off regular-priced items with a minimum spending of $100 (Promo code: YHPASC20)","fashion, womenswear, apparel, clothing, women, accessories, lifestyle",Not verified
Young Hearts,"Bugis Junction, 200 Victoria Street, #03-14",188021,1/11/2025,31/10/2026,"BLACK PASSION MEMBERSHIP PRIVILEGES:
- In-store: 15% off regular-priced items
- Online: 15% off regular-priced items with a minimum spending of $100 (Promo code: YHPABC15)

PASSION SILVER / PLATINUM MEMBERSHIP PRIVILEGES:
- In-store: 20% off regular-priced items
- Online: 20% off regular-priced items with a minimum spending of $100 (Promo code: YHPASC20)","fashion, womenswear, apparel, clothing, women, accessories, lifestyle",Not verified
Young Hearts,"Century Square, 2 Tampines Central 5, #02-04",529509,1/11/2025,31/10/2026,"BLACK PASSION MEMBERSHIP PRIVILEGES:
- In-store: 15% off regular-priced items
- Online: 15% off regular-priced items with a minimum spending of $100 (Promo code: YHPABC15)

PASSION SILVER / PLATINUM MEMBERSHIP PRIVILEGES:
- In-store: 20% off regular-priced items
- Online: 20% off regular-priced items with a minimum spending of $100 (Promo code: YHPASC20)","fashion, womenswear, apparel, clothing, women, accessories, lifestyle",Not verified
Young Hearts,"Changi City Point, 5 Changi Business Park Central 1, #01-24",486038,1/11/2025,31/10/2026,"BLACK PASSION MEMBERSHIP PRIVILEGES:
- In-store: 15% off regular-priced items
- Online: 15% off regular-priced items with a minimum spending of $100 (Promo code: YHPABC15)

PASSION SILVER / PLATINUM MEMBERSHIP PRIVILEGES:
- In-store: 20% off regular-priced items
- Online: 20% off regular-priced items with a minimum spending of $100 (Promo code: YHPASC20)","fashion, womenswear, apparel, clothing, women, accessories, lifestyle",Not verified
Young Hearts,"Compass One, 1 Sengkang Square, #02-14",545078,1/11/2025,31/10/2026,"BLACK PASSION MEMBERSHIP PRIVILEGES:
- In-store: 15% off regular-priced items
- Online: 15% off regular-priced items with a minimum spending of $100 (Promo code: YHPABC15)

PASSION SILVER / PLATINUM MEMBERSHIP PRIVILEGES:
- In-store: 20% off regular-priced items
- Online: 20% off regular-priced items with a minimum spending of $100 (Promo code: YHPASC20)","fashion, womenswear, apparel, clothing, women, accessories, lifestyle",Not verified
Young Hearts,"Harbourfront Centre, 1 Maritime Square, #02-91",99253,1/11/2025,31/10/2026,"BLACK PASSION MEMBERSHIP PRIVILEGES:
- In-store: 15% off regular-priced items
- Online: 15% off regular-priced items with a minimum spending of $100 (Promo code: YHPABC15)

PASSION SILVER / PLATINUM MEMBERSHIP PRIVILEGES:
- In-store: 20% off regular-priced items
- Online: 20% off regular-priced items with a minimum spending of $100 (Promo code: YHPASC20)","fashion, womenswear, apparel, clothing, women, accessories, lifestyle",Not verified
Young Hearts,"Heartland Mall, 205 Hougang Street 21, #02-04",530205,1/11/2025,31/10/2026,"BLACK PASSION MEMBERSHIP PRIVILEGES:
- In-store: 15% off regular-priced items
- Online: 15% off regular-priced items with a minimum spending of $100 (Promo code: YHPABC15)

PASSION SILVER / PLATINUM MEMBERSHIP PRIVILEGES:
- In-store: 20% off regular-priced items
- Online: 20% off regular-priced items with a minimum spending of $100 (Promo code: YHPASC20)","fashion, womenswear, apparel, clothing, women, accessories, lifestyle",Not verified
Young Hearts,"Hillion Mall, 17 Petir Road, #B1-06",678278,1/11/2025,31/10/2026,"BLACK PASSION MEMBERSHIP PRIVILEGES:
- In-store: 15% off regular-priced items
- Online: 15% off regular-priced items with a minimum spending of $100 (Promo code: YHPABC15)

PASSION SILVER / PLATINUM MEMBERSHIP PRIVILEGES:
- In-store: 20% off regular-priced items
- Online: 20% off regular-priced items with a minimum spending of $100 (Promo code: YHPASC20)","fashion, womenswear, apparel, clothing, women, accessories, lifestyle",Not verified
Young Hearts,"Hougang Mall, 90 Hougang Avenue 10, #02-03",538766,1/11/2025,31/10/2026,"BLACK PASSION MEMBERSHIP PRIVILEGES:
- In-store: 15% off regular-priced items
- Online: 15% off regular-priced items with a minimum spending of $100 (Promo code: YHPABC15)

PASSION SILVER / PLATINUM MEMBERSHIP PRIVILEGES:
- In-store: 20% off regular-priced items
- Online: 20% off regular-priced items with a minimum spending of $100 (Promo code: YHPASC20)","fashion, womenswear, apparel, clothing, women, accessories, lifestyle",Not verified
Young Hearts,"Jem, 50 Jurong Gateway Road, #02-17",608550,1/11/2025,31/10/2026,"BLACK PASSION MEMBERSHIP PRIVILEGES:
- In-store: 15% off regular-priced items
- Online: 15% off regular-priced items with a minimum spending of $100 (Promo code: YHPABC15)

PASSION SILVER / PLATINUM MEMBERSHIP PRIVILEGES:
- In-store: 20% off regular-priced items
- Online: 20% off regular-priced items with a minimum spending of $100 (Promo code: YHPASC20)","fashion, womenswear, apparel, clothing, women, accessories, lifestyle",Not verified
Young Hearts,"Jurong Point, 63 Jurong West Central 3, #03-15",648331,1/11/2025,31/10/2026,"BLACK PASSION MEMBERSHIP PRIVILEGES:
- In-store: 15% off regular-priced items
- Online: 15% off regular-priced items with a minimum spending of $100 (Promo code: YHPABC15)

PASSION SILVER / PLATINUM MEMBERSHIP PRIVILEGES:
- In-store: 20% off regular-priced items
- Online: 20% off regular-priced items with a minimum spending of $100 (Promo code: YHPASC20)","fashion, womenswear, apparel, clothing, women, accessories, lifestyle",Not verified
Young Hearts,"Lot One Shoppers' Mall, 21 Choa Chu Kang Avenue 4, #02-17",689812,1/11/2025,31/10/2026,"BLACK PASSION MEMBERSHIP PRIVILEGES:
- In-store: 15% off regular-priced items
- Online: 15% off regular-priced items with a minimum spending of $100 (Promo code: YHPABC15)

PASSION SILVER / PLATINUM MEMBERSHIP PRIVILEGES:
- In-store: 20% off regular-priced items
- Online: 20% off regular-priced items with a minimum spending of $100 (Promo code: YHPASC20)","fashion, womenswear, apparel, clothing, women, accessories, lifestyle",Not verified
Young Hearts,"NEX, 23 Serangoon Central, #02-23",556083,1/11/2025,31/10/2026,"BLACK PASSION MEMBERSHIP PRIVILEGES:
- In-store: 15% off regular-priced items
- Online: 15% off regular-priced items with a minimum spending of $100 (Promo code: YHPABC15)

PASSION SILVER / PLATINUM MEMBERSHIP PRIVILEGES:
- In-store: 20% off regular-priced items
- Online: 20% off regular-priced items with a minimum spending of $100 (Promo code: YHPASC20)","fashion, womenswear, apparel, clothing, women, accessories, lifestyle",Not verified
Young Hearts,"Northpoint City, 930 Yishun Avenue 2, #02-34",769098,1/11/2025,31/10/2026,"BLACK PASSION MEMBERSHIP PRIVILEGES:
- In-store: 15% off regular-priced items
- Online: 15% off regular-priced items with a minimum spending of $100 (Promo code: YHPABC15)

PASSION SILVER / PLATINUM MEMBERSHIP PRIVILEGES:
- In-store: 20% off regular-priced items
- Online: 20% off regular-priced items with a minimum spending of $100 (Promo code: YHPASC20)","fashion, womenswear, apparel, clothing, women, accessories, lifestyle",Not verified
Young Hearts,"Pasir Ris Mall, 7 Pasir Ris Central, #02-37",519612,1/11/2025,31/10/2026,"BLACK PASSION MEMBERSHIP PRIVILEGES:
- In-store: 15% off regular-priced items
- Online: 15% off regular-priced items with a minimum spending of $100 (Promo code: YHPABC15)

PASSION SILVER / PLATINUM MEMBERSHIP PRIVILEGES:
- In-store: 20% off regular-priced items
- Online: 20% off regular-priced items with a minimum spending of $100 (Promo code: YHPASC20)","fashion, womenswear, apparel, clothing, women, accessories, lifestyle",Not verified
Young Hearts,"SingPost Centre, 10 Eunos Road 8, #01-104",408600,1/11/2025,31/10/2026,"BLACK PASSION MEMBERSHIP PRIVILEGES:
- In-store: 15% off regular-priced items
- Online: 15% off regular-priced items with a minimum spending of $100 (Promo code: YHPABC15)

PASSION SILVER / PLATINUM MEMBERSHIP PRIVILEGES:
- In-store: 20% off regular-priced items
- Online: 20% off regular-priced items with a minimum spending of $100 (Promo code: YHPASC20)","fashion, womenswear, apparel, clothing, women, accessories, lifestyle",Not verified
Young Hearts,"Suntec City Mall, 3 Temasek Boulevard, #02-438",38983,1/11/2025,31/10/2026,"BLACK PASSION MEMBERSHIP PRIVILEGES:
- In-store: 15% off regular-priced items
- Online: 15% off regular-priced items with a minimum spending of $100 (Promo code: YHPABC15)

PASSION SILVER / PLATINUM MEMBERSHIP PRIVILEGES:
- In-store: 20% off regular-priced items
- Online: 20% off regular-priced items with a minimum spending of $100 (Promo code: YHPASC20)","fashion, womenswear, apparel, clothing, women, accessories, lifestyle",Not verified
Young Hearts,"The Clementi Mall, 3155 Commonwealth Avenue West, #03-32",129588,1/11/2025,31/10/2026,"BLACK PASSION MEMBERSHIP PRIVILEGES:
- In-store: 15% off regular-priced items
- Online: 15% off regular-priced items with a minimum spending of $100 (Promo code: YHPABC15)

PASSION SILVER / PLATINUM MEMBERSHIP PRIVILEGES:
- In-store: 20% off regular-priced items
- Online: 20% off regular-priced items with a minimum spending of $100 (Promo code: YHPASC20)","fashion, womenswear, apparel, clothing, women, accessories, lifestyle",Not verified
Young Hearts,"Waterway Point, 83 Punggol Central, #B1-38",828761,1/11/2025,31/10/2026,"BLACK PASSION MEMBERSHIP PRIVILEGES:
- In-store: 15% off regular-priced items
- Online: 15% off regular-priced items with a minimum spending of $100 (Promo code: YHPABC15)

PASSION SILVER / PLATINUM MEMBERSHIP PRIVILEGES:
- In-store: 20% off regular-priced items
- Online: 20% off regular-priced items with a minimum spending of $100 (Promo code: YHPASC20)","fashion, womenswear, apparel, clothing, women, accessories, lifestyle",Not verified
Young Hearts,"Westgate, 3 Gateway Drive, #B1-42",608532,1/11/2025,31/10/2026,"BLACK PASSION MEMBERSHIP PRIVILEGES:
- In-store: 15% off regular-priced items
- Online: 15% off regular-priced items with a minimum spending of $100 (Promo code: YHPABC15)

PASSION SILVER / PLATINUM MEMBERSHIP PRIVILEGES:
- In-store: 20% off regular-priced items
- Online: 20% off regular-priced items with a minimum spending of $100 (Promo code: YHPASC20)","fashion, womenswear, apparel, clothing, women, accessories, lifestyle",Not verified
Yue Hwa Chinese Products,"Chinatown, 70 Eu Tong Sen Street",59805,1/5/2025,30/4/2026,"PASSION MEMBERSHIP PRIVILEGE:
- 5% off white-label products

PASSION SILVER MEMBERSHIP PRIVILEGE:
- 10% off white-label products","Chinese products, gifts, tea, food, wellness, herbs, household, traditional products, Chinese medicine",Not verified
Yue Hwa Chinese Products,"Jurong Point, 63 Jurong West Central 3, #03-05/06/07",648331,1/5/2025,30/4/2026,"PASSION MEMBERSHIP PRIVILEGE:
- 5% off white-label products

PASSION SILVER MEMBERSHIP PRIVILEGE:
- 10% off white-label products","Chinese products, gifts, tea, food, wellness, herbs, household, traditional products, Chinese medicine",Not verified
Yue Hwa Chinese Products,"NEX, 23 Serangoon Central, #03-21",556083,1/5/2025,30/4/2026,"PASSION MEMBERSHIP PRIVILEGE:
- 5% off white-label products

PASSION SILVER MEMBERSHIP PRIVILEGE:
- 10% off white-label products","Chinese products, gifts, tea, food, wellness, herbs, household, traditional products, Chinese medicine",Not verified
Yum Cha Restaurant,"Chinatown, 20 Trengganu Street (Off Temple Street), #02-01",58479,1/10/2025,30/9/2026,"PASSION SILVER MEMBERSHIP PRIVILEGES:   
- 20% off Weekday High Tea Dim Sum Buffet @ Chinatown (U.P. $32.80++)
- 20% off Weekday Dinner Buffet @ Changi (U.P. $32.80++)","food, Chinese food, dim sum, restaurant, yum cha, tea, dumplings, family dining",Not verified
Yum Cha Restaurant,"ESR BIZPARK @ Changi (Next to NTUC), 6 Changi Business Park Avenue 1, #01-33",486017,1/10/2025,30/9/2026,"PASSION SILVER MEMBERSHIP PRIVILEGES:   
- 20% off Weekday High Tea Dim Sum Buffet @ Chinatown (U.P. $32.80++)
- 20% off Weekday Dinner Buffet @ Changi (U.P. $32.80++)","food, Chinese food, dim sum, restaurant, yum cha, tea, dumplings, family dining",Not verified
Yummi House,"Burlington Square, 175 Bencoolen Street, #01-30",189649,1/9/2025,31/8/2027,"BLACK PASSION MEMBERSHIP PRIVILEGE:
- 20% off regular-priced Natural Wild Honey Products

PASSION SILVER / PLATINUM MEMBERSHIP PRIVILEGES:
- 20% off regular-priced Natural Wild Honey Products
- 1 free freshly brewed Natural Wild Honey Drink (worth $6.90)","food, snacks, confectionery, Chinese snacks, pastries, gifts, grocery",Not verified
Yummi House,"Northpoint City, 1 Northpoint Drive, #B1-158, South Wing",768019,1/9/2025,31/8/2027,"BLACK PASSION MEMBERSHIP PRIVILEGE:
- 20% off regular-priced Natural Wild Honey Products

PASSION SILVER / PLATINUM MEMBERSHIP PRIVILEGES:
- 20% off regular-priced Natural Wild Honey Products
- 1 free freshly brewed Natural Wild Honey Drink (worth $6.90)","food, snacks, confectionery, Chinese snacks, pastries, gifts, grocery",Not verified
Yummi House,"Oxley Bizhub, 65 Ubi Road 1, #01-72 and #01-73",408729,1/9/2025,31/8/2027,"BLACK PASSION MEMBERSHIP PRIVILEGE:
- 20% off regular-priced Natural Wild Honey Products

PASSION SILVER / PLATINUM MEMBERSHIP PRIVILEGES:
- 20% off regular-priced Natural Wild Honey Products
- 1 free freshly brewed Natural Wild Honey Drink (worth $6.90)","food, snacks, confectionery, Chinese snacks, pastries, gifts, grocery",Not verified
ZTP Ginseng Birdnest,"AMK Hub, 53 Ang Mo Kio Avenue 3, #B2-07",569933,1/1/2026,31/12/2026,"PASSION MEMBERSHIP PRIVILEGE:
- 25% off Special Grade Bird's Nest With Rock Sugar (150g) (U.P. $22)","health, wellness, traditional supplements, bird nest, ginseng, tonic, gifts",Not verified
ZTP Ginseng Birdnest,"Bedok North, Blk 205 Bedok North Street 1, #01-375",460205,1/1/2026,31/12/2026,"PASSION MEMBERSHIP PRIVILEGE:
- 25% off Special Grade Bird's Nest With Rock Sugar (150g) (U.P. $22)","health, wellness, traditional supplements, bird nest, ginseng, tonic, gifts",Not verified
ZTP Ginseng Birdnest,"Bishan Street, Blk 282 Bishan Street 22, #01-107",570282,1/1/2026,31/12/2026,"PASSION MEMBERSHIP PRIVILEGE:
- 25% off Special Grade Bird's Nest With Rock Sugar (150g) (U.P. $22)","health, wellness, traditional supplements, bird nest, ginseng, tonic, gifts",Not verified
ZTP Ginseng Birdnest,"Bukit Batok, Blk 157 Bukit Batok Street 11, #01-202",650157,1/1/2026,31/12/2026,"PASSION MEMBERSHIP PRIVILEGE:
- 25% off Special Grade Bird's Nest With Rock Sugar (150g) (U.P. $22)","health, wellness, traditional supplements, bird nest, ginseng, tonic, gifts",Not verified
ZTP Ginseng Birdnest,"Bukit Panjang New Town, Blk 260 Bangkit Road, #01-21",670260,1/1/2026,31/12/2026,"PASSION MEMBERSHIP PRIVILEGE:
- 25% off Special Grade Bird's Nest With Rock Sugar (150g) (U.P. $22)","health, wellness, traditional supplements, bird nest, ginseng, tonic, gifts",Not verified
ZTP Ginseng Birdnest,"Clementi, Blk 442 Clementi Avenue 3, #01-105",120442,1/1/2026,31/12/2026,"PASSION MEMBERSHIP PRIVILEGE:
- 25% off Special Grade Bird's Nest With Rock Sugar (150g) (U.P. $22)","health, wellness, traditional supplements, bird nest, ginseng, tonic, gifts",Not verified
ZTP Ginseng Birdnest,"East Link Mall, 8 Tampines Central 1, #01-13",529543,1/1/2026,31/12/2026,"PASSION MEMBERSHIP PRIVILEGE:
- 25% off Special Grade Bird's Nest With Rock Sugar (150g) (U.P. $22)","health, wellness, traditional supplements, bird nest, ginseng, tonic, gifts",Not verified
ZTP Ginseng Birdnest,"Hillion Mall, 17 Petir Road, #B2-19",678278,1/1/2026,31/12/2026,"PASSION MEMBERSHIP PRIVILEGE:
- 25% off Special Grade Bird's Nest With Rock Sugar (150g) (U.P. $22)","health, wellness, traditional supplements, bird nest, ginseng, tonic, gifts",Not verified
ZTP Ginseng Birdnest,"Hougang Central, Blk 811 Hougang Central, #01-198",530811,1/1/2026,31/12/2026,"PASSION MEMBERSHIP PRIVILEGE:
- 25% off Special Grade Bird's Nest With Rock Sugar (150g) (U.P. $22)","health, wellness, traditional supplements, bird nest, ginseng, tonic, gifts",Not verified
ZTP Ginseng Birdnest,"IMM, 2 Jurong East Street 21, #01-86A",609601,1/1/2026,31/12/2026,"PASSION MEMBERSHIP PRIVILEGE:
- 25% off Special Grade Bird's Nest With Rock Sugar (150g) (U.P. $22)","health, wellness, traditional supplements, bird nest, ginseng, tonic, gifts",Not verified
ZTP Ginseng Birdnest,"Jem, 50 Jurong Gateway Road, #B1-45",608549,1/1/2026,31/12/2026,"PASSION MEMBERSHIP PRIVILEGE:
- 25% off Special Grade Bird's Nest With Rock Sugar (150g) (U.P. $22)","health, wellness, traditional supplements, bird nest, ginseng, tonic, gifts",Not verified
ZTP Ginseng Birdnest,"Jurong Gateway Road, Blk 132 Jurong Gateway Road, #01-289",600132,1/1/2026,31/12/2026,"PASSION MEMBERSHIP PRIVILEGE:
- 25% off Special Grade Bird's Nest With Rock Sugar (150g) (U.P. $22)","health, wellness, traditional supplements, bird nest, ginseng, tonic, gifts",Not verified
ZTP Ginseng Birdnest,"Jurong Point, 63 Jurong West Central 3, #03-08/09",648331,1/1/2026,31/12/2026,"PASSION MEMBERSHIP PRIVILEGE:
- 25% off Special Grade Bird's Nest With Rock Sugar (150g) (U.P. $22)","health, wellness, traditional supplements, bird nest, ginseng, tonic, gifts",Not verified
ZTP Ginseng Birdnest,"Jurong West, Blk 503 Jurong West Avenue 1, #01-833",640503,1/1/2026,31/12/2026,"PASSION MEMBERSHIP PRIVILEGE:
- 25% off Special Grade Bird's Nest With Rock Sugar (150g) (U.P. $22)","health, wellness, traditional supplements, bird nest, ginseng, tonic, gifts",Not verified
ZTP Ginseng Birdnest,"Jurong West, Blk 960 Jurong West Street 92, #01-174",640960,1/1/2026,31/12/2026,"PASSION MEMBERSHIP PRIVILEGE:
- 25% off Special Grade Bird's Nest With Rock Sugar (150g) (U.P. $22)","health, wellness, traditional supplements, bird nest, ginseng, tonic, gifts",Not verified
ZTP Ginseng Birdnest,"New Upper Changi Road, Blk 57 New Upper Changi Road, #01-1354",461057,1/1/2026,31/12/2026,"PASSION MEMBERSHIP PRIVILEGE:
- 25% off Special Grade Bird's Nest With Rock Sugar (150g) (U.P. $22)","health, wellness, traditional supplements, bird nest, ginseng, tonic, gifts",Not verified
ZTP Ginseng Birdnest,"Northpoint City, 930 Yishun Avenue 2, #B1-28/29",769098,1/1/2026,31/12/2026,"PASSION MEMBERSHIP PRIVILEGE:
- 25% off Special Grade Bird's Nest With Rock Sugar (150g) (U.P. $22)","health, wellness, traditional supplements, bird nest, ginseng, tonic, gifts",Not verified
ZTP Ginseng Birdnest,"Parkway Parade, 80 Marine Parade Road, #B1-75/76",449269,1/1/2026,31/12/2026,"PASSION MEMBERSHIP PRIVILEGE:
- 25% off Special Grade Bird's Nest With Rock Sugar (150g) (U.P. $22)","health, wellness, traditional supplements, bird nest, ginseng, tonic, gifts",Not verified
ZTP Ginseng Birdnest,"Punggol Plaza, Blk 168 Punggol Field, #01-16",820168,1/1/2026,31/12/2026,"PASSION MEMBERSHIP PRIVILEGE:
- 25% off Special Grade Bird's Nest With Rock Sugar (150g) (U.P. $22)","health, wellness, traditional supplements, bird nest, ginseng, tonic, gifts",Not verified
ZTP Ginseng Birdnest,"1 Tanjong Pagar Plaza, #01-38",82001,1/1/2026,31/12/2026,"PASSION MEMBERSHIP PRIVILEGE:
- 25% off Special Grade Bird's Nest With Rock Sugar (150g) (U.P. $22)","health, wellness, traditional supplements, bird nest, ginseng, tonic, gifts",Not verified
ZTP Ginseng Birdnest,"Tampines, Blk 201D Tampines Street 21, #01-1129",524201,1/1/2026,31/12/2026,"PASSION MEMBERSHIP PRIVILEGE:
- 25% off Special Grade Bird's Nest With Rock Sugar (150g) (U.P. $22)","health, wellness, traditional supplements, bird nest, ginseng, tonic, gifts",Not verified
ZTP Ginseng Birdnest,"Tampines, Blk 826 Tampines Street 81, #01-78",520826,1/1/2026,31/12/2026,"PASSION MEMBERSHIP PRIVILEGE:
- 25% off Special Grade Bird's Nest With Rock Sugar (150g) (U.P. $22)","health, wellness, traditional supplements, bird nest, ginseng, tonic, gifts",Not verified
ZTP Ginseng Birdnest,"Tanglin Halt, Blk 88 Tanglin Halt Road, #01-01",141088,1/1/2026,31/12/2026,"PASSION MEMBERSHIP PRIVILEGE:
- 25% off Special Grade Bird's Nest With Rock Sugar (150g) (U.P. $22)","health, wellness, traditional supplements, bird nest, ginseng, tonic, gifts",Not verified
ZTP Ginseng Birdnest,"Tanjong Pagar Plaza, 1 Tanjong Pagar Plaza, #01-38",82001,1/1/2026,31/12/2026,"PASSION MEMBERSHIP PRIVILEGE:
- 25% off Special Grade Bird's Nest With Rock Sugar (150g) (U.P. $22)","health, wellness, traditional supplements, bird nest, ginseng, tonic, gifts",Not verified
ZTP Ginseng Birdnest,"Teck Whye Lane, Blk 141 Teck Whye Lane, #01-251",680141,1/1/2026,31/12/2026,"PASSION MEMBERSHIP PRIVILEGE:
- 25% off Special Grade Bird's Nest With Rock Sugar (150g) (U.P. $22)","health, wellness, traditional supplements, bird nest, ginseng, tonic, gifts",Not verified
ZTP Ginseng Birdnest,"The Poiz Centre, 51 Upper Serangoon Road, #01-21",347697,1/1/2026,31/12/2026,"PASSION MEMBERSHIP PRIVILEGE:
- 25% off Special Grade Bird's Nest With Rock Sugar (150g) (U.P. $22)","health, wellness, traditional supplements, bird nest, ginseng, tonic, gifts",Not verified
ZTP Ginseng Birdnest,"Tiong Bahru Plaza, 302 Tiong Bahru Road, #B1-117",168732,1/1/2026,31/12/2026,"PASSION MEMBERSHIP PRIVILEGE:
- 25% off Special Grade Bird's Nest With Rock Sugar (150g) (U.P. $22)","health, wellness, traditional supplements, bird nest, ginseng, tonic, gifts",Not verified
ZTP Ginseng Birdnest,"Toa Payoh HDB Hub, Blk 520 Toa Payoh Lorong 6, #01-62",310520,1/1/2026,31/12/2026,"PASSION MEMBERSHIP PRIVILEGE:
- 25% off Special Grade Bird's Nest With Rock Sugar (150g) (U.P. $22)","health, wellness, traditional supplements, bird nest, ginseng, tonic, gifts",Not verified
ZTP Ginseng Birdnest,"VivoCity, 1 Harbourfront Walk, #B2-12",98585,1/1/2026,31/12/2026,"PASSION MEMBERSHIP PRIVILEGE:
- 25% off Special Grade Bird's Nest With Rock Sugar (150g) (U.P. $22)","health, wellness, traditional supplements, bird nest, ginseng, tonic, gifts",Not verified
ZTP Ginseng Birdnest,"Waterway Point, 83 Punggol Central, #B2-27",828761,1/1/2026,31/12/2026,"PASSION MEMBERSHIP PRIVILEGE:
- 25% off Special Grade Bird's Nest With Rock Sugar (150g) (U.P. $22)","health, wellness, traditional supplements, bird nest, ginseng, tonic, gifts",Not verified
ZTP Ginseng Birdnest,"Woodlands, Blk 303 Woodlands Street 31, #01-201",730303,1/1/2026,31/12/2026,"PASSION MEMBERSHIP PRIVILEGE:
- 25% off Special Grade Bird's Nest With Rock Sugar (150g) (U.P. $22)","health, wellness, traditional supplements, bird nest, ginseng, tonic, gifts",Not verified
ZTP Ginseng Birdnest,"Yishun, Blk 846 Yishun Ring Road, #01-3631",760846,1/1/2026,31/12/2026,"PASSION MEMBERSHIP PRIVILEGE:
- 25% off Special Grade Bird's Nest With Rock Sugar (150g) (U.P. $22)","health, wellness, traditional supplements, bird nest, ginseng, tonic, gifts",Not verified
ZUS COFFEE,"ZUS COFFEE – Marina Bay Link Mall, 8A Marina Boulevard, Lot B2-09",18984,1/10/2025,30/9/2027,"PASSION MEMBERSHIP PRIVILEGE:
- 10% off one handcrafted drink (Promo code: ZS25PASSIONC10)","food, drinks, coffee, specialty coffee, espresso, latte, cafe, pastries, snacks, takeaway, halal food",Yes
ZUS COFFEE,"ZUS COFFEE – Northpoint City South Wing, 1 North Point Drive, #01-120/121",768019,1/10/2025,30/9/2027,"PASSION MEMBERSHIP PRIVILEGE:
- 10% off one handcrafted drink (Promo code: ZS25PASSIONC10)","food, drinks, coffee, specialty coffee, espresso, latte, cafe, pastries, snacks, takeaway, halal food",Yes
ZUS COFFEE,"ZUS COFFEE – Imbiah Lookout Sentosa, 42 Imbiah Road, #01-02/03/04",99701,1/10/2025,30/9/2027,"PASSION MEMBERSHIP PRIVILEGE:
- 10% off one handcrafted drink (Promo code: ZS25PASSIONC10)","food, drinks, coffee, specialty coffee, espresso, latte, cafe, pastries, snacks, takeaway, halal food",Yes
ZUS COFFEE,"ZUS COFFEE - Changi Airport Terminal 4 (Arrival Hall), 10 Airport Boulevard, #01-08",819665,1/10/2025,30/9/2027,"PASSION MEMBERSHIP PRIVILEGE:
- 10% off one handcrafted drink (Promo code: ZS25PASSIONC10)","food, drinks, coffee, specialty coffee, espresso, latte, cafe, pastries, snacks, takeaway, halal food",Yes
ZUS COFFEE,"ZUS COFFEE - Changi Airport Terminal 1 (Departure Hall) 80 Airport Boulevard, 02-03/04 ",819642,1/10/2025,30/9/2027,"PASSION MEMBERSHIP PRIVILEGE:
- 10% off one handcrafted drink (Promo code: ZS25PASSIONC10)","food, drinks, coffee, specialty coffee, espresso, latte, cafe, pastries, snacks, takeaway, halal food",Yes
ZUS COFFEE,"ZUS COFFEE – Westgate, 3 Gateway Drive, #02-25/26",608532,1/10/2025,30/9/2027,"PASSION MEMBERSHIP PRIVILEGE:
- 10% off one handcrafted drink (Promo code: ZS25PASSIONC10)","food, drinks, coffee, specialty coffee, espresso, latte, cafe, pastries, snacks, takeaway, halal food",Yes
OTH - Achievers Arts & Crafts,"Our Tampines Hub - 1 Tampines Walk, #02-86",528523,10/10/2022,15/11/2028,"PASSION MEMBERSHIP PRIVILEGE:
- 10% discount","arts, crafts, DIY, hobby, children, youth, workshops, creative activities",Not verified
OTH - Ah Khoo Kopi Toast,"Our Tampines Hub - 1 Tampines Walk, #B1-39/K21",528523,10/1/2022,15/11/2028,"PASSION MEMBERSHIP PRIVILEGE:
- 5% discount","food, coffee, drinks, kopi, toast, kaya toast, breakfast, local food, snacks",Not verified
OTH - Chinese Instrumental Music School,"Our Tampines Hub - 1 Tampines Walk, #B1-22",528523,25/12/2019,22/12/2028,"PASSION MEMBERSHIP PRIVILEGE:
- 5% discount at OTH outlet only","music, education, Chinese instruments, music lessons, children, youth, enrichment",Not verified
OTH - Churros Republic,"Our Tampines Hub - 1 Tampines Walk, #B1-K28",528523,25/12/2019,11/10/2027,"PASSION MEMBERSHIP PRIVILEGE:
- 5% discount","food, desserts, churros, snacks, sweet treats, Spanish-style dessert, takeaway",Not verified
OTH - Crave,"Our Tampines Hub - 1 Tampines Walk, #01-106",528523,1/10/2022,28/4/2028,"PASSION MEMBERSHIP PRIVILEGE:
- 10% discount with a minimum spend of $10","food, Malay food, nasi lemak, local food, rice, fried chicken, drinks, takeaway, halal food",Yes
OTH - Cristofori Music School,"Our Tampines Hub - 1 Tampines Walk, #02-88",528523,10/10/2022,13/12/2028,"PASSION MEMBERSHIP PRIVILEGE:
- 5% discount on any merchandise purchase","music, education, piano, guitar, music lessons, children, youth, enrichment",Not verified
OTH - Cubesprout,"Our Tampines Hub - 1 Tampines Walk, #B1-32",528523,1/10/2022,15/2/2029,"PASSION MEMBERSHIP PRIVILEGE:
- 10% discount ","education, enrichment, children, youth, learning, classes",Not verified
OTH - D'PENYETZ,"Our Tampines Hub - 1 Tampines Walk, #B1-K3",528523,15/10/2024,16/8/2027,"PASSION MEMBERSHIP PRIVILEGE:
- 5% discount","food, Indonesian food, ayam penyet, rice, grilled chicken, sambal, casual dining",Not verified
OTH - Dutch Colony,"Our Tampines Hub - 1 Tampines Walk, #01-K8",528523,25/12/2019,28/8/2027,"PASSION MEMBERSHIP PRIVILEGE:
- 10% discount for food and beverages items purchase","food, coffee, cafe, specialty coffee, beans, espresso, brunch, drinks",Not verified
OTH - Edugrove Mandarin Enrichment Centre,"Our Tampines Hub - 1 Tampines Walk, #B1-53",528523,10/10/2022,8/3/2026,"PASSION MEMBERSHIP PRIVILEGE:
- Waiver of Registration Fee (u.p.: $54.50) for first time sign up","education, Mandarin, Chinese, tuition, enrichment, children, youth, language classes",Not verified
OTH - Encik Tan,"Our Tampines Hub - 1 Tampines Walk, #B1-53",528523,1/10/2022,15/11/2028,"PASSION MEMBERSHIP PRIVILEGE:
- 5 to 10% discount","food, hawker, Chinese food, noodles, rice, local food, snacks, drinks, halal food",Yes
OTH - Estee Cakes,"Our Tampines Hub - 1 Tampines Walk, #B1-52",528523,25/12/2019,26/7/2029,"PASSION MEMBERSHIP PRIVILEGE:
- 5% discount with any purchase","food, bakery, cakes, pastries, desserts, birthday cakes, celebration, gifting",Not verified
OTH - Eye Level,"Our Tampines Hub - 1 Tampines Walk, #B1-21A",528523,10/10/2022,3/12/2026,"PASSION MEMBERSHIP PRIVILEGE:
- Up to 10% discount","education, tuition, mathematics, English, enrichment, children, youth, learning",Not verified
OTH - Flymax,"Our Tampines Hub - 1 Tampines Walk, #01-98",528523,1/10/2022,15/11/2028,"PASSION MEMBERSHIP PRIVILEGE:
- 10% discount for all merchandise except for racquet re-string, coaching promotion items, grip & shuttlecocks","sports, fitness, recreation, activities, youth, family",Not verified
OTH - Fragrance Foodstuff,"Our Tampines Hub - 1 Tampines Walk, #B1-K17/K18",528523,1/10/2022,15/11/2028,"PASSION MEMBERSHIP PRIVILEGE:
- 25 to 40% discount","food, confectionery, snacks, sweets, Chinese New Year goodies, biscuits, gifts",Not verified
OTH - French American Bakery,"Our Tampines Hub - 1 Tampines Walk, #01-K7",528523,25/12/2019,24/3/2028,"PASSION MEMBERSHIP PRIVILEGE:
- 5% discount with a minimum spending of $10","food, bakery, bread, pastries, cakes, cookies, French bakery, snacks",Not verified
OTH - Gadget Mix,"Our Tampines Hub - 1 Tampines Walk, #B1-K19",528523,1/10/2022,16/12/2027,"PASSION MEMBERSHIP PRIVILEGE:
- 10% discount","electronics, gadgets, accessories, mobile, tech, chargers, cables, lifestyle",Not verified
OTH - Good Nectar,"Our Tampines Hub - 1 Tampines Walk, #B1-K12",528523,1/9/2026,13/12/2028,"PASSION MEMBERSHIP PRIVILEGE:
- 5% discount","food, beverages, drinks, health drinks, wellness, snacks, cafe",Not verified
OTH - Heguru Education Centre,"Our Tampines Hub - 1 Tampines Walk, #02-84/85",528523,10/10/2022,13/12/2028,"PASSION MEMBERSHIP PRIVILEGE:
- Enjoy $30 off term fee for new sign-ups","education, enrichment, learning, memory, children, youth, classes",Not verified
OTH - HoneyWorld,"Our Tampines Hub - 1 Tampines Walk, #B1-K25",528523,1/9/2026,13/5/2027,"PASSION MEMBERSHIP PRIVILEGE:
- 10% discount","food, honey, natural products, health food, wellness, gifts, snacks",Not verified
OTH - iTea,"Our Tampines Hub - 1 Tampines Walk, #B1-K29",528523,1/10/2022,12/7/2027,"PASSION MEMBERSHIP PRIVILEGE:
- 5% discount","food, drinks, bubble tea, boba, milk tea, tea, fruit tea, beverages, snacks",Not verified
OTH - JasonSally Hairdressers,"Our Tampines Hub - 1 Tampines Walk, #B1-33/34",528523,10/1/2022,13/12/2028,"PASSION MEMBERSHIP PRIVILEGE:
- 10% discount","beauty, hair, haircut, hairstyling, salon, hair treatment, personal care",Not verified
OTH - JH Kim Taekwondo,"Our Tampines Hub - 1 Tampines Walk, #B1-14",528523,10/10/2022,15/11/2028,"PASSION MEMBERSHIP PRIVILEGE:
- 10% discount ","sports, martial arts, taekwondo, fitness, self defence, children, youth",Not verified
OTH - K Voice Karaoke,"Our Tampines Hub, 1 Tampines Walk, #05-32",528523,25/12/2019,1/4/2029,"PASSION MEMBERSHIP PRIVILEGE:
- 5% discount","entertainment, karaoke, singing, music, youth, friends, family",Not verified
OTH - Kaffe & Toast,"Our Tampines Hub - 1 Tampines Walk, #B1-K8/K9",528523,22/10/2024,18/10/2027,"PASSION MEMBERSHIP PRIVILEGE:
- 10% discount","food, coffee, drinks, kaya toast, toast, breakfast, local food, snacks",Not verified
OTH - Kcuts,"Our Tampines Hub - 1 Tampines Walk, #B1-35",528523,25/12/2019,29/11/2028,"PASSION MEMBERSHIP PRIVILEGE:
- 10% discount","beauty, hair, haircut, salon, hairstyling, grooming, men, women",Not verified
OTH - Kebab Konafa,"Our Tampines Hub - 1 Tampines Walk, #B1-K24",528523,25/12/2019,14/11/2027,"PASSION MEMBERSHIP PRIVILEGE:
- 5% discount","food, Middle Eastern food, kebab, Turkish food, desserts, kunafa, wraps",Not verified
OTH - Kodecoon Academy,"Our Tampines Hub - 1 Tampines Walk, #B1-17/18",528523,25/12/2019,22/10/2026,"PASSION MEMBERSHIP PRIVILEGE:
- 5 to 10% discount at OTH outlet","education, coding, programming, STEM, children, youth, technology, enrichment",Not verified
OTH - Maslina,"Our Tampines Hub - 1 Tampines Walk, #B1-52B",528523,1/10/2022,14/12/2026,"PASSION MEMBERSHIP PRIVILEGE:
- 5% discount","food, Malay food, Indonesian food, rice, noodles, local food, restaurant",Not verified
OTH - Mr Bean,"Our Tampines Hub - 1 Tampines Walk, #01-83",528523,1/10/2022,15/11/2028,"PASSION MEMBERSHIP PRIVILEGE:
- 5% discount","food, drinks, soy milk, soya, pancakes, desserts, snacks, breakfast, takeaway, halal food",Yes
OTH - My English School Academy,"Our Tampines Hub - 1 Tampines Walk, #B1-15/16",528523,10/10/2022,15/11/2028,"PASSION MEMBERSHIP PRIVILEGE:
- 10% discount for first term","education, English, tuition, enrichment, children, youth, language classes",Not verified
OTH - Nam Kee Pau,"Our Tampines Hub - 1 Tampines Walk, #B1-K8/K9",528523,15/10/2024,9/9/2027,"PASSION MEMBERSHIP PRIVILEGE:
- 10% discount","food, Chinese food, buns, pau, dim sum, snacks, takeaway, breakfast",Not verified
OTH - Old Chang Kee,"Our Tampines Hub - 1 Tampines Walk, #01-105",528523,27/7/2025,26/7/2028,"PASSION MEMBERSHIP PRIVILEGE:
- 10% discount with a minimum spending of $10","food, snacks, curry puff, fried snacks, finger food, local food, takeaway, halal food",Yes
OTH - Ollella,"Our Tampines Hub - 1 Tampines Walk, #B1-K16",528523,1/9/2026,13/12/2028,"PASSION MEMBERSHIP PRIVILEGE:
- 5% discount","food, desserts, cakes, sweets, gifting, snacks",Not verified
OTH - Papa Ayam,"Our Tampines Hub - 1 Tampines Walk, #B1-K24",528523,15/10/2024,27/5/2027,"PASSION MEMBERSHIP PRIVILEGE:
- 10% discount","food, Indonesian food, chicken, fried chicken, ayam, rice, sambal, casual dining",Not verified
OTH - Pearl's Visioncare,"Our Tampines Hub - 1 Tampines Walk, #01-87",528523,1/10/2022,13/12/2028,"PASSION MEMBERSHIP PRIVILEGE:
- 25% discount on regular eyewear products except for promotional items","optical, eyewear, glasses, spectacles, contact lenses, eye care, sunglasses",Not verified
OTH - Pezzo,"Our Tampines Hub - 1 Tampines Walk, #B1-42",528523,1/9/2026,13/12/2028,"PASSION MEMBERSHIP PRIVILEGE:
- 10% discount","oth, pezzo",Yes
OTH - Pharmex Healthcare,"Our Tampines Hub - 1 Tampines Walk, #B1-02/03",528523,-,-,"PASSION MEMBERSHIP PRIVILEGE:
- 5% discount on regular priced items with a minimum spending of $80 in a single receipt for the following:
  1. ASSURE Medical Disposables Products
  2. ASSURE Rehab Products
  3. Bactishield Products","healthcare, pharmacy, medical supplies, health products, wellness, supplements",Not verified
OTH - Purple Panda,"Our Tampines Hub - 1 Tampines Walk, #B1-K8/K9",528523,15/10/2024,14/9/2027,"PASSION MEMBERSHIP PRIVILEGE:
- 10% discount","fashion, lifestyle, gifts, accessories, apparel",Not verified
OTH - Ri An TCM Clinic,"Our Tampines Hub - 1 Tampines Walk, #B1-31",528523,1/10/2022,13/12/2028,"PASSION MEMBERSHIP PRIVILEGE:
- 5% discount at OTH outlet only","TCM, traditional Chinese medicine, acupuncture, herbal medicine, wellness",Not verified
OTH - Rumah Makan Minang,"Our Tampines Hub - 1 Tampines Walk, #B1-47A",528523,25/12/2019,28/6/2026,"PASSION MEMBERSHIP PRIVILEGE:
- 10% discount","food, Indonesian food, Minangkabau, nasi padang, rice, curry",Not verified
OTH - Saap Saap Thai,"Our Tampines Hub - 1 Tampines Walk, #01-100",528523,1/10/2022,13/12/2028,"PASSION MEMBERSHIP PRIVILEGE:
- 10% discount with a minimum spending of $30","food, Thai food, noodles, rice, Thai cuisine, restaurant",Not verified
OTH - Mi-O Gifts,"Our Tampines Hub - 1 Tampines Walk, #01-89",528523,1/10/2022,28/2/2029,"PASSION MEMBERSHIP PRIVILEGE:
- 5% discount on regular priced items","gifts, souvenirs, lifestyle, accessories, stationery, gifting",Not verified
OTH - Salad Crunch,"Our Tampines Hub - 1 Tampines Walk, #B1-K13",528523,1/10/2022,20/12/2028,"PASSION MEMBERSHIP PRIVILEGE:
- 10% discount","food, healthy food, salads, bowls, wraps, vegetables, lunch, takeaway",Not verified
OTH - School of Concepts,"Our Tampines Hub - 1 Tampines Walk, #05-31",528523,10/10/2022,13/6/2027,"PASSION MEMBERSHIP PRIVILEGE:
- 10% discount for workshop merchandises","education, enrichment, children, youth, learning, tuition, classes",Not verified
OTH - Shiok Burger,"Our Tampines Hub - 1 Tampines Walk, #B1-K3",528523,25/12/2019,14/12/2027,"PASSION MEMBERSHIP PRIVILEGE:
- 10% discount","food, burgers, fast food, chicken, beef, fries, takeaway",Not verified
OTH - Singapore Red Cross Academy and Humanitarian Hub,"Our Tampines Hub - 1 Tampines Walk, #B1-11/12",528523,1/9/2026,31/5/2029,"PASSION MEMBERSHIP PRIVILEGE:
- 10% discount for selected training and activities","education, first aid, emergency response, humanitarian, volunteering, training, courses",Not verified
OTH - Swee Heng 1989 Classic,"Our Tampines Hub - 1 Tampines Walk, #B1-40/41",528523,1/10/2022,15/11/2028,"PASSION MEMBERSHIP PRIVILEGE:
- 10% discount for selected items","food, bakery, bread, cakes, pastries, buns, snacks, breakfast",Not verified
OTH - Tenderfresh Classic,"Our Tampines Hub - 1 Tampines Walk, #01-102",528523,1/10/2022,15/11/2028,"PASSION MEMBERSHIP PRIVILEGE:
- 10% discount","food, chicken, fried chicken, Western food, catering, rice, takeaway",Not verified
OTH - The Ballet School Singapore,"Our Tampines Hub - 1 Tampines Walk, #B1-51",528523,10/10/2022,14/3/2029,"PASSION MEMBERSHIP PRIVILEGE:
- 2% discount off","dance, ballet, education, children, youth, fitness, classes, enrichment",Not verified
OTH - The Nail Arcadia,"Our Tampines Hub - 1 Tampines Walk, #B1-37",528523,25/12/2019,29/4/2029,"PASSION MEMBERSHIP PRIVILEGE:
- 10% discount","beauty, nails, manicure, pedicure, nail art, personal care",Not verified
OTH - The Science Academy,"Our Tampines Hub - 1 Tampines Walk, #B1-19",528523,25/12/2019,8/10/2026,"PASSION MEMBERSHIP PRIVILEGE:
- 2% discount","education, science, STEM, children, youth, enrichment, tuition",Not verified
OTH - The Summer Acai,"Our Tampines Hub - 1 Tampines Walk, #B1-K31",528523,1/10/2022,22/12/2028,"PASSION MEMBERSHIP PRIVILEGE:
- 5% discount with a minimum spending of $10","food, healthy food, acai, smoothie bowls, fruit, desserts, wellness, snacks",Not verified
OTH - Tumble Joy Gymnastics,"Our Tampines Hub - 1 Tampines Walk, #B1-11/12",528523,10/10/2022,15/11/2028,"PASSION MEMBERSHIP PRIVILEGE:
- 5% off programme fees","sports, gymnastics, fitness, children, youth, classes, recreation",Not verified
OTH - Ultimed Healthcare Clinic,"Our Tampines Hub - 1 Tampines Walk, #05-31A",528523,1/9/2026,26/7/2028,"PASSION MEMBERSHIP PRIVILEGES:
- Health screening packages at OTH outlet: 
- Ultimed Essential - 15% discount
- Ultimed Care - 20% discount
- Ultimed Wellness - 20% discount","healthcare, medical clinic, doctors, family medicine, health screening",Not verified
OTH - White Bee Hoon,"Our Tampines Hub - 1 Tampines Walk, #01-86",528523,1/10/2022,6/3/2028,"PASSION MEMBERSHIP PRIVILEGE:
- 10% discount","food, Chinese food, bee hoon, noodles, seafood, restaurant, local food",Not verified
OTH - Yoga Inc,"Our Tampines Hub - 1 Tampines Walk, #B1-06/07",528523,1/10/2022,15/11/2028,"PASSION MEMBERSHIP PRIVILEGE:
- 10% discount at OTH outlet only","sports, fitness, yoga, wellness, exercise, classes, mindfulness",Not verified
OTH - Yoshinoya,"Our Tampines Hub - 1 Tampines Walk, #B1-K1/K2/K22",528523,1/5/2024,28/9/2026,"PASSION MEMBERSHIP PRIVILEGE:
- 5% discount ","food, Japanese food, gyudon, beef bowl, rice bowls, teishoku, casual dining, halal food",Yes
